cibil_score,applicant_income,coapplicant_income,loan_amount,loan_tenure_months,existing_debts,credit_card_utilization,delinquent_lines_2yrs,credit_history_years,employment_status,education,home_ownership,loan_purpose,loan_status
841,66000.0,0.0,230700.0,60,19700.0,0.55,0,14.8,Self-Employed,Graduate,RENT,Business,1
845,45100.0,0.0,52100.0,360,14600.0,0.25,2,4.8,Salaried,Graduate,MORTGAGE,Education,1
641,72300.0,23400.0,371900.0,36,41000.0,0.46,0,12.0,Salaried,Not Graduate,RENT,Personal,0
711,122200.0,0.0,125600.0,48,30200.0,0.22,0,1.7,Self-Employed,Graduate,MORTGAGE,Education,1
568,42600.0,0.0,27300.0,180,14500.0,0.19,2,9.7,Salaried,Not Graduate,RENT,Personal,0
760,42600.0,22500.0,135400.0,36,22600.0,0.24,0,9.5,Salaried,Post Graduate,RENT,Business,1
822,126400.0,43300.0,749700.0,24,24400.0,0.15,0,11.2,Business,Graduate,OWN,Home,1
693,77700.0,23200.0,95000.0,36,31400.0,0.47,0,10.5,Salaried,Graduate,MORTGAGE,Business,1
633,37000.0,33900.0,64300.0,180,16800.0,0.04,0,6.5,Salaried,Graduate,OWN,Personal,1
720,67900.0,0.0,238000.0,36,13500.0,0.23,0,0.5,Salaried,Graduate,MORTGAGE,Home,1
725,37100.0,0.0,64900.0,36,3700.0,0.47,0,1.3,Self-Employed,Graduate,RENT,Personal,1
696,37100.0,24000.0,205900.0,48,11200.0,0.54,0,0.5,Salaried,Graduate,RENT,Education,0
705,56700.0,37600.0,122600.0,120,12100.0,0.6,0,6.7,Business,Post Graduate,OWN,Home,1
675,15600.0,12400.0,65500.0,240,2500.0,0.18,0,13.7,Salaried,Graduate,RENT,Education,1
774,17400.0,0.0,27200.0,48,10200.0,0.58,0,4.3,Salaried,Post Graduate,OWN,Home,1
752,35000.0,31200.0,152700.0,240,10500.0,0.53,0,6.0,Salaried,Not Graduate,MORTGAGE,Personal,1
606,26700.0,0.0,95500.0,36,13700.0,0.55,0,5.0,Self-Employed,Post Graduate,OWN,Personal,0
604,59200.0,56800.0,411600.0,36,6900.0,0.84,2,9.2,Business,Post Graduate,RENT,Business,0
668,28400.0,22100.0,129400.0,240,16000.0,0.42,0,8.9,Salaried,Graduate,OWN,Vehicle,1
752,21000.0,56400.0,326100.0,48,10000.0,0.49,1,5.9,Salaried,Post Graduate,MORTGAGE,Vehicle,0
702,118100.0,19400.0,213800.0,36,57300.0,0.53,0,3.1,Salaried,Graduate,RENT,Personal,0
635,42800.0,52300.0,139000.0,48,10000.0,0.24,0,11.1,Business,Not Graduate,OWN,Personal,1
712,51000.0,40500.0,270400.0,120,14900.0,0.8,0,13.5,Salaried,Graduate,RENT,Personal,0
661,20900.0,17000.0,113100.0,120,7400.0,0.3,0,12.0,Self-Employed,Post Graduate,OWN,Home,1
764,35400.0,0.0,24300.0,180,16800.0,0.49,0,2.3,Salaried,Post Graduate,OWN,Home,1
718,52400.0,26200.0,230400.0,60,26700.0,0.21,0,0.5,Self-Employed,Post Graduate,RENT,Personal,0
663,24600.0,0.0,49100.0,180,1200.0,0.07,0,6.8,Business,Graduate,RENT,Home,1
709,61400.0,24100.0,298400.0,48,33300.0,0.59,0,14.9,Self-Employed,Graduate,OWN,Home,0
801,34200.0,23100.0,213900.0,60,19200.0,0.49,0,0.5,Business,Graduate,OWN,Education,0
641,41200.0,53300.0,256000.0,120,14700.0,0.11,0,5.9,Self-Employed,Post Graduate,RENT,Vehicle,0
724,34200.0,0.0,17300.0,48,3800.0,0.38,0,16.0,Unemployed,Post Graduate,MORTGAGE,Education,1
684,149000.0,0.0,453800.0,24,73200.0,0.12,0,12.9,Self-Employed,Graduate,MORTGAGE,Personal,0
726,48600.0,24000.0,253800.0,36,16000.0,0.22,0,9.2,Self-Employed,Graduate,OWN,Education,1
634,26000.0,61900.0,131500.0,60,12700.0,0.4,0,2.0,Business,Graduate,RENT,Personal,0
699,80300.0,19200.0,234700.0,36,39300.0,0.14,1,15.5,Salaried,Not Graduate,OWN,Education,0
784,23600.0,0.0,103000.0,24,1200.0,0.19,0,7.1,Salaried,Graduate,RENT,Home,1
610,55600.0,57700.0,191800.0,36,20300.0,0.52,0,0.5,Salaried,Graduate,MORTGAGE,Personal,0
577,15100.0,21500.0,51000.0,12,4400.0,0.39,1,15.2,Salaried,Graduate,RENT,Home,0
580,22100.0,0.0,29700.0,60,12500.0,0.71,0,2.8,Business,Graduate,RENT,Home,0
590,55200.0,0.0,151000.0,36,9800.0,0.59,0,23.9,Salaried,Post Graduate,MORTGAGE,Vehicle,0
740,76300.0,24900.0,435100.0,24,9400.0,0.29,0,7.1,Salaried,Not Graduate,OWN,Personal,1
570,54300.0,10900.0,191300.0,60,29200.0,0.89,0,10.1,Salaried,Not Graduate,OWN,Personal,0
664,45700.0,26600.0,123900.0,120,4100.0,0.72,0,8.5,Self-Employed,Post Graduate,MORTGAGE,Vehicle,0
742,40900.0,28300.0,211400.0,12,16800.0,0.42,0,6.7,Self-Employed,Graduate,MORTGAGE,Personal,1
725,20200.0,48200.0,205200.0,36,3600.0,0.22,1,12.0,Self-Employed,Graduate,RENT,Personal,0
657,31800.0,59500.0,263600.0,240,10800.0,0.6,0,9.0,Self-Employed,Graduate,RENT,Home,0
706,37200.0,0.0,42300.0,36,13800.0,0.54,0,8.3,Salaried,Graduate,OWN,Vehicle,1
699,92400.0,0.0,280700.0,240,23100.0,0.33,0,2.9,Unemployed,Post Graduate,MORTGAGE,Home,0
670,60200.0,39400.0,221200.0,36,35200.0,0.38,1,7.3,Salaried,Post Graduate,RENT,Home,0
672,17000.0,46000.0,36200.0,36,1300.0,0.4,1,2.1,Salaried,Post Graduate,RENT,Personal,1
850,59500.0,34500.0,250000.0,36,14000.0,0.67,0,10.0,Business,Graduate,OWN,Vehicle,1
758,38900.0,10200.0,218800.0,24,10000.0,0.61,0,9.7,Salaried,Graduate,RENT,Home,1
850,32700.0,0.0,62100.0,180,12400.0,0.45,0,8.9,Self-Employed,Graduate,RENT,Vehicle,1
647,70800.0,15100.0,374700.0,360,17300.0,0.51,1,14.2,Salaried,Graduate,OWN,Home,0
682,91000.0,0.0,80500.0,360,5300.0,0.3,0,12.0,Salaried,Graduate,MORTGAGE,Home,1
576,85700.0,43900.0,444500.0,180,48700.0,0.21,0,18.4,Salaried,Graduate,OWN,Education,0
621,29600.0,31300.0,58300.0,120,7400.0,0.34,0,12.9,Self-Employed,Graduate,MORTGAGE,Personal,0
850,40700.0,47800.0,141100.0,60,8400.0,0.73,1,8.8,Salaried,Not Graduate,RENT,Personal,1
645,59800.0,31900.0,255200.0,120,16000.0,0.15,0,6.5,Salaried,Post Graduate,MORTGAGE,Education,0
850,88000.0,0.0,252700.0,36,11400.0,0.48,0,0.9,Self-Employed,Not Graduate,RENT,Vehicle,1
584,36800.0,7600.0,159900.0,36,2200.0,0.27,0,14.9,Self-Employed,Graduate,RENT,Business,0
600,43900.0,0.0,130000.0,60,3900.0,0.48,0,10.9,Salaried,Post Graduate,OWN,Home,1
660,25200.0,24200.0,142000.0,180,2500.0,0.05,2,5.7,Salaried,Graduate,RENT,Personal,0
684,23900.0,16500.0,167600.0,60,2800.0,0.26,1,9.5,Business,Not Graduate,OWN,Business,0
768,79800.0,11500.0,210800.0,120,20100.0,0.39,1,8.7,Salaried,Graduate,OWN,Home,1
728,110600.0,18600.0,181000.0,48,41400.0,0.08,0,7.5,Unemployed,Graduate,OWN,Personal,1
654,46900.0,0.0,53800.0,60,17700.0,0.83,0,12.6,Salaried,Graduate,MORTGAGE,Business,0
678,89500.0,37500.0,266700.0,360,0.0,0.66,0,0.5,Salaried,Post Graduate,MORTGAGE,Personal,1
662,60900.0,0.0,204100.0,36,33700.0,0.23,0,12.3,Salaried,Post Graduate,OWN,Education,0
612,33300.0,60100.0,62600.0,240,16400.0,0.17,1,14.6,Salaried,Graduate,OWN,Personal,1
614,60900.0,0.0,61900.0,48,35200.0,0.09,0,2.4,Self-Employed,Graduate,RENT,Vehicle,0
777,123400.0,0.0,114100.0,60,26700.0,0.31,0,0.5,Self-Employed,Graduate,OWN,Business,1
534,48000.0,27500.0,214500.0,180,19100.0,0.51,0,10.3,Salaried,Graduate,RENT,Business,0
827,125300.0,38100.0,240400.0,48,12600.0,0.27,0,12.8,Business,Graduate,OWN,Personal,1
660,15000.0,0.0,17500.0,48,7400.0,0.08,1,3.6,Business,Graduate,OWN,Vehicle,0
624,80300.0,0.0,230500.0,48,7800.0,0.4,0,1.0,Salaried,Post Graduate,OWN,Education,1
752,51600.0,31200.0,293500.0,12,10100.0,0.23,0,0.5,Salaried,Graduate,OWN,Vehicle,1
816,41000.0,0.0,75000.0,48,12100.0,0.34,1,13.4,Salaried,Graduate,OWN,Home,1
784,51800.0,0.0,145700.0,36,18500.0,0.32,1,7.5,Self-Employed,Post Graduate,MORTGAGE,Home,1
732,15000.0,23900.0,34700.0,240,5000.0,0.3,1,14.5,Self-Employed,Graduate,RENT,Home,1
782,43000.0,0.0,182400.0,24,2600.0,0.64,0,0.5,Salaried,Post Graduate,OWN,Vehicle,1
544,60700.0,14900.0,139700.0,48,15400.0,0.62,0,8.4,Self-Employed,Graduate,RENT,Vehicle,0
645,119000.0,26500.0,653300.0,240,65900.0,0.67,0,13.6,Unemployed,Post Graduate,OWN,Personal,0
612,35900.0,32800.0,303300.0,240,18800.0,0.4,0,3.3,Self-Employed,Graduate,RENT,Education,0
794,30200.0,27400.0,208200.0,60,10700.0,0.1,0,11.7,Self-Employed,Graduate,MORTGAGE,Personal,1
657,36300.0,52800.0,51700.0,60,12500.0,0.44,2,2.7,Salaried,Graduate,RENT,Personal,0
761,84900.0,0.0,227000.0,36,5700.0,0.67,0,3.3,Salaried,Graduate,RENT,Education,1
735,59700.0,0.0,50600.0,36,7200.0,0.55,1,8.4,Unemployed,Not Graduate,RENT,Vehicle,0
616,35700.0,30000.0,268100.0,24,5400.0,0.44,0,5.0,Self-Employed,Post Graduate,RENT,Business,0
640,66700.0,0.0,244000.0,120,19500.0,0.62,1,14.8,Self-Employed,Graduate,OWN,Education,0
799,52000.0,32900.0,372700.0,36,22800.0,0.59,1,8.0,Salaried,Not Graduate,RENT,Vehicle,0
624,87700.0,10800.0,289000.0,60,24200.0,0.63,0,15.0,Self-Employed,Post Graduate,MORTGAGE,Home,0
700,32200.0,0.0,83400.0,36,2400.0,0.4,0,11.4,Self-Employed,Post Graduate,MORTGAGE,Business,1
623,40300.0,12800.0,136800.0,48,10600.0,0.59,0,3.4,Self-Employed,Graduate,MORTGAGE,Vehicle,0
663,38700.0,51000.0,183500.0,60,3800.0,0.17,3,9.1,Self-Employed,Graduate,OWN,Home,0
686,20400.0,26100.0,110400.0,120,9200.0,0.57,1,3.8,Business,Post Graduate,RENT,Education,0
623,58600.0,24400.0,252500.0,36,5900.0,0.36,0,13.8,Salaried,Post Graduate,MORTGAGE,Personal,0
608,57300.0,42100.0,420600.0,36,16600.0,0.3,2,15.3,Salaried,Graduate,OWN,Personal,0
714,49200.0,33200.0,237600.0,24,20500.0,0.25,0,0.5,Business,Graduate,MORTGAGE,Business,0
618,42600.0,15300.0,227500.0,24,5800.0,0.16,0,10.8,Salaried,Post Graduate,OWN,Personal,1
621,21000.0,26000.0,185700.0,60,1000.0,0.22,0,14.1,Business,Graduate,MORTGAGE,Personal,1
610,38100.0,0.0,98100.0,36,12900.0,0.57,2,12.5,Salaried,Graduate,OWN,Personal,0
683,39900.0,0.0,75400.0,24,1300.0,0.72,2,7.5,Self-Employed,Not Graduate,RENT,Education,0
770,30300.0,19100.0,151100.0,180,10700.0,0.33,0,21.7,Business,Graduate,OWN,Personal,1
818,44500.0,0.0,101600.0,48,20100.0,0.13,0,9.2,Self-Employed,Post Graduate,OWN,Personal,1
628,62500.0,0.0,51600.0,24,12300.0,0.5,0,0.6,Self-Employed,Graduate,MORTGAGE,Business,0
850,152000.0,12800.0,331500.0,24,44500.0,0.35,0,11.5,Salaried,Graduate,OWN,Business,1
604,54400.0,0.0,243500.0,24,30300.0,0.12,0,13.5,Salaried,Graduate,MORTGAGE,Home,0
782,57200.0,25600.0,57500.0,48,16200.0,0.33,0,11.0,Business,Graduate,MORTGAGE,Personal,1
628,46900.0,27400.0,244200.0,60,28000.0,0.64,0,9.0,Business,Graduate,MORTGAGE,Education,0
615,15500.0,32900.0,187100.0,60,1500.0,0.23,1,1.0,Salaried,Post Graduate,MORTGAGE,Business,0
626,48200.0,18100.0,205200.0,24,20500.0,0.51,0,0.5,Business,Graduate,MORTGAGE,Business,0
685,50800.0,0.0,141200.0,60,19900.0,0.26,0,3.2,Salaried,Not Graduate,OWN,Personal,1
739,214900.0,22400.0,790300.0,48,112500.0,0.52,0,0.5,Self-Employed,Graduate,MORTGAGE,Education,0
746,43700.0,17200.0,135000.0,48,2400.0,0.61,0,15.6,Salaried,Graduate,OWN,Home,1
609,58700.0,35800.0,81800.0,120,9900.0,0.41,0,8.4,Salaried,Post Graduate,OWN,Personal,1
605,48000.0,56700.0,455400.0,36,3800.0,0.11,0,6.3,Salaried,Not Graduate,OWN,Vehicle,0
612,24300.0,0.0,54200.0,24,13600.0,0.58,0,0.8,Self-Employed,Graduate,RENT,Vehicle,0
680,97300.0,42700.0,442600.0,180,24900.0,0.5,0,1.6,Self-Employed,Graduate,OWN,Business,0
672,77000.0,0.0,202100.0,36,42000.0,0.72,0,8.1,Salaried,Graduate,OWN,Personal,0
609,78800.0,12100.0,65300.0,36,13900.0,0.17,0,6.6,Salaried,Post Graduate,RENT,Personal,1
712,28400.0,56700.0,366900.0,60,2200.0,0.42,0,8.7,Salaried,Graduate,RENT,Vehicle,1
850,113700.0,0.0,417300.0,60,20200.0,0.83,0,1.4,Salaried,Graduate,OWN,Home,1
647,21100.0,0.0,23100.0,120,7600.0,0.24,0,9.9,Business,Graduate,RENT,Home,1
653,69700.0,0.0,308500.0,36,35300.0,0.15,0,14.4,Business,Graduate,OWN,Education,0
737,182500.0,15100.0,681200.0,36,42200.0,0.46,0,6.6,Business,Post Graduate,RENT,Home,0
642,27100.0,15800.0,102500.0,24,14900.0,0.48,0,11.9,Salaried,Graduate,RENT,Personal,1
746,34900.0,0.0,102800.0,48,5100.0,0.25,0,7.1,Business,Graduate,MORTGAGE,Education,1
628,52000.0,25500.0,71800.0,36,21600.0,0.63,0,6.1,Salaried,Graduate,MORTGAGE,Personal,0
845,36200.0,0.0,99200.0,60,16000.0,0.41,0,10.1,Self-Employed,Not Graduate,OWN,Business,1
719,19300.0,25100.0,35300.0,12,3200.0,0.45,1,5.7,Self-Employed,Not Graduate,OWN,Education,1
637,51100.0,0.0,136900.0,24,800.0,0.46,0,4.9,Salaried,Post Graduate,MORTGAGE,Vehicle,1
639,25900.0,53500.0,215200.0,48,5700.0,0.47,0,13.4,Self-Employed,Graduate,RENT,Business,0
646,65100.0,22000.0,348200.0,360,1800.0,0.61,0,0.5,Salaried,Graduate,MORTGAGE,Personal,0
806,28200.0,74400.0,348900.0,180,15200.0,0.54,3,8.5,Salaried,Graduate,RENT,Personal,0
582,124200.0,72800.0,295100.0,360,71100.0,0.1,0,2.7,Salaried,Not Graduate,MORTGAGE,Vehicle,0
633,30600.0,25200.0,226200.0,48,13500.0,0.26,0,17.0,Self-Employed,Graduate,OWN,Business,0
642,40400.0,20200.0,169300.0,12,17600.0,0.53,0,12.5,Salaried,Graduate,RENT,Personal,0
688,79900.0,38100.0,345200.0,36,11500.0,0.31,0,14.4,Salaried,Graduate,MORTGAGE,Business,1
666,23400.0,22600.0,54100.0,60,1000.0,0.3,3,9.0,Business,Graduate,OWN,Home,0
563,56200.0,15100.0,280300.0,24,27000.0,0.61,0,11.2,Unemployed,Graduate,RENT,Home,0
656,107400.0,0.0,453600.0,36,36000.0,0.29,0,9.1,Business,Post Graduate,RENT,Business,0
681,18700.0,49400.0,245200.0,24,7600.0,0.35,0,5.2,Self-Employed,Not Graduate,MORTGAGE,Personal,0
636,54800.0,0.0,233600.0,48,25600.0,0.38,1,16.9,Business,Post Graduate,MORTGAGE,Education,0
748,57300.0,14300.0,122400.0,36,14100.0,0.45,0,11.5,Self-Employed,Graduate,RENT,Home,1
768,78400.0,14500.0,366400.0,24,6800.0,0.78,0,3.9,Salaried,Graduate,RENT,Personal,1
683,23300.0,28400.0,127000.0,48,11100.0,0.48,0,0.5,Salaried,Graduate,MORTGAGE,Home,1
709,22200.0,0.0,25700.0,36,6000.0,0.35,0,2.9,Self-Employed,Graduate,OWN,Personal,1
506,67000.0,0.0,212700.0,48,33200.0,0.21,0,8.3,Self-Employed,Not Graduate,MORTGAGE,Home,0
654,58600.0,44800.0,334700.0,60,15400.0,0.46,2,4.7,Business,Graduate,OWN,Home,0
775,57000.0,38800.0,157800.0,24,7400.0,0.29,0,12.7,Business,Graduate,RENT,Home,1
654,60300.0,0.0,36800.0,120,6200.0,0.26,0,9.4,Self-Employed,Graduate,MORTGAGE,Personal,1
627,32600.0,16400.0,63700.0,12,14600.0,0.71,0,6.8,Salaried,Graduate,RENT,Personal,0
850,56400.0,22700.0,166000.0,48,19500.0,0.34,1,8.0,Self-Employed,Graduate,OWN,Personal,1
844,58400.0,39300.0,114300.0,60,14200.0,0.88,1,7.4,Salaried,Graduate,MORTGAGE,Personal,1
729,31900.0,0.0,40700.0,360,9400.0,0.74,3,6.8,Salaried,Not Graduate,RENT,Personal,0
786,150200.0,57900.0,429800.0,60,49500.0,0.26,0,9.9,Self-Employed,Not Graduate,OWN,Personal,1
500,65100.0,0.0,283000.0,36,9400.0,0.64,0,5.4,Salaried,Not Graduate,OWN,Personal,0
623,24000.0,67800.0,326500.0,48,5400.0,0.33,0,2.2,Self-Employed,Graduate,OWN,Home,0
650,72700.0,0.0,129300.0,36,12800.0,0.14,0,11.7,Self-Employed,Not Graduate,OWN,Personal,1
669,27300.0,0.0,117600.0,48,6400.0,0.33,0,4.0,Salaried,Graduate,RENT,Personal,0
648,78600.0,0.0,242300.0,36,23600.0,0.71,0,14.2,Salaried,Graduate,RENT,Home,0
473,98200.0,0.0,228000.0,48,10200.0,0.24,0,7.2,Salaried,Not Graduate,MORTGAGE,Personal,0
722,30000.0,42400.0,171800.0,36,7100.0,0.32,0,5.8,Salaried,Graduate,RENT,Personal,1
736,87400.0,0.0,187300.0,60,20200.0,0.41,0,3.3,Salaried,Graduate,OWN,Vehicle,1
826,62800.0,0.0,89900.0,60,10800.0,0.55,1,6.5,Salaried,Graduate,OWN,Home,1
622,80300.0,25800.0,217100.0,24,48100.0,0.16,1,9.7,Business,Post Graduate,OWN,Personal,0
616,153000.0,0.0,399600.0,180,6800.0,0.58,0,4.1,Salaried,Graduate,MORTGAGE,Personal,0
462,42300.0,0.0,110500.0,60,16300.0,0.24,2,11.7,Salaried,Graduate,OWN,Business,0
665,31200.0,13200.0,157500.0,36,3300.0,0.69,0,2.5,Business,Graduate,RENT,Personal,0
766,28700.0,37800.0,128700.0,12,14500.0,0.53,0,12.6,Self-Employed,Graduate,MORTGAGE,Business,1
637,30000.0,27100.0,192300.0,60,16500.0,0.67,0,8.6,Salaried,Graduate,MORTGAGE,Personal,0
850,46800.0,36400.0,234000.0,36,11300.0,0.27,0,5.7,Self-Employed,Graduate,OWN,Business,1
668,60200.0,27800.0,382600.0,240,29700.0,0.36,0,9.9,Salaried,Not Graduate,OWN,Home,0
702,57900.0,0.0,118200.0,12,8700.0,0.45,3,16.0,Salaried,Post Graduate,OWN,Education,0
574,80500.0,17900.0,403900.0,12,6800.0,0.61,0,13.8,Self-Employed,Post Graduate,OWN,Personal,0
714,49400.0,35800.0,322300.0,240,9400.0,0.37,1,9.8,Salaried,Post Graduate,RENT,Business,0
521,117300.0,44200.0,492700.0,360,24000.0,0.64,0,12.7,Business,Post Graduate,RENT,Education,0
748,41800.0,49500.0,284700.0,12,10000.0,0.19,0,5.9,Salaried,Not Graduate,RENT,Education,1
751,250700.0,0.0,210200.0,60,56100.0,0.32,0,4.9,Self-Employed,Graduate,OWN,Education,1
805,71400.0,30400.0,437800.0,36,17600.0,0.42,0,11.6,Business,Graduate,RENT,Personal,1
603,29300.0,30900.0,55900.0,60,12500.0,0.33,0,9.2,Salaried,Graduate,OWN,Vehicle,1
703,25800.0,12600.0,105700.0,180,3800.0,0.09,0,6.5,Self-Employed,Graduate,MORTGAGE,Personal,1
737,65500.0,0.0,119200.0,24,700.0,0.23,1,12.0,Unemployed,Graduate,MORTGAGE,Personal,1
727,42900.0,0.0,95200.0,36,12600.0,0.26,0,8.2,Business,Not Graduate,RENT,Education,1
616,75200.0,0.0,221100.0,12,20200.0,0.44,0,14.4,Self-Employed,Not Graduate,OWN,Personal,0
486,65100.0,19800.0,351100.0,12,2300.0,0.35,0,0.5,Salaried,Graduate,MORTGAGE,Business,0
719,46900.0,0.0,109300.0,12,3800.0,0.44,2,5.5,Salaried,Graduate,MORTGAGE,Personal,0
677,29500.0,0.0,131300.0,120,9000.0,0.23,0,12.6,Salaried,Graduate,OWN,Education,1
641,19800.0,24600.0,127500.0,36,2800.0,0.54,0,16.3,Self-Employed,Post Graduate,RENT,Education,0
754,37500.0,0.0,42800.0,48,19700.0,0.17,0,14.6,Salaried,Post Graduate,OWN,Education,1
686,81900.0,22100.0,131000.0,120,8500.0,0.6,0,4.8,Business,Graduate,OWN,Home,1
577,55700.0,0.0,187400.0,48,700.0,0.78,0,14.3,Salaried,Not Graduate,OWN,Home,0
525,23200.0,11500.0,24300.0,48,6200.0,0.64,0,0.5,Salaried,Graduate,RENT,Business,0
594,54400.0,23800.0,189400.0,12,32200.0,0.2,0,3.4,Salaried,Graduate,OWN,Vehicle,0
850,61800.0,21200.0,90700.0,60,23500.0,0.42,0,6.7,Salaried,Not Graduate,OWN,Home,1
751,28800.0,20800.0,110800.0,24,6100.0,0.63,0,10.3,Salaried,Post Graduate,OWN,Personal,1
706,53800.0,0.0,188300.0,120,500.0,0.38,0,3.1,Salaried,Graduate,OWN,Business,1
674,50800.0,0.0,118600.0,36,14800.0,0.83,0,7.3,Salaried,Graduate,MORTGAGE,Education,0
668,24700.0,0.0,28500.0,60,3100.0,0.38,1,14.8,Salaried,Graduate,RENT,Personal,1
789,60800.0,44300.0,158500.0,60,23600.0,0.63,0,2.1,Salaried,Graduate,RENT,Personal,0
648,68600.0,35900.0,205900.0,60,24000.0,0.29,0,1.7,Salaried,Post Graduate,OWN,Home,0
739,93900.0,23200.0,91100.0,36,14900.0,0.54,0,4.0,Business,Not Graduate,MORTGAGE,Home,1
660,92300.0,21300.0,322300.0,36,3800.0,0.28,0,19.9,Salaried,Not Graduate,MORTGAGE,Home,1
850,21400.0,0.0,62700.0,180,9700.0,0.34,0,10.1,Salaried,Graduate,RENT,Home,1
753,27900.0,35800.0,47700.0,12,9800.0,0.61,1,3.7,Salaried,Not Graduate,OWN,Personal,1
795,66800.0,54100.0,255000.0,36,33800.0,0.04,0,12.6,Salaried,Graduate,RENT,Personal,1
640,66700.0,0.0,143800.0,60,10400.0,0.14,0,0.5,Salaried,Post Graduate,OWN,Home,1
779,66800.0,20500.0,160200.0,120,26200.0,0.13,0,7.3,Business,Graduate,OWN,Personal,1
663,494700.0,0.0,1000000.0,36,35200.0,0.74,0,8.7,Salaried,Graduate,RENT,Home,0
699,69000.0,37600.0,200800.0,60,12100.0,0.21,1,13.6,Salaried,Graduate,OWN,Personal,1
828,96900.0,45900.0,309300.0,60,38200.0,0.92,0,0.8,Salaried,Graduate,MORTGAGE,Personal,1
601,86900.0,0.0,320700.0,24,43000.0,0.12,0,14.4,Salaried,Post Graduate,MORTGAGE,Personal,0
707,72500.0,26100.0,113200.0,60,14000.0,0.07,0,13.1,Salaried,Not Graduate,OWN,Personal,1
727,40600.0,0.0,120800.0,120,19500.0,0.25,0,14.7,Salaried,Not Graduate,MORTGAGE,Personal,1
734,77300.0,16300.0,236100.0,360,31400.0,0.35,4,2.0,Salaried,Graduate,RENT,Home,0
651,30800.0,30800.0,106000.0,12,6400.0,0.61,0,16.7,Salaried,Not Graduate,RENT,Personal,0
850,42500.0,0.0,144900.0,60,22300.0,0.24,0,0.5,Salaried,Graduate,RENT,Business,1
579,36600.0,15500.0,140900.0,48,11200.0,0.7,0,1.7,Self-Employed,Graduate,RENT,Home,0
814,51500.0,27500.0,190300.0,12,20000.0,0.62,1,8.9,Business,Graduate,OWN,Home,1
793,196600.0,0.0,623400.0,60,58500.0,0.32,0,6.1,Salaried,Post Graduate,MORTGAGE,Personal,0
850,16000.0,0.0,59300.0,24,4300.0,0.54,1,1.3,Salaried,Graduate,OWN,Business,1
555,74000.0,46700.0,530000.0,36,37700.0,0.29,0,19.8,Self-Employed,Post Graduate,RENT,Vehicle,0
616,18600.0,22300.0,123400.0,36,3300.0,0.27,0,0.5,Salaried,Post Graduate,MORTGAGE,Personal,0
816,36900.0,0.0,147500.0,36,800.0,0.57,0,0.5,Self-Employed,Graduate,MORTGAGE,Vehicle,1
530,94200.0,0.0,47500.0,48,49700.0,0.29,2,9.6,Salaried,Post Graduate,RENT,Personal,0
553,50900.0,0.0,133400.0,36,25200.0,0.55,0,7.7,Self-Employed,Post Graduate,RENT,Education,0
648,25700.0,21400.0,64000.0,60,5700.0,0.42,0,0.7,Salaried,Not Graduate,OWN,Business,1
706,31900.0,0.0,28000.0,36,3500.0,0.63,0,18.9,Salaried,Graduate,MORTGAGE,Business,1
825,73700.0,0.0,193700.0,60,29900.0,0.46,0,8.5,Business,Graduate,MORTGAGE,Personal,1
674,31600.0,24100.0,194200.0,180,1500.0,0.59,0,5.2,Salaried,Graduate,RENT,Business,0
638,55800.0,31800.0,188300.0,36,14200.0,0.35,1,8.0,Salaried,Graduate,OWN,Personal,0
716,50400.0,0.0,160300.0,48,2600.0,0.69,0,0.5,Business,Not Graduate,RENT,Business,0
729,33200.0,26000.0,145600.0,60,11900.0,0.23,0,13.4,Self-Employed,Graduate,OWN,Vehicle,1
727,177400.0,11400.0,424500.0,60,2900.0,0.55,0,9.3,Self-Employed,Graduate,RENT,Business,0
674,71700.0,0.0,119100.0,36,27100.0,0.11,0,6.8,Salaried,Graduate,MORTGAGE,Home,0
523,15000.0,0.0,30500.0,60,6100.0,0.53,0,8.0,Salaried,Graduate,RENT,Business,0
612,54800.0,60200.0,218400.0,12,16000.0,0.56,1,3.6,Salaried,Post Graduate,RENT,Vehicle,0
810,33000.0,0.0,101800.0,36,3500.0,0.79,0,13.7,Self-Employed,Not Graduate,MORTGAGE,Home,1
705,81800.0,10900.0,89400.0,48,5000.0,0.53,0,4.7,Salaried,Post Graduate,RENT,Home,1
662,30500.0,36600.0,58400.0,12,5700.0,0.2,3,5.2,Salaried,Graduate,OWN,Home,0
785,45800.0,0.0,143800.0,48,12800.0,0.44,0,9.0,Self-Employed,Post Graduate,RENT,Education,1
593,66400.0,0.0,178300.0,60,25600.0,0.24,0,0.5,Self-Employed,Not Graduate,RENT,Personal,0
670,82400.0,12500.0,210800.0,120,100.0,0.24,1,10.8,Business,Graduate,MORTGAGE,Home,0
701,23900.0,58000.0,90900.0,24,10200.0,0.36,0,7.9,Salaried,Not Graduate,MORTGAGE,Personal,1
652,40100.0,54600.0,203000.0,360,17100.0,0.02,1,10.7,Salaried,Post Graduate,MORTGAGE,Home,0
698,36900.0,7800.0,163600.0,60,9800.0,0.73,0,6.8,Business,Graduate,OWN,Education,0
674,33100.0,0.0,134300.0,36,6800.0,0.45,1,3.8,Self-Employed,Graduate,OWN,Education,0
571,141400.0,61800.0,672700.0,36,71500.0,0.19,0,8.6,Salaried,Post Graduate,RENT,Home,0
705,62500.0,21200.0,61900.0,60,29400.0,0.28,2,13.0,Self-Employed,Post Graduate,OWN,Personal,1
577,23000.0,21100.0,140300.0,180,13600.0,0.37,1,5.2,Salaried,Not Graduate,RENT,Home,0
704,85000.0,0.0,124400.0,48,19000.0,0.23,0,12.1,Salaried,Graduate,RENT,Personal,1
806,175100.0,0.0,308400.0,60,95300.0,0.23,1,6.5,Salaried,Graduate,RENT,Personal,1
666,91100.0,11500.0,131700.0,36,4800.0,0.38,0,5.7,Salaried,Not Graduate,RENT,Vehicle,1
590,19700.0,45500.0,234900.0,36,4900.0,0.69,0,12.4,Salaried,Graduate,RENT,Personal,0
679,36700.0,0.0,113600.0,36,10200.0,0.65,0,9.7,Salaried,Post Graduate,MORTGAGE,Personal,0
619,104800.0,0.0,308900.0,60,27700.0,0.52,0,1.2,Salaried,Post Graduate,RENT,Vehicle,0
740,32100.0,41900.0,234700.0,36,12000.0,0.18,1,7.0,Salaried,Graduate,MORTGAGE,Personal,1
677,64000.0,13000.0,111400.0,36,6500.0,0.29,0,2.2,Self-Employed,Graduate,MORTGAGE,Personal,1
835,78000.0,0.0,177700.0,36,40500.0,0.53,0,10.6,Salaried,Graduate,OWN,Home,1
788,28100.0,0.0,85200.0,180,9300.0,0.23,0,3.4,Business,Graduate,MORTGAGE,Home,1
676,47300.0,0.0,144100.0,60,25700.0,0.5,1,8.8,Self-Employed,Graduate,OWN,Personal,0
750,15000.0,19800.0,127600.0,36,0.0,0.06,1,10.6,Salaried,Graduate,RENT,Education,1
656,26500.0,49100.0,124600.0,240,10000.0,0.47,3,10.6,Salaried,Not Graduate,MORTGAGE,Education,0
692,42100.0,49200.0,327000.0,24,10400.0,0.75,0,5.3,Salaried,Graduate,RENT,Home,0
659,23200.0,30800.0,122100.0,12,7000.0,0.67,0,8.2,Salaried,Graduate,OWN,Business,0
755,130500.0,0.0,415100.0,24,58200.0,0.68,2,4.5,Salaried,Graduate,RENT,Business,0
811,20800.0,21900.0,99200.0,24,2800.0,0.55,1,5.9,Salaried,Post Graduate,MORTGAGE,Home,1
757,37600.0,31000.0,294600.0,24,4600.0,0.44,0,3.3,Salaried,Graduate,RENT,Business,1
768,53000.0,0.0,64500.0,60,22400.0,0.8,3,8.3,Self-Employed,Graduate,MORTGAGE,Education,0
768,116400.0,0.0,372500.0,60,36400.0,0.24,1,10.4,Salaried,Not Graduate,MORTGAGE,Home,0
736,20700.0,12500.0,93200.0,60,2900.0,0.52,0,3.8,Business,Graduate,MORTGAGE,Business,1
593,98500.0,12700.0,132400.0,60,28600.0,0.59,1,3.8,Salaried,Graduate,OWN,Business,0
834,49300.0,0.0,37700.0,120,13600.0,0.26,1,16.0,Self-Employed,Not Graduate,RENT,Business,1
843,27200.0,21000.0,178200.0,36,11300.0,0.37,0,3.8,Salaried,Graduate,OWN,Vehicle,1
670,64700.0,19700.0,95400.0,60,100.0,0.38,0,11.6,Salaried,Graduate,RENT,Home,1
658,55200.0,0.0,68800.0,60,19400.0,0.65,3,13.0,Salaried,Graduate,OWN,Personal,0
742,34200.0,0.0,150900.0,240,12400.0,0.36,0,9.4,Salaried,Graduate,OWN,Education,1
736,51100.0,0.0,172200.0,36,22900.0,0.31,1,9.8,Salaried,Not Graduate,MORTGAGE,Vehicle,1
672,38900.0,37300.0,114400.0,24,20800.0,0.61,0,8.4,Salaried,Graduate,RENT,Personal,0
583,52500.0,0.0,150300.0,60,13900.0,0.74,0,1.2,Salaried,Graduate,OWN,Personal,0
715,72900.0,0.0,192200.0,60,15000.0,0.75,0,13.4,Self-Employed,Graduate,RENT,Home,0
736,127000.0,48500.0,680600.0,36,7800.0,0.15,0,5.8,Salaried,Graduate,RENT,Vehicle,0
751,23300.0,14000.0,127500.0,60,4700.0,0.59,0,12.2,Self-Employed,Graduate,RENT,Education,1
719,176300.0,0.0,674700.0,24,7200.0,0.13,1,7.9,Salaried,Graduate,RENT,Home,0
666,15200.0,11700.0,36200.0,360,7300.0,0.67,0,10.4,Salaried,Graduate,RENT,Business,0
774,44800.0,17700.0,191300.0,24,21700.0,0.73,2,9.4,Salaried,Graduate,OWN,Home,0
695,69800.0,14700.0,55900.0,24,17500.0,0.38,0,5.7,Salaried,Not Graduate,RENT,Vehicle,0
650,58000.0,39800.0,75900.0,12,9000.0,0.15,0,12.0,Self-Employed,Post Graduate,MORTGAGE,Education,1
674,33700.0,0.0,113000.0,48,2400.0,0.57,2,1.3,Salaried,Post Graduate,RENT,Business,0
541,43300.0,26700.0,41800.0,24,22100.0,0.09,0,14.2,Salaried,Graduate,MORTGAGE,Vehicle,0
674,36500.0,15500.0,146600.0,60,19200.0,0.12,1,13.5,Self-Employed,Graduate,RENT,Business,0
748,34400.0,23200.0,222400.0,180,5500.0,0.64,0,6.7,Business,Graduate,OWN,Home,1
718,81600.0,18400.0,202000.0,36,30400.0,0.16,4,9.3,Salaried,Graduate,OWN,Personal,0
819,60700.0,32600.0,63400.0,60,9400.0,0.78,0,6.7,Self-Employed,Graduate,RENT,Vehicle,1
667,32300.0,0.0,108400.0,12,4400.0,0.74,0,3.9,Salaried,Post Graduate,RENT,Business,0
731,84100.0,52300.0,575400.0,36,1100.0,0.29,0,7.6,Self-Employed,Post Graduate,OWN,Personal,0
757,58900.0,11600.0,237500.0,36,20400.0,0.1,0,9.4,Business,Graduate,RENT,Home,1
850,79800.0,18000.0,275200.0,36,7200.0,0.2,0,14.7,Self-Employed,Graduate,OWN,Vehicle,1
702,71500.0,0.0,101500.0,60,500.0,0.63,0,7.0,Self-Employed,Graduate,OWN,Education,1
601,29800.0,21600.0,28900.0,24,1900.0,0.88,1,8.1,Salaried,Graduate,RENT,Vehicle,0
762,35000.0,13900.0,160300.0,180,6600.0,0.28,2,14.5,Salaried,Graduate,MORTGAGE,Home,1
848,76800.0,0.0,109400.0,60,30800.0,0.69,1,10.5,Self-Employed,Graduate,OWN,Home,1
662,70700.0,21200.0,361400.0,60,8600.0,0.49,0,1.0,Salaried,Graduate,OWN,Vehicle,0
761,48400.0,17700.0,156400.0,240,25800.0,0.46,0,7.8,Self-Employed,Post Graduate,RENT,Education,1
794,52600.0,15600.0,178900.0,240,9100.0,0.5,0,12.2,Salaried,Graduate,OWN,Home,1
776,105500.0,107400.0,748500.0,60,21000.0,0.48,0,20.3,Self-Employed,Graduate,OWN,Vehicle,0
700,34400.0,23700.0,210200.0,48,4500.0,0.17,0,8.9,Salaried,Graduate,MORTGAGE,Personal,1
630,68100.0,0.0,209100.0,36,10400.0,0.33,1,0.5,Business,Graduate,MORTGAGE,Education,0
683,43400.0,56800.0,426200.0,60,1900.0,0.06,0,0.5,Salaried,Graduate,RENT,Home,0
728,43000.0,36500.0,352100.0,48,7600.0,0.42,3,4.6,Salaried,Graduate,OWN,Personal,0
767,94800.0,18300.0,484900.0,240,48900.0,0.24,0,3.3,Salaried,Not Graduate,OWN,Vehicle,1
718,80400.0,16900.0,369400.0,36,33200.0,0.75,0,12.1,Salaried,Graduate,RENT,Home,0
657,79900.0,37700.0,390700.0,36,42000.0,0.77,0,17.4,Business,Graduate,RENT,Business,0
737,107300.0,0.0,338300.0,36,6800.0,0.48,0,11.9,Self-Employed,Post Graduate,RENT,Home,1
763,49600.0,10300.0,54800.0,120,13600.0,0.58,0,12.5,Self-Employed,Graduate,OWN,Personal,1
722,73800.0,0.0,117000.0,24,10200.0,0.18,0,11.3,Salaried,Not Graduate,RENT,Home,1
618,40700.0,0.0,21300.0,48,17600.0,0.3,0,9.8,Salaried,Not Graduate,OWN,Personal,0
674,59500.0,0.0,62500.0,48,34600.0,0.37,0,4.2,Business,Graduate,MORTGAGE,Business,0
770,45300.0,51000.0,217300.0,24,22200.0,0.5,0,11.9,Business,Graduate,RENT,Home,1
572,52000.0,0.0,56500.0,48,1100.0,0.38,0,6.2,Unemployed,Graduate,RENT,Home,0
512,70100.0,0.0,287900.0,48,13300.0,0.39,0,12.1,Salaried,Post Graduate,MORTGAGE,Home,0
818,30000.0,0.0,111700.0,24,500.0,0.6,0,10.2,Salaried,Graduate,MORTGAGE,Home,1
733,172000.0,0.0,135300.0,48,4100.0,0.66,0,8.0,Business,Post Graduate,RENT,Personal,1
741,26800.0,21800.0,72700.0,360,1300.0,0.81,0,4.3,Unemployed,Graduate,RENT,Home,1
598,23700.0,32800.0,213400.0,360,3900.0,0.42,0,7.6,Business,Not Graduate,OWN,Education,0
752,98200.0,0.0,364500.0,48,17900.0,0.16,0,5.1,Self-Employed,Post Graduate,OWN,Home,1
713,78800.0,23100.0,436300.0,48,18900.0,0.44,0,0.5,Salaried,Graduate,RENT,Home,0
555,71300.0,47700.0,534300.0,36,17300.0,0.56,0,2.5,Salaried,Graduate,MORTGAGE,Vehicle,0
811,71500.0,28400.0,440100.0,360,33100.0,0.47,1,9.5,Self-Employed,Graduate,RENT,Home,0
703,48700.0,0.0,104200.0,36,4100.0,0.16,0,0.5,Salaried,Graduate,RENT,Education,1
656,28600.0,38200.0,100300.0,48,2700.0,0.53,0,19.9,Unemployed,Post Graduate,RENT,Personal,1
657,51300.0,0.0,181300.0,12,19300.0,0.34,3,5.5,Salaried,Graduate,MORTGAGE,Home,0
518,32700.0,0.0,55500.0,36,11200.0,0.48,0,12.3,Salaried,Post Graduate,MORTGAGE,Personal,0
740,88000.0,0.0,327900.0,24,8100.0,0.18,0,0.5,Salaried,Graduate,RENT,Home,1
712,44900.0,32700.0,204500.0,60,23000.0,0.12,0,3.1,Salaried,Graduate,MORTGAGE,Vehicle,1
673,29900.0,0.0,109900.0,60,5900.0,0.18,1,13.3,Self-Employed,Graduate,OWN,Personal,1
798,40400.0,0.0,64800.0,60,8900.0,0.34,0,10.1,Self-Employed,Not Graduate,RENT,Vehicle,1
572,62800.0,0.0,159000.0,36,15800.0,0.53,0,6.0,Salaried,Not Graduate,MORTGAGE,Home,0
639,35000.0,31800.0,184100.0,120,6800.0,0.76,0,17.9,Self-Employed,Graduate,RENT,Personal,0
617,29900.0,12300.0,180300.0,12,10000.0,0.18,1,0.9,Salaried,Post Graduate,RENT,Business,0
666,56700.0,0.0,88800.0,36,13200.0,0.02,0,13.5,Salaried,Graduate,OWN,Personal,1
695,56800.0,71400.0,544400.0,60,8800.0,0.46,0,5.9,Salaried,Graduate,RENT,Home,0
726,36200.0,16400.0,195600.0,240,19600.0,0.26,0,3.8,Self-Employed,Graduate,MORTGAGE,Home,1
660,37000.0,18400.0,189700.0,36,6800.0,0.33,0,0.5,Business,Post Graduate,OWN,Business,0
615,56300.0,0.0,205400.0,48,23600.0,0.49,0,0.5,Salaried,Graduate,OWN,Education,0
833,20600.0,28700.0,144000.0,48,4300.0,0.61,0,8.7,Salaried,Graduate,RENT,Business,1
850,21100.0,0.0,31200.0,180,5500.0,0.85,0,8.4,Business,Graduate,RENT,Education,1
702,31900.0,33200.0,81900.0,24,4500.0,0.65,1,4.2,Salaried,Graduate,RENT,Personal,0
625,43100.0,0.0,170900.0,48,19500.0,0.57,0,7.0,Salaried,Not Graduate,OWN,Education,0
815,59100.0,0.0,201000.0,36,26100.0,0.36,3,7.3,Business,Graduate,RENT,Personal,0
567,118800.0,0.0,160700.0,12,1600.0,0.53,1,5.6,Self-Employed,Graduate,RENT,Personal,0
661,82000.0,44200.0,373600.0,24,3000.0,0.24,0,3.0,Salaried,Post Graduate,RENT,Personal,0
630,44500.0,0.0,101900.0,360,24600.0,0.32,1,10.6,Salaried,Graduate,OWN,Personal,0
591,48500.0,40700.0,101200.0,36,25900.0,0.55,1,14.2,Self-Employed,Post Graduate,RENT,Personal,0
666,26900.0,0.0,70700.0,240,8200.0,0.64,3,9.9,Business,Post Graduate,RENT,Home,0
616,48500.0,30000.0,127600.0,36,14400.0,0.18,0,10.2,Salaried,Graduate,RENT,Personal,1
691,41200.0,45100.0,76400.0,240,20100.0,0.28,1,11.8,Self-Employed,Graduate,MORTGAGE,Personal,1
692,59500.0,70400.0,307600.0,60,4900.0,0.38,0,6.8,Business,Graduate,MORTGAGE,Personal,0
637,29800.0,16700.0,133000.0,24,11700.0,0.52,0,4.8,Salaried,Post Graduate,MORTGAGE,Business,0
658,66900.0,46100.0,77700.0,60,19100.0,0.29,0,0.5,Salaried,Graduate,MORTGAGE,Home,1
670,123000.0,0.0,259300.0,36,54900.0,0.53,2,5.2,Salaried,Post Graduate,OWN,Home,0
758,45900.0,25200.0,108800.0,36,800.0,0.76,0,4.8,Self-Employed,Graduate,RENT,Home,1
677,62400.0,0.0,38900.0,48,22200.0,0.16,0,2.7,Business,Graduate,OWN,Education,1
760,74200.0,23300.0,97800.0,48,24800.0,0.6,0,9.2,Salaried,Not Graduate,MORTGAGE,Personal,1
739,38500.0,16300.0,57900.0,60,19400.0,0.15,0,7.0,Salaried,Graduate,MORTGAGE,Education,1
738,56100.0,0.0,69100.0,120,22800.0,0.56,0,10.1,Business,Graduate,OWN,Vehicle,1
807,49400.0,0.0,183400.0,36,26100.0,0.25,0,2.4,Salaried,Graduate,RENT,Education,1
594,52000.0,21500.0,166000.0,240,27700.0,0.55,0,0.5,Salaried,Graduate,MORTGAGE,Business,0
649,30800.0,22000.0,57500.0,240,7500.0,0.24,0,11.3,Self-Employed,Graduate,RENT,Personal,1
839,49700.0,28200.0,70200.0,12,4100.0,0.27,0,12.1,Salaried,Not Graduate,RENT,Vehicle,1
668,66100.0,12000.0,132100.0,12,25000.0,0.42,0,3.8,Business,Not Graduate,OWN,Education,0
450,117100.0,13100.0,480700.0,48,61400.0,0.21,1,6.2,Salaried,Not Graduate,RENT,Education,0
672,87200.0,32200.0,233800.0,60,3900.0,0.15,0,9.4,Salaried,Graduate,OWN,Education,1
701,178400.0,0.0,203300.0,36,59700.0,0.15,0,10.9,Salaried,Graduate,RENT,Personal,1
467,30900.0,0.0,65400.0,36,2100.0,0.12,0,0.5,Self-Employed,Not Graduate,MORTGAGE,Education,0
803,82700.0,30100.0,307000.0,60,1300.0,0.65,0,12.9,Business,Not Graduate,RENT,Home,1
629,54700.0,36400.0,56300.0,60,22300.0,0.41,0,1.4,Self-Employed,Post Graduate,MORTGAGE,Personal,0
717,182400.0,54500.0,713200.0,36,74600.0,0.66,0,1.0,Salaried,Graduate,MORTGAGE,Personal,0
670,30200.0,23000.0,110700.0,180,10900.0,0.23,0,5.9,Self-Employed,Graduate,OWN,Home,1
580,29600.0,0.0,16000.0,60,15300.0,0.25,0,5.8,Salaried,Graduate,MORTGAGE,Business,0
599,34200.0,41600.0,242200.0,36,1700.0,0.74,2,8.1,Business,Graduate,OWN,Home,0
610,15000.0,0.0,50200.0,60,900.0,0.15,0,8.8,Salaried,Post Graduate,OWN,Personal,1
782,35800.0,0.0,107900.0,24,18600.0,0.38,1,16.5,Salaried,Graduate,MORTGAGE,Business,1
677,31100.0,53900.0,158800.0,48,9400.0,0.58,0,3.4,Salaried,Post Graduate,RENT,Personal,1
645,53600.0,0.0,140300.0,36,8800.0,0.66,0,13.3,Salaried,Not Graduate,RENT,Personal,0
610,60200.0,27300.0,179300.0,12,26700.0,0.16,0,0.6,Self-Employed,Graduate,OWN,Home,0
791,151100.0,27200.0,588800.0,36,81100.0,0.53,2,1.8,Salaried,Graduate,RENT,Personal,0
814,86700.0,16900.0,293600.0,36,35900.0,0.22,0,3.3,Salaried,Graduate,MORTGAGE,Education,1
790,34700.0,0.0,28700.0,60,16500.0,0.89,0,0.5,Salaried,Graduate,OWN,Personal,1
731,28600.0,0.0,87900.0,60,4800.0,0.23,0,10.2,Salaried,Graduate,MORTGAGE,Education,1
714,65900.0,0.0,214100.0,24,11400.0,0.37,0,14.1,Salaried,Graduate,OWN,Personal,1
586,22200.0,27300.0,98100.0,12,11500.0,0.23,0,12.5,Salaried,Graduate,RENT,Vehicle,0
669,147100.0,24800.0,688100.0,120,54300.0,0.64,0,0.5,Self-Employed,Not Graduate,RENT,Vehicle,0
631,99500.0,31700.0,508000.0,12,14000.0,0.7,1,19.4,Unemployed,Graduate,OWN,Business,0
534,37000.0,0.0,44400.0,36,11600.0,0.59,0,8.6,Salaried,Post Graduate,OWN,Personal,0
779,17500.0,36500.0,222300.0,48,7200.0,0.21,0,15.7,Business,Not Graduate,OWN,Education,1
630,110500.0,0.0,250100.0,120,14500.0,0.59,0,7.3,Salaried,Post Graduate,RENT,Vehicle,0
791,45800.0,0.0,155500.0,120,18000.0,0.13,0,7.4,Self-Employed,Graduate,MORTGAGE,Business,1
764,103000.0,34200.0,515400.0,60,2600.0,0.08,2,6.1,Self-Employed,Graduate,MORTGAGE,Home,0
737,18800.0,16300.0,88500.0,36,3400.0,0.36,2,18.3,Salaried,Graduate,OWN,Business,1
742,34200.0,0.0,71700.0,60,13800.0,0.53,0,14.9,Self-Employed,Post Graduate,MORTGAGE,Personal,1
637,49200.0,0.0,204800.0,36,4400.0,0.75,0,7.7,Business,Graduate,OWN,Home,0
847,50400.0,34200.0,120400.0,36,6700.0,0.07,0,6.4,Business,Graduate,MORTGAGE,Personal,1
693,37400.0,0.0,57100.0,48,19700.0,0.15,0,11.7,Self-Employed,Post Graduate,MORTGAGE,Personal,1
715,71200.0,0.0,138600.0,60,28800.0,0.25,1,0.5,Self-Employed,Graduate,MORTGAGE,Personal,0
634,25800.0,22100.0,188600.0,24,7700.0,0.37,1,0.5,Salaried,Post Graduate,RENT,Education,0
610,45000.0,31400.0,325100.0,24,5700.0,0.82,1,2.8,Salaried,Graduate,RENT,Home,0
730,52700.0,54800.0,148400.0,120,10800.0,0.41,0,9.9,Salaried,Graduate,RENT,Personal,1
708,66700.0,54600.0,479800.0,180,23000.0,0.47,1,13.3,Salaried,Graduate,RENT,Personal,0
622,75100.0,26500.0,155700.0,60,7000.0,0.61,0,1.8,Salaried,Not Graduate,MORTGAGE,Business,1
567,25000.0,0.0,109600.0,48,7200.0,0.61,0,15.7,Self-Employed,Post Graduate,OWN,Home,0
582,19500.0,46900.0,191900.0,120,4800.0,0.49,0,5.3,Salaried,Graduate,MORTGAGE,Personal,0
791,105500.0,12700.0,62500.0,60,30200.0,0.55,0,10.1,Self-Employed,Post Graduate,MORTGAGE,Personal,1
637,59800.0,0.0,38100.0,60,3800.0,0.52,0,5.3,Self-Employed,Graduate,RENT,Personal,1
661,31300.0,52500.0,91300.0,36,2000.0,0.02,0,7.4,Self-Employed,Graduate,OWN,Personal,1
813,124300.0,0.0,155400.0,36,71900.0,0.42,0,17.0,Business,Post Graduate,OWN,Personal,1
594,52500.0,0.0,187500.0,48,30900.0,0.52,0,5.3,Business,Not Graduate,MORTGAGE,Personal,0
628,99500.0,0.0,138400.0,36,25400.0,0.62,1,3.3,Self-Employed,Post Graduate,RENT,Home,0
624,51000.0,26200.0,337900.0,36,24100.0,0.57,0,11.3,Salaried,Graduate,MORTGAGE,Vehicle,0
827,168800.0,20000.0,574800.0,48,66400.0,0.24,2,12.9,Self-Employed,Post Graduate,RENT,Personal,0
850,140500.0,31700.0,563100.0,36,9900.0,0.3,0,0.5,Salaried,Graduate,MORTGAGE,Personal,1
753,42200.0,17900.0,82400.0,120,7500.0,0.11,0,9.8,Self-Employed,Graduate,MORTGAGE,Vehicle,1
756,87800.0,0.0,357400.0,24,16500.0,0.12,2,10.7,Salaried,Graduate,MORTGAGE,Personal,1
640,72200.0,0.0,229000.0,48,25800.0,0.53,2,16.7,Unemployed,Graduate,OWN,Vehicle,0
850,111400.0,0.0,440900.0,60,38800.0,0.32,1,6.0,Self-Employed,Graduate,RENT,Home,0
712,27500.0,0.0,119000.0,48,15200.0,0.72,1,14.7,Salaried,Graduate,OWN,Business,0
762,74000.0,0.0,74200.0,36,35100.0,0.18,0,8.8,Salaried,Graduate,RENT,Personal,1
681,92500.0,26900.0,105800.0,48,47600.0,0.1,0,6.5,Business,Post Graduate,RENT,Vehicle,1
667,17100.0,15800.0,122200.0,120,9100.0,0.69,0,4.3,Salaried,Post Graduate,OWN,Education,0
831,24100.0,14300.0,152200.0,360,11600.0,0.32,1,10.5,Salaried,Post Graduate,OWN,Home,1
735,15000.0,0.0,42500.0,60,3000.0,0.32,1,2.2,Salaried,Graduate,RENT,Personal,1
813,41700.0,18700.0,118600.0,120,5400.0,0.03,1,2.5,Self-Employed,Graduate,RENT,Personal,1
711,75400.0,0.0,234500.0,12,25900.0,0.49,0,11.0,Salaried,Graduate,RENT,Vehicle,1
617,120700.0,0.0,207900.0,180,49900.0,0.31,0,17.2,Salaried,Graduate,RENT,Personal,0
640,51200.0,64400.0,168000.0,360,11900.0,0.16,2,0.9,Salaried,Not Graduate,RENT,Home,0
698,130200.0,45000.0,429700.0,60,66300.0,0.42,0,4.3,Salaried,Graduate,OWN,Personal,0
636,21400.0,0.0,29200.0,120,12300.0,0.61,0,9.5,Business,Not Graduate,RENT,Home,0
595,17600.0,25300.0,104500.0,48,6000.0,0.3,3,5.2,Salaried,Graduate,OWN,Personal,0
792,47400.0,0.0,205100.0,36,13000.0,0.52,0,0.5,Salaried,Post Graduate,OWN,Home,1
643,61700.0,24100.0,331100.0,180,31200.0,0.54,0,3.7,Self-Employed,Post Graduate,RENT,Vehicle,0
701,48100.0,26500.0,318300.0,60,700.0,0.06,1,10.4,Business,Post Graduate,RENT,Personal,0
715,15000.0,29300.0,165000.0,60,1200.0,0.13,1,6.6,Business,Not Graduate,OWN,Business,1
640,46500.0,0.0,89200.0,60,23600.0,0.21,0,9.8,Salaried,Graduate,OWN,Home,0
813,22400.0,0.0,84000.0,180,9800.0,0.19,0,1.2,Salaried,Graduate,OWN,Education,1
595,73300.0,21200.0,396100.0,60,18300.0,0.37,1,9.7,Business,Not Graduate,RENT,Personal,0
712,61100.0,20600.0,350300.0,36,32600.0,0.6,1,0.5,Salaried,Graduate,RENT,Home,0
710,27900.0,0.0,90200.0,48,5900.0,0.41,0,11.9,Self-Employed,Graduate,MORTGAGE,Home,0
685,36000.0,38500.0,100200.0,360,13700.0,0.48,1,14.8,Salaried,Graduate,OWN,Education,1
579,26000.0,22100.0,31700.0,60,9900.0,0.51,0,1.0,Salaried,Graduate,RENT,Business,0
764,47200.0,12200.0,64700.0,240,5200.0,0.4,0,5.1,Unemployed,Post Graduate,RENT,Business,1
753,86900.0,24300.0,485100.0,120,14900.0,0.25,3,0.6,Self-Employed,Not Graduate,MORTGAGE,Home,0
632,27100.0,36700.0,149800.0,60,14900.0,0.16,0,8.5,Salaried,Not Graduate,OWN,Personal,0
750,66300.0,66400.0,520200.0,36,7300.0,0.28,0,8.8,Salaried,Post Graduate,OWN,Business,1
721,35700.0,14800.0,119200.0,36,3700.0,0.64,0,1.3,Salaried,Graduate,RENT,Personal,1
581,30500.0,0.0,95900.0,60,8800.0,0.25,0,5.1,Salaried,Post Graduate,RENT,Business,0
617,46000.0,0.0,27400.0,48,2500.0,0.07,2,13.4,Business,Graduate,MORTGAGE,Personal,0
786,26300.0,0.0,39400.0,120,14100.0,0.5,0,10.8,Self-Employed,Post Graduate,OWN,Business,1
716,35200.0,26400.0,138300.0,120,2100.0,0.07,0,9.0,Salaried,Post Graduate,OWN,Personal,1
642,23900.0,0.0,72200.0,36,8800.0,0.29,0,13.5,Salaried,Graduate,OWN,Personal,1
617,159300.0,35600.0,231200.0,60,32500.0,0.26,0,17.0,Business,Not Graduate,OWN,Home,1
646,50100.0,0.0,178300.0,48,24200.0,0.35,0,8.7,Salaried,Not Graduate,MORTGAGE,Education,0
652,32200.0,0.0,63000.0,36,11400.0,0.18,0,9.5,Salaried,Post Graduate,RENT,Home,1
618,55700.0,17200.0,274800.0,48,13000.0,0.33,0,6.6,Salaried,Graduate,OWN,Education,0
541,45800.0,0.0,40800.0,180,27000.0,0.38,3,8.9,Salaried,Graduate,RENT,Vehicle,0
786,42900.0,0.0,138100.0,36,1700.0,0.05,0,4.5,Salaried,Post Graduate,MORTGAGE,Vehicle,1
772,70900.0,0.0,118600.0,36,24600.0,0.13,0,0.5,Unemployed,Graduate,RENT,Business,1
581,77200.0,23700.0,371500.0,36,45800.0,0.55,1,12.0,Salaried,Post Graduate,RENT,Personal,0
701,35700.0,31100.0,140900.0,36,14800.0,0.38,0,11.5,Self-Employed,Graduate,RENT,Personal,1
613,34700.0,30900.0,207400.0,48,15400.0,0.49,0,8.4,Self-Employed,Not Graduate,MORTGAGE,Education,0
667,41600.0,31100.0,308000.0,24,800.0,0.31,1,8.6,Salaried,Graduate,OWN,Vehicle,0
660,15000.0,28500.0,25300.0,120,200.0,0.82,0,4.5,Business,Graduate,OWN,Personal,0
653,19700.0,0.0,10700.0,36,400.0,0.21,0,14.0,Salaried,Graduate,MORTGAGE,Personal,1
850,111300.0,0.0,398600.0,60,66200.0,0.86,0,1.9,Business,Graduate,OWN,Business,0
652,131500.0,16500.0,456700.0,24,77300.0,0.15,1,15.0,Salaried,Post Graduate,RENT,Personal,0
621,42200.0,0.0,70600.0,360,8500.0,0.53,0,10.9,Unemployed,Post Graduate,MORTGAGE,Home,0
625,69300.0,0.0,171700.0,48,12100.0,0.57,0,9.5,Self-Employed,Post Graduate,RENT,Personal,0
778,59100.0,74100.0,88900.0,120,5200.0,0.48,0,9.8,Salaried,Graduate,RENT,Vehicle,1
549,310900.0,41400.0,447300.0,120,61400.0,0.48,0,13.1,Salaried,Graduate,MORTGAGE,Business,0
625,96000.0,0.0,211000.0,60,21300.0,0.11,2,5.2,Salaried,Post Graduate,OWN,Personal,0
812,45400.0,0.0,174200.0,120,20400.0,0.46,1,11.9,Salaried,Graduate,RENT,Education,0
710,27600.0,19600.0,114200.0,24,14300.0,0.18,0,6.0,Self-Employed,Graduate,OWN,Vehicle,1
706,18700.0,58200.0,218800.0,60,8400.0,0.3,1,10.3,Salaried,Graduate,OWN,Education,0
850,55400.0,13200.0,274100.0,36,21500.0,0.36,1,0.5,Self-Employed,Not Graduate,RENT,Education,0
710,31100.0,28500.0,103400.0,120,14300.0,0.56,0,4.6,Salaried,Not Graduate,RENT,Home,1
629,20900.0,25500.0,153200.0,360,9300.0,0.18,0,16.8,Salaried,Not Graduate,MORTGAGE,Education,1
666,33300.0,40700.0,292100.0,240,9500.0,0.06,1,14.7,Self-Employed,Graduate,RENT,Business,0
593,25600.0,25500.0,67000.0,24,5200.0,0.57,1,16.2,Business,Graduate,OWN,Personal,0
796,134900.0,0.0,259800.0,36,22900.0,0.7,1,13.7,Salaried,Post Graduate,MORTGAGE,Personal,1
738,83200.0,23700.0,472400.0,36,33900.0,0.63,0,4.8,Salaried,Post Graduate,OWN,Business,0
785,48800.0,0.0,216300.0,24,28100.0,0.48,0,5.5,Salaried,Graduate,MORTGAGE,Personal,1
793,119100.0,0.0,165900.0,24,41500.0,0.58,1,12.9,Salaried,Graduate,RENT,Vehicle,1
654,51400.0,55100.0,81600.0,36,28100.0,0.52,0,13.4,Self-Employed,Graduate,OWN,Business,0
609,29200.0,11300.0,64100.0,360,200.0,0.64,0,14.9,Salaried,Not Graduate,OWN,Personal,0
685,122300.0,18000.0,293400.0,60,58300.0,0.59,1,9.0,Business,Graduate,RENT,Home,0
615,67700.0,0.0,153300.0,60,34700.0,0.2,0,7.7,Salaried,Graduate,MORTGAGE,Personal,0
704,26300.0,22200.0,144300.0,48,10000.0,0.4,0,14.0,Salaried,Not Graduate,RENT,Home,1
786,43700.0,39000.0,338900.0,60,24500.0,0.84,0,0.5,Salaried,Graduate,RENT,Home,0
675,29000.0,24700.0,97800.0,360,10300.0,0.34,0,7.2,Salaried,Graduate,RENT,Home,1
702,21400.0,0.0,83500.0,60,3100.0,0.47,2,6.7,Self-Employed,Graduate,RENT,Personal,0
682,85500.0,0.0,74700.0,24,11100.0,0.3,1,6.8,Business,Post Graduate,RENT,Home,0
758,154100.0,30200.0,123000.0,48,51400.0,0.69,0,14.6,Salaried,Graduate,OWN,Education,1
633,21200.0,0.0,53300.0,360,11500.0,0.25,0,11.1,Salaried,Graduate,MORTGAGE,Home,0
503,68700.0,18700.0,64600.0,36,3000.0,0.4,0,8.6,Business,Not Graduate,RENT,Vehicle,0
730,33200.0,39800.0,151100.0,60,12000.0,0.05,0,0.5,Salaried,Graduate,OWN,Business,1
773,36600.0,0.0,149600.0,24,16900.0,0.13,0,2.3,Business,Graduate,OWN,Vehicle,1
727,34400.0,0.0,50400.0,24,2400.0,0.89,1,12.0,Self-Employed,Graduate,OWN,Personal,0
635,29200.0,0.0,97100.0,180,2000.0,0.56,1,9.3,Salaried,Graduate,OWN,Personal,0
593,50500.0,32600.0,142100.0,36,11100.0,0.28,1,14.1,Salaried,Graduate,OWN,Personal,0
732,29800.0,0.0,20300.0,36,4900.0,0.24,1,4.4,Self-Employed,Graduate,RENT,Home,1
702,57700.0,25600.0,227100.0,36,6900.0,0.45,0,8.2,Business,Post Graduate,RENT,Vehicle,0
679,47600.0,30600.0,300200.0,360,5700.0,0.61,0,7.2,Salaried,Graduate,MORTGAGE,Personal,0
844,42500.0,35200.0,166100.0,24,3300.0,0.07,3,12.4,Salaried,Graduate,OWN,Personal,1
609,28400.0,0.0,84300.0,120,10400.0,0.38,0,18.3,Self-Employed,Not Graduate,RENT,Personal,0
840,34700.0,0.0,142300.0,36,14300.0,0.23,0,5.2,Salaried,Graduate,MORTGAGE,Home,1
692,77100.0,10600.0,320900.0,120,32500.0,0.68,1,0.5,Self-Employed,Post Graduate,RENT,Business,0
533,66200.0,19100.0,108800.0,360,21100.0,0.14,0,10.4,Salaried,Graduate,OWN,Home,0
674,27300.0,25700.0,182000.0,36,15600.0,0.28,3,10.1,Business,Post Graduate,RENT,Education,0
771,52000.0,0.0,130400.0,24,27500.0,0.18,0,0.5,Salaried,Graduate,MORTGAGE,Home,1
658,76900.0,0.0,267900.0,24,44200.0,0.4,0,3.1,Salaried,Graduate,MORTGAGE,Vehicle,0
564,18000.0,10600.0,70900.0,120,4200.0,0.08,0,5.8,Salaried,Graduate,OWN,Vehicle,0
676,67900.0,0.0,68700.0,24,35800.0,0.4,1,13.7,Business,Graduate,RENT,Personal,0
617,32900.0,9300.0,117300.0,36,15100.0,0.28,3,2.8,Salaried,Post Graduate,RENT,Education,0
731,69000.0,27300.0,237700.0,36,14100.0,0.3,0,6.7,Unemployed,Not Graduate,OWN,Home,0
755,31000.0,0.0,79700.0,36,2000.0,0.26,1,0.5,Self-Employed,Graduate,OWN,Business,1
600,16600.0,59600.0,306000.0,24,6800.0,0.24,0,10.4,Self-Employed,Graduate,OWN,Personal,0
630,18500.0,28600.0,192100.0,180,1500.0,0.25,0,1.8,Self-Employed,Graduate,OWN,Business,0
754,50500.0,0.0,116900.0,180,8900.0,0.33,0,18.9,Salaried,Graduate,OWN,Home,1
616,57300.0,36000.0,216700.0,48,17200.0,0.31,0,3.7,Business,Graduate,RENT,Personal,0
598,28500.0,0.0,73000.0,60,11600.0,0.09,0,12.7,Business,Graduate,RENT,Home,0
589,71900.0,0.0,185400.0,60,40000.0,0.19,1,10.7,Salaried,Not Graduate,MORTGAGE,Personal,0
719,18100.0,0.0,77900.0,60,6400.0,0.12,0,3.7,Business,Graduate,OWN,Business,1
716,47100.0,12800.0,185500.0,48,19000.0,0.15,0,13.6,Self-Employed,Graduate,OWN,Personal,1
631,23700.0,51400.0,120900.0,48,4400.0,0.63,0,0.5,Self-Employed,Not Graduate,OWN,Business,0
690,33200.0,24800.0,152300.0,60,13700.0,0.26,0,7.9,Salaried,Graduate,MORTGAGE,Business,1
819,50400.0,0.0,151600.0,60,13200.0,0.43,0,11.5,Salaried,Graduate,MORTGAGE,Home,1
607,29300.0,21200.0,154500.0,36,15100.0,0.32,0,6.8,Salaried,Graduate,OWN,Personal,0
524,38900.0,0.0,110500.0,36,9200.0,0.04,0,2.3,Salaried,Graduate,OWN,Home,0
728,89700.0,29900.0,144800.0,36,25200.0,0.15,1,15.9,Unemployed,Post Graduate,MORTGAGE,Business,1
680,34700.0,26300.0,38700.0,48,9000.0,0.34,0,7.4,Salaried,Post Graduate,RENT,Business,1
629,80900.0,0.0,149800.0,36,39400.0,0.15,1,5.2,Self-Employed,Graduate,RENT,Home,0
745,24900.0,0.0,55000.0,48,14200.0,0.22,0,2.5,Salaried,Not Graduate,RENT,Home,0
761,67400.0,16900.0,63000.0,48,13200.0,0.44,0,8.5,Salaried,Post Graduate,MORTGAGE,Home,1
502,116400.0,0.0,437600.0,120,33200.0,0.69,1,6.9,Salaried,Graduate,OWN,Business,0
634,15000.0,50100.0,122100.0,24,6400.0,0.38,0,6.6,Self-Employed,Post Graduate,RENT,Business,0
850,30400.0,0.0,126300.0,60,16300.0,0.49,2,16.3,Self-Employed,Graduate,OWN,Personal,1
739,69300.0,0.0,77500.0,60,20500.0,0.34,0,16.2,Salaried,Graduate,RENT,Business,1
747,43400.0,61900.0,76600.0,36,2800.0,0.44,0,9.3,Salaried,Post Graduate,MORTGAGE,Business,1
789,61200.0,23500.0,205800.0,48,13500.0,0.28,0,11.4,Business,Graduate,OWN,Home,1
691,34100.0,52100.0,108300.0,120,11300.0,0.77,0,0.6,Salaried,Not Graduate,MORTGAGE,Home,1
757,51600.0,0.0,219300.0,36,12900.0,0.21,0,8.5,Business,Graduate,RENT,Business,0
751,44600.0,0.0,24100.0,180,5000.0,0.35,2,9.3,Salaried,Post Graduate,OWN,Business,1
735,98800.0,0.0,212500.0,180,2200.0,0.6,0,6.9,Business,Graduate,RENT,Home,1
662,57100.0,44200.0,426200.0,60,23600.0,0.25,0,5.8,Business,Graduate,RENT,Home,0
704,60000.0,25300.0,173800.0,120,35700.0,0.47,2,4.1,Salaried,Graduate,OWN,Home,0
639,38300.0,38700.0,67200.0,60,21100.0,0.67,0,8.2,Self-Employed,Graduate,OWN,Personal,0
691,36600.0,22000.0,100300.0,48,15000.0,0.47,0,13.7,Self-Employed,Post Graduate,OWN,Business,1
590,37800.0,0.0,94200.0,360,19100.0,0.19,3,14.6,Salaried,Post Graduate,MORTGAGE,Personal,0
622,62100.0,8100.0,87100.0,36,9500.0,0.54,1,8.0,Business,Graduate,MORTGAGE,Vehicle,0
666,38100.0,16200.0,128500.0,36,14200.0,0.16,2,13.3,Self-Employed,Graduate,RENT,Home,0
609,58300.0,43900.0,393000.0,36,2100.0,0.22,0,3.3,Salaried,Graduate,RENT,Personal,0
647,170300.0,0.0,679600.0,60,72300.0,0.38,0,10.8,Salaried,Graduate,RENT,Home,0
676,82700.0,0.0,57600.0,36,48100.0,0.02,0,7.4,Self-Employed,Post Graduate,RENT,Personal,1
724,40300.0,13700.0,61800.0,240,20800.0,0.76,1,4.6,Salaried,Graduate,OWN,Business,1
770,100800.0,0.0,161400.0,48,32300.0,0.33,2,18.8,Salaried,Post Graduate,OWN,Personal,1
650,38400.0,0.0,110600.0,120,18200.0,0.52,0,5.6,Business,Graduate,RENT,Vehicle,0
803,15000.0,0.0,29200.0,36,8500.0,0.44,0,6.2,Self-Employed,Post Graduate,RENT,Home,1
769,26800.0,22000.0,189200.0,36,3500.0,0.61,0,5.7,Self-Employed,Graduate,MORTGAGE,Education,1
732,16000.0,0.0,53900.0,24,7600.0,0.58,0,9.7,Salaried,Post Graduate,OWN,Personal,1
703,39700.0,0.0,35800.0,36,6400.0,0.2,0,14.7,Salaried,Graduate,RENT,Personal,1
717,49600.0,0.0,148700.0,48,26100.0,0.58,0,2.2,Salaried,Post Graduate,OWN,Vehicle,1
790,134000.0,79700.0,203500.0,240,7900.0,0.7,0,10.4,Self-Employed,Graduate,MORTGAGE,Vehicle,1
794,59600.0,17000.0,116400.0,36,6400.0,0.3,2,9.7,Salaried,Not Graduate,RENT,Personal,1
803,43000.0,17900.0,73800.0,60,18600.0,0.65,0,0.5,Salaried,Post Graduate,RENT,Vehicle,1
693,80600.0,14800.0,113700.0,48,8500.0,0.34,0,14.8,Business,Post Graduate,MORTGAGE,Education,1
737,15000.0,33600.0,144100.0,12,1400.0,0.43,0,9.3,Business,Graduate,RENT,Personal,1
804,56500.0,0.0,155600.0,48,18800.0,0.12,0,11.6,Self-Employed,Not Graduate,OWN,Vehicle,1
636,77800.0,0.0,93700.0,24,39000.0,0.8,0,0.5,Salaried,Graduate,MORTGAGE,Education,0
662,20200.0,0.0,90100.0,180,3300.0,0.07,1,15.3,Salaried,Graduate,MORTGAGE,Home,1
691,97400.0,0.0,213000.0,120,49200.0,0.13,2,18.3,Salaried,Graduate,OWN,Personal,1
766,60100.0,0.0,53400.0,36,29100.0,0.38,0,7.2,Business,Post Graduate,MORTGAGE,Home,1
767,38200.0,20000.0,57200.0,60,13300.0,0.28,1,4.4,Salaried,Graduate,OWN,Personal,1
670,71700.0,40500.0,318200.0,24,27800.0,0.4,0,0.5,Self-Employed,Graduate,OWN,Personal,0
561,191500.0,21300.0,939800.0,60,4600.0,0.15,1,1.5,Salaried,Post Graduate,OWN,Personal,0
710,54700.0,18000.0,202700.0,120,12000.0,0.67,0,12.2,Self-Employed,Post Graduate,MORTGAGE,Education,0
611,56900.0,0.0,244500.0,120,9000.0,0.28,0,7.8,Salaried,Not Graduate,OWN,Education,0
563,37200.0,0.0,84700.0,36,3300.0,0.44,0,0.5,Salaried,Graduate,MORTGAGE,Personal,0
582,29400.0,23100.0,117800.0,36,6900.0,0.46,1,15.6,Salaried,Not Graduate,RENT,Education,0
717,80700.0,31700.0,281000.0,48,17200.0,0.79,0,4.7,Salaried,Graduate,OWN,Personal,1
805,29300.0,0.0,96400.0,360,12800.0,0.6,0,0.6,Self-Employed,Graduate,RENT,Business,1
693,51200.0,39800.0,179300.0,240,18400.0,0.24,1,8.2,Salaried,Graduate,MORTGAGE,Vehicle,0
707,36800.0,20200.0,225500.0,36,20200.0,0.31,0,10.6,Salaried,Graduate,RENT,Vehicle,0
790,65300.0,54400.0,73900.0,120,5700.0,0.32,1,1.3,Self-Employed,Graduate,OWN,Personal,1
558,59900.0,25300.0,192500.0,240,2100.0,0.31,0,6.5,Salaried,Graduate,OWN,Business,0
734,91400.0,0.0,232500.0,36,29300.0,0.49,1,15.7,Salaried,Post Graduate,OWN,Business,1
689,36100.0,0.0,105700.0,120,0.0,0.23,0,1.2,Salaried,Post Graduate,OWN,Home,1
738,41700.0,19700.0,98500.0,36,19700.0,0.72,1,9.8,Self-Employed,Post Graduate,OWN,Personal,0
648,27200.0,0.0,60100.0,36,8300.0,0.01,0,6.4,Salaried,Not Graduate,RENT,Home,1
620,37500.0,32200.0,169900.0,36,11000.0,0.14,1,10.7,Salaried,Not Graduate,RENT,Personal,0
701,61500.0,27900.0,290300.0,48,13400.0,0.32,0,2.8,Business,Graduate,RENT,Education,0
830,77200.0,0.0,277500.0,120,17400.0,0.56,0,9.2,Salaried,Graduate,OWN,Business,1
763,28200.0,24000.0,180200.0,48,7300.0,0.17,0,3.2,Salaried,Graduate,MORTGAGE,Vehicle,1
646,82600.0,21700.0,194700.0,24,800.0,0.82,0,0.5,Self-Employed,Graduate,RENT,Home,0
576,110600.0,0.0,497500.0,36,5500.0,0.43,0,0.9,Salaried,Not Graduate,MORTGAGE,Home,0
547,62800.0,12900.0,294800.0,60,19000.0,0.55,0,6.9,Salaried,Post Graduate,RENT,Business,0
801,151200.0,38800.0,292600.0,60,13600.0,0.31,0,9.2,Business,Post Graduate,OWN,Personal,1
608,30800.0,20200.0,65300.0,60,14400.0,0.05,0,14.1,Unemployed,Not Graduate,MORTGAGE,Business,0
662,23200.0,0.0,40700.0,24,3800.0,0.12,0,9.8,Salaried,Graduate,MORTGAGE,Personal,1
802,16900.0,23000.0,92100.0,120,1000.0,0.37,2,15.8,Salaried,Graduate,OWN,Home,1
552,120300.0,18000.0,539800.0,240,17000.0,0.22,2,7.0,Self-Employed,Post Graduate,RENT,Vehicle,0
816,72600.0,0.0,262300.0,48,15600.0,0.42,0,10.8,Salaried,Not Graduate,OWN,Home,1
668,47400.0,0.0,185100.0,60,1000.0,0.52,0,3.1,Salaried,Graduate,OWN,Education,0
592,58000.0,34000.0,146100.0,240,4900.0,0.38,0,9.6,Salaried,Graduate,MORTGAGE,Home,1
668,25000.0,0.0,71800.0,60,4900.0,0.18,1,6.1,Salaried,Post Graduate,MORTGAGE,Education,0
628,212700.0,16400.0,374100.0,60,39600.0,0.26,0,5.6,Business,Graduate,OWN,Personal,0
727,53000.0,34800.0,82200.0,60,25500.0,0.34,4,8.4,Salaried,Post Graduate,RENT,Education,0
634,52300.0,79100.0,425300.0,36,26500.0,0.19,0,0.9,Salaried,Graduate,RENT,Business,0
527,75800.0,0.0,81300.0,60,8800.0,0.5,0,9.7,Self-Employed,Graduate,RENT,Personal,0
671,65400.0,22300.0,278100.0,120,4900.0,0.38,1,11.5,Salaried,Graduate,RENT,Personal,0
574,56100.0,0.0,173500.0,36,21300.0,0.48,0,4.5,Self-Employed,Graduate,RENT,Home,0
707,30500.0,21100.0,193000.0,180,14700.0,0.29,0,8.9,Salaried,Graduate,RENT,Home,0
589,65000.0,6800.0,76000.0,60,37600.0,0.2,0,14.3,Salaried,Not Graduate,OWN,Personal,0
648,151600.0,32900.0,670500.0,48,600.0,0.54,0,11.8,Self-Employed,Graduate,RENT,Education,0
705,109900.0,17600.0,573400.0,60,27300.0,0.46,2,7.3,Salaried,Not Graduate,RENT,Home,0
671,127500.0,12000.0,544600.0,48,56200.0,0.51,0,10.0,Salaried,Graduate,RENT,Vehicle,0
711,36100.0,0.0,126600.0,120,17900.0,0.4,0,15.5,Self-Employed,Graduate,OWN,Home,0
747,27100.0,15700.0,134800.0,48,1000.0,0.54,0,9.3,Salaried,Graduate,RENT,Business,1
591,45500.0,22700.0,149200.0,240,18600.0,0.61,0,12.7,Salaried,Graduate,OWN,Vehicle,0
684,50700.0,0.0,173500.0,48,8800.0,0.27,0,12.0,Unemployed,Graduate,MORTGAGE,Home,1
406,94500.0,0.0,321000.0,60,4200.0,0.69,0,8.5,Business,Graduate,OWN,Education,0
711,17800.0,12500.0,91700.0,360,5200.0,0.52,0,14.5,Salaried,Graduate,MORTGAGE,Business,1
664,122700.0,0.0,452200.0,24,11600.0,0.49,0,2.9,Self-Employed,Graduate,MORTGAGE,Vehicle,0
606,44600.0,47800.0,212100.0,60,19700.0,0.33,0,10.1,Salaried,Graduate,MORTGAGE,Education,0
716,37900.0,12200.0,49300.0,24,16900.0,0.89,0,5.2,Salaried,Post Graduate,RENT,Personal,0
789,26700.0,0.0,73100.0,120,13500.0,0.72,0,12.5,Salaried,Graduate,OWN,Home,1
649,18200.0,36000.0,84600.0,60,4100.0,0.7,0,7.9,Self-Employed,Not Graduate,RENT,Vehicle,0
609,80300.0,0.0,163600.0,240,600.0,0.48,1,12.8,Salaried,Post Graduate,OWN,Education,0
704,51200.0,40100.0,52000.0,180,8000.0,0.63,1,11.8,Self-Employed,Post Graduate,OWN,Business,1
576,22600.0,41700.0,130600.0,24,6300.0,0.67,0,5.9,Salaried,Graduate,MORTGAGE,Business,0
633,22500.0,23000.0,170000.0,24,9400.0,0.38,1,10.7,Self-Employed,Post Graduate,OWN,Home,0
793,40100.0,50300.0,241400.0,60,9200.0,0.33,0,10.3,Business,Graduate,RENT,Personal,1
695,133400.0,47500.0,97500.0,48,42900.0,0.13,0,7.0,Self-Employed,Graduate,MORTGAGE,Personal,1
530,42000.0,28300.0,167300.0,36,13200.0,0.32,0,12.3,Salaried,Graduate,OWN,Home,0
537,19900.0,0.0,33100.0,24,2000.0,0.51,0,7.5,Unemployed,Not Graduate,MORTGAGE,Personal,0
703,42300.0,0.0,102000.0,60,15800.0,0.34,0,4.1,Salaried,Not Graduate,OWN,Personal,1
763,41600.0,26400.0,144100.0,12,11000.0,0.23,0,9.4,Salaried,Post Graduate,RENT,Personal,1
552,15000.0,35800.0,214800.0,180,7300.0,0.64,2,10.3,Salaried,Not Graduate,OWN,Home,0
728,47400.0,22900.0,46700.0,120,19600.0,0.5,0,0.5,Salaried,Post Graduate,RENT,Business,1
803,42700.0,9000.0,167200.0,120,2900.0,0.23,0,20.0,Salaried,Not Graduate,RENT,Home,1
850,74400.0,0.0,290500.0,12,21800.0,0.26,0,22.2,Salaried,Post Graduate,MORTGAGE,Home,1
718,148700.0,29600.0,773300.0,12,62700.0,0.25,0,3.8,Salaried,Post Graduate,RENT,Home,0
733,96400.0,22300.0,143700.0,48,5000.0,0.38,0,11.1,Business,Not Graduate,MORTGAGE,Home,1
508,41700.0,0.0,109500.0,360,19800.0,0.7,0,2.7,Self-Employed,Post Graduate,OWN,Vehicle,0
850,25200.0,0.0,17000.0,36,3400.0,0.34,0,0.5,Salaried,Not Graduate,RENT,Home,1
641,229600.0,6600.0,589700.0,36,69300.0,0.32,1,5.7,Self-Employed,Graduate,RENT,Home,0
610,50800.0,0.0,50900.0,24,28700.0,0.39,0,1.1,Business,Graduate,RENT,Business,0
668,49400.0,0.0,190300.0,60,16900.0,0.29,0,10.7,Business,Graduate,MORTGAGE,Personal,0
818,48300.0,0.0,46100.0,60,12300.0,0.31,2,12.4,Salaried,Post Graduate,MORTGAGE,Vehicle,1
850,55200.0,28700.0,214200.0,24,200.0,0.25,0,16.8,Self-Employed,Graduate,OWN,Home,1
700,45000.0,37000.0,211900.0,48,3600.0,0.31,0,8.2,Unemployed,Graduate,MORTGAGE,Home,0
774,34700.0,21000.0,244300.0,60,12000.0,0.34,0,12.3,Salaried,Graduate,MORTGAGE,Personal,1
693,35300.0,10500.0,142900.0,48,10500.0,0.14,0,9.9,Unemployed,Graduate,OWN,Business,1
601,48100.0,0.0,79400.0,60,10500.0,0.38,0,9.4,Unemployed,Post Graduate,RENT,Personal,0
815,35400.0,33000.0,100100.0,120,19600.0,0.79,0,3.0,Self-Employed,Graduate,MORTGAGE,Education,1
637,32000.0,0.0,32400.0,60,6400.0,0.49,0,6.8,Business,Not Graduate,MORTGAGE,Business,0
820,52300.0,0.0,184400.0,60,16900.0,0.3,0,6.2,Salaried,Graduate,MORTGAGE,Home,1
800,42100.0,45000.0,284200.0,180,14400.0,0.41,2,11.0,Business,Graduate,OWN,Education,0
742,120900.0,19500.0,412700.0,240,38300.0,0.24,1,0.5,Self-Employed,Graduate,MORTGAGE,Home,0
845,15000.0,0.0,10000.0,36,4300.0,0.13,0,13.3,Salaried,Graduate,RENT,Vehicle,1
850,94400.0,0.0,335200.0,36,19100.0,0.45,0,6.7,Business,Not Graduate,RENT,Education,1
675,103500.0,29500.0,408000.0,120,56400.0,0.43,0,4.7,Business,Graduate,MORTGAGE,Home,0
621,15000.0,0.0,65300.0,36,4100.0,0.1,1,9.7,Self-Employed,Graduate,MORTGAGE,Education,0
531,39900.0,0.0,113700.0,240,12700.0,0.55,0,7.9,Salaried,Graduate,RENT,Personal,0
850,39200.0,0.0,67300.0,12,15400.0,0.74,0,8.8,Self-Employed,Graduate,RENT,Education,1
652,21100.0,0.0,42800.0,240,900.0,0.47,0,14.5,Business,Post Graduate,RENT,Education,1
786,30700.0,89400.0,144500.0,60,14400.0,0.38,0,0.5,Salaried,Graduate,OWN,Home,1
626,25200.0,0.0,85500.0,120,7700.0,0.62,2,1.0,Business,Graduate,RENT,Personal,0
820,140300.0,0.0,467300.0,36,55300.0,0.72,0,5.2,Business,Graduate,MORTGAGE,Vehicle,0
630,85900.0,73300.0,207400.0,360,39800.0,0.12,0,15.0,Salaried,Post Graduate,OWN,Vehicle,1
588,105100.0,25600.0,148200.0,36,55100.0,0.26,0,12.0,Salaried,Graduate,MORTGAGE,Personal,0
672,75600.0,0.0,61100.0,36,17800.0,0.28,0,7.4,Salaried,Post Graduate,RENT,Home,1
644,24900.0,0.0,103300.0,24,12100.0,0.54,0,11.0,Self-Employed,Post Graduate,OWN,Personal,0
740,35800.0,0.0,51300.0,240,5600.0,0.15,0,12.2,Salaried,Graduate,OWN,Home,1
685,65800.0,13300.0,148400.0,48,26100.0,0.32,0,10.6,Self-Employed,Graduate,RENT,Home,0
743,23500.0,25900.0,80100.0,60,1400.0,0.45,1,13.4,Self-Employed,Not Graduate,RENT,Personal,1
665,75200.0,56900.0,284600.0,60,900.0,0.26,0,8.9,Salaried,Graduate,OWN,Home,1
633,42400.0,19800.0,208800.0,180,2400.0,0.29,1,10.5,Salaried,Not Graduate,RENT,Vehicle,0
640,39100.0,23900.0,250900.0,60,7500.0,0.41,0,10.5,Business,Graduate,RENT,Home,0
850,75100.0,11500.0,106600.0,60,1400.0,0.32,0,5.9,Salaried,Post Graduate,MORTGAGE,Personal,1
709,64000.0,32400.0,312900.0,60,24200.0,0.25,4,7.3,Salaried,Graduate,OWN,Home,0
521,39500.0,0.0,75500.0,120,7500.0,0.3,0,10.5,Self-Employed,Graduate,RENT,Education,0
645,98300.0,27800.0,557600.0,36,43400.0,0.42,0,3.1,Self-Employed,Post Graduate,OWN,Business,0
698,25600.0,0.0,43400.0,24,700.0,0.56,0,4.4,Salaried,Not Graduate,OWN,Home,1
846,70900.0,0.0,37500.0,24,9200.0,0.1,2,6.7,Self-Employed,Not Graduate,OWN,Business,1
777,70000.0,34600.0,268000.0,36,17100.0,0.52,0,8.3,Salaried,Post Graduate,OWN,Business,1
611,40700.0,0.0,44900.0,48,9300.0,0.78,0,7.9,Business,Graduate,OWN,Education,0
850,59600.0,31500.0,61800.0,60,4700.0,0.4,0,7.9,Business,Graduate,OWN,Personal,1
687,23100.0,30000.0,174900.0,360,13800.0,0.19,0,8.7,Salaried,Post Graduate,OWN,Business,1
795,85300.0,47200.0,454300.0,36,14600.0,0.61,0,6.8,Business,Graduate,RENT,Business,0
591,43900.0,37700.0,191200.0,120,19000.0,0.46,0,4.6,Business,Graduate,RENT,Business,0
486,35800.0,0.0,114800.0,48,4700.0,0.55,0,8.2,Salaried,Graduate,RENT,Business,0
570,92000.0,57500.0,396600.0,36,48500.0,0.34,0,11.2,Salaried,Post Graduate,OWN,Personal,0
413,32100.0,33200.0,197200.0,60,7500.0,0.69,0,12.3,Self-Employed,Graduate,OWN,Home,0
850,21100.0,51700.0,210200.0,360,11400.0,0.47,0,0.5,Salaried,Not Graduate,RENT,Education,1
708,19300.0,36400.0,176200.0,24,4000.0,0.53,0,3.0,Salaried,Graduate,MORTGAGE,Education,1
611,70500.0,0.0,91500.0,48,400.0,0.42,0,12.7,Salaried,Not Graduate,RENT,Business,1
728,22700.0,51700.0,117200.0,24,7000.0,0.46,0,6.6,Salaried,Graduate,OWN,Personal,1
706,140500.0,0.0,317500.0,36,44200.0,0.01,0,0.5,Salaried,Not Graduate,OWN,Education,1
742,15000.0,26200.0,94100.0,60,1100.0,0.18,0,14.1,Self-Employed,Graduate,RENT,Business,1
792,135700.0,0.0,488200.0,120,19100.0,0.62,4,13.0,Self-Employed,Graduate,RENT,Personal,0
665,55600.0,22600.0,154000.0,60,26100.0,0.66,0,2.1,Salaried,Graduate,RENT,Home,0
615,46300.0,0.0,53200.0,48,1000.0,0.2,1,2.1,Self-Employed,Post Graduate,RENT,Home,0
760,35300.0,0.0,53200.0,240,10400.0,0.35,1,22.9,Business,Not Graduate,RENT,Personal,1
758,62300.0,50900.0,153800.0,36,19800.0,0.48,2,3.4,Business,Graduate,MORTGAGE,Personal,0
698,47900.0,25400.0,251200.0,120,19800.0,0.1,0,14.1,Business,Post Graduate,OWN,Home,1
850,95000.0,22200.0,279100.0,48,2100.0,0.1,0,15.7,Salaried,Post Graduate,OWN,Personal,1
652,52500.0,16900.0,231400.0,180,18400.0,0.63,0,0.7,Salaried,Graduate,MORTGAGE,Home,0
613,53600.0,30800.0,182700.0,120,100.0,0.69,1,3.4,Business,Not Graduate,RENT,Personal,0
725,39400.0,29500.0,279700.0,240,6300.0,0.38,0,13.2,Business,Graduate,RENT,Business,0
632,47400.0,0.0,210200.0,36,14200.0,0.58,0,1.2,Self-Employed,Graduate,MORTGAGE,Education,0
732,59000.0,16100.0,238800.0,60,32300.0,0.4,0,2.6,Self-Employed,Graduate,MORTGAGE,Business,0
619,17600.0,0.0,69600.0,60,1300.0,0.47,2,7.0,Self-Employed,Not Graduate,RENT,Personal,0
655,21800.0,36800.0,148400.0,60,2200.0,0.34,0,7.4,Salaried,Graduate,MORTGAGE,Personal,1
850,76600.0,56500.0,564100.0,48,30800.0,0.42,0,13.5,Salaried,Graduate,RENT,Home,1
655,54300.0,16100.0,269400.0,12,12200.0,0.52,0,10.8,Salaried,Not Graduate,OWN,Personal,0
622,43900.0,59600.0,462300.0,36,16400.0,0.2,0,9.0,Self-Employed,Post Graduate,MORTGAGE,Business,0
789,49600.0,31000.0,241200.0,36,29700.0,0.24,0,7.3,Self-Employed,Not Graduate,MORTGAGE,Personal,1
600,60400.0,26800.0,315400.0,180,35800.0,0.04,1,2.7,Salaried,Graduate,MORTGAGE,Personal,0
631,35500.0,0.0,94800.0,120,7500.0,0.41,2,14.1,Salaried,Graduate,RENT,Vehicle,0
739,30700.0,13500.0,67900.0,24,9300.0,0.57,2,8.7,Business,Not Graduate,MORTGAGE,Vehicle,0
769,55100.0,0.0,105700.0,240,29900.0,0.11,0,11.3,Salaried,Not Graduate,RENT,Personal,1
793,27300.0,18300.0,185900.0,36,1500.0,0.35,0,9.1,Unemployed,Not Graduate,RENT,Home,1
626,62600.0,0.0,45300.0,48,17000.0,0.6,2,8.6,Self-Employed,Post Graduate,OWN,Home,0
740,17600.0,0.0,50400.0,36,4000.0,0.3,1,8.5,Salaried,Not Graduate,OWN,Home,1
650,90900.0,0.0,180900.0,180,16100.0,0.06,1,8.0,Salaried,Post Graduate,RENT,Personal,0
638,65100.0,12600.0,159000.0,60,38800.0,0.34,0,7.3,Self-Employed,Graduate,RENT,Vehicle,0
792,57200.0,26700.0,338800.0,36,25200.0,0.27,0,5.0,Self-Employed,Graduate,MORTGAGE,Personal,1
643,88400.0,0.0,346100.0,60,20600.0,0.16,1,10.7,Salaried,Graduate,OWN,Home,0
713,133200.0,34300.0,485000.0,36,66300.0,0.5,0,13.6,Salaried,Post Graduate,MORTGAGE,Business,0
703,90100.0,0.0,143400.0,36,26500.0,0.21,0,9.2,Salaried,Not Graduate,MORTGAGE,Home,1
598,16200.0,95300.0,267800.0,36,8500.0,0.63,1,16.0,Self-Employed,Graduate,MORTGAGE,Personal,0
772,22700.0,24000.0,99600.0,36,3600.0,0.33,1,5.7,Salaried,Graduate,RENT,Business,1
737,33700.0,24000.0,110500.0,180,4500.0,0.48,0,18.7,Self-Employed,Post Graduate,MORTGAGE,Home,1
521,49800.0,18100.0,61900.0,60,7400.0,0.44,0,10.2,Business,Graduate,MORTGAGE,Home,0
713,66900.0,0.0,178800.0,36,21600.0,0.07,1,0.5,Salaried,Graduate,RENT,Education,0
624,31700.0,36600.0,116600.0,36,5500.0,0.19,0,17.6,Salaried,Graduate,MORTGAGE,Personal,1
783,54800.0,49100.0,326600.0,12,4800.0,0.31,2,3.2,Salaried,Post Graduate,RENT,Vehicle,0
567,31200.0,12800.0,78200.0,36,18600.0,0.2,1,9.0,Salaried,Graduate,RENT,Personal,0
659,34000.0,23800.0,128600.0,48,18400.0,0.4,1,10.6,Salaried,Graduate,OWN,Home,0
720,21100.0,0.0,15000.0,36,8000.0,0.38,0,8.3,Salaried,Not Graduate,MORTGAGE,Education,1
694,28200.0,36100.0,287400.0,60,15100.0,0.23,0,7.4,Salaried,Graduate,OWN,Vehicle,1
754,21800.0,27000.0,123500.0,48,12200.0,0.44,0,4.8,Salaried,Graduate,OWN,Vehicle,1
560,27300.0,0.0,16300.0,36,11100.0,0.22,0,5.4,Salaried,Post Graduate,OWN,Personal,0
830,92200.0,0.0,245700.0,240,28700.0,0.52,0,13.9,Business,Post Graduate,OWN,Vehicle,1
734,27700.0,0.0,110300.0,36,14700.0,0.61,0,2.9,Salaried,Graduate,MORTGAGE,Education,1
805,237900.0,44200.0,1000000.0,36,81000.0,0.27,0,8.3,Business,Graduate,MORTGAGE,Education,0
764,65900.0,13700.0,263000.0,36,5000.0,0.37,0,11.5,Salaried,Graduate,MORTGAGE,Business,1
689,54800.0,0.0,58000.0,36,12100.0,0.39,0,2.7,Salaried,Graduate,OWN,Home,1
580,29300.0,0.0,91700.0,36,7800.0,0.41,0,10.3,Self-Employed,Graduate,OWN,Education,0
642,74600.0,37800.0,400700.0,36,41900.0,0.4,0,13.2,Salaried,Graduate,OWN,Education,0
825,34700.0,14200.0,136400.0,180,13700.0,0.15,2,9.8,Business,Graduate,MORTGAGE,Home,1
807,52700.0,0.0,214500.0,120,27700.0,0.1,0,13.6,Self-Employed,Post Graduate,OWN,Vehicle,1
637,227800.0,0.0,366300.0,60,103500.0,0.94,0,7.8,Salaried,Graduate,MORTGAGE,Home,0
450,46300.0,26000.0,106200.0,48,8600.0,0.39,0,3.8,Salaried,Not Graduate,MORTGAGE,Education,0
671,97700.0,0.0,388700.0,48,42100.0,0.35,0,7.2,Business,Graduate,OWN,Education,0
665,32100.0,0.0,96400.0,36,3800.0,0.37,0,1.2,Business,Not Graduate,RENT,Home,0
668,48000.0,36200.0,42600.0,24,11800.0,0.41,0,19.9,Salaried,Graduate,RENT,Home,1
734,141800.0,19800.0,309100.0,36,68600.0,0.12,3,8.0,Self-Employed,Graduate,OWN,Personal,0
764,33700.0,0.0,132500.0,48,12400.0,0.31,0,0.5,Self-Employed,Post Graduate,RENT,Personal,0
774,145400.0,0.0,88600.0,24,72000.0,0.24,1,4.7,Business,Not Graduate,MORTGAGE,Personal,1
727,75000.0,0.0,38500.0,24,11500.0,0.09,2,7.0,Business,Graduate,MORTGAGE,Vehicle,1
536,35000.0,0.0,56900.0,36,15700.0,0.56,0,1.6,Salaried,Post Graduate,OWN,Vehicle,0
660,71600.0,18500.0,374500.0,36,8700.0,0.59,0,1.5,Business,Post Graduate,RENT,Education,0
850,87900.0,23200.0,456200.0,36,28800.0,0.47,0,6.3,Business,Graduate,RENT,Business,1
721,71200.0,26900.0,252600.0,24,18500.0,0.34,1,10.7,Salaried,Graduate,OWN,Personal,1
721,19100.0,13500.0,88400.0,36,6400.0,0.13,0,12.7,Self-Employed,Post Graduate,OWN,Vehicle,1
720,31700.0,21300.0,96900.0,36,2600.0,0.67,0,13.6,Salaried,Graduate,MORTGAGE,Personal,1
725,42300.0,0.0,62400.0,24,9200.0,0.09,1,5.1,Salaried,Graduate,MORTGAGE,Personal,1
487,46900.0,14200.0,229800.0,36,18800.0,0.25,0,0.5,Self-Employed,Graduate,RENT,Personal,0
669,71100.0,48000.0,110200.0,24,23800.0,0.7,0,16.9,Salaried,Post Graduate,MORTGAGE,Education,0
686,54500.0,50800.0,257900.0,60,18000.0,0.33,0,6.9,Business,Not Graduate,RENT,Vehicle,0
798,22000.0,0.0,66800.0,36,6700.0,0.17,0,5.8,Salaried,Post Graduate,MORTGAGE,Vehicle,1
694,61600.0,53000.0,104800.0,36,34900.0,0.55,0,14.2,Self-Employed,Graduate,OWN,Home,1
550,70700.0,25000.0,246800.0,24,39600.0,0.88,0,6.4,Salaried,Graduate,MORTGAGE,Personal,0
726,68600.0,33200.0,286100.0,36,14800.0,0.39,0,10.5,Self-Employed,Graduate,MORTGAGE,Personal,0
621,93800.0,0.0,325500.0,36,19800.0,0.7,0,9.2,Salaried,Post Graduate,MORTGAGE,Business,0
586,80900.0,42700.0,177900.0,360,26900.0,0.41,3,1.8,Unemployed,Graduate,RENT,Personal,0
619,64600.0,33000.0,163300.0,120,3700.0,0.52,0,2.6,Business,Graduate,RENT,Vehicle,0
736,47000.0,17900.0,180300.0,12,8500.0,0.41,0,6.9,Salaried,Not Graduate,OWN,Personal,1
796,18100.0,15000.0,146700.0,60,2500.0,0.88,0,7.9,Salaried,Not Graduate,OWN,Personal,1
731,63400.0,0.0,86900.0,36,8500.0,0.03,2,4.9,Salaried,Not Graduate,OWN,Personal,1
743,55500.0,0.0,246600.0,24,21300.0,0.54,0,4.8,Self-Employed,Graduate,OWN,Personal,1
730,57700.0,0.0,193700.0,60,13300.0,0.04,0,7.6,Salaried,Graduate,RENT,Home,1
698,22800.0,37300.0,228600.0,24,2300.0,0.37,2,4.5,Salaried,Not Graduate,OWN,Personal,0
749,25600.0,0.0,22000.0,48,13600.0,0.34,2,12.5,Self-Employed,Graduate,RENT,Business,0
484,92200.0,15100.0,182600.0,60,48400.0,0.4,0,9.5,Salaried,Graduate,OWN,Personal,0
699,47900.0,19100.0,49000.0,60,24800.0,0.2,0,5.4,Salaried,Graduate,RENT,Vehicle,1
601,73800.0,0.0,146600.0,360,17300.0,0.55,2,10.9,Business,Graduate,RENT,Home,0
788,49900.0,21100.0,314200.0,120,1700.0,0.17,0,14.7,Salaried,Graduate,OWN,Personal,1
677,49900.0,28900.0,72600.0,120,3200.0,0.25,0,8.9,Salaried,Post Graduate,OWN,Personal,1
692,86100.0,15700.0,279900.0,36,14300.0,0.19,1,0.8,Self-Employed,Graduate,RENT,Education,0
562,36000.0,31800.0,35500.0,12,4800.0,0.63,0,15.9,Business,Graduate,OWN,Home,0
776,51900.0,21400.0,245600.0,60,27200.0,0.19,0,16.3,Self-Employed,Graduate,MORTGAGE,Home,1
743,37100.0,0.0,47800.0,360,22000.0,0.89,0,14.2,Salaried,Post Graduate,RENT,Home,0
737,37800.0,39600.0,78800.0,48,18500.0,0.25,1,11.2,Business,Post Graduate,OWN,Education,1
620,40700.0,0.0,75200.0,360,17800.0,0.29,0,10.5,Self-Employed,Post Graduate,MORTGAGE,Education,0
624,56000.0,25300.0,291400.0,24,19800.0,0.52,2,8.7,Salaried,Graduate,OWN,Personal,0
709,36800.0,0.0,34100.0,36,17000.0,0.49,0,8.5,Salaried,Graduate,RENT,Vehicle,1
630,104100.0,13200.0,166500.0,36,59200.0,0.66,0,2.2,Salaried,Graduate,RENT,Personal,0
726,28700.0,17500.0,24700.0,48,10400.0,0.63,0,2.3,Salaried,Graduate,OWN,Personal,1
506,43800.0,29700.0,321500.0,120,4100.0,0.18,0,3.6,Self-Employed,Graduate,RENT,Personal,0
648,37700.0,0.0,108100.0,36,3700.0,0.44,0,0.5,Salaried,Graduate,RENT,Personal,0
842,116800.0,29000.0,492700.0,240,40900.0,0.47,0,1.8,Salaried,Post Graduate,MORTGAGE,Education,1
727,55200.0,23100.0,243200.0,48,11000.0,0.1,0,8.0,Salaried,Not Graduate,RENT,Home,1
704,91000.0,42900.0,144300.0,48,49700.0,0.28,0,0.5,Salaried,Graduate,RENT,Personal,1
850,20100.0,0.0,57900.0,120,7400.0,0.16,0,3.2,Salaried,Post Graduate,MORTGAGE,Personal,1
491,57500.0,38200.0,98200.0,24,23300.0,0.4,0,6.8,Business,Graduate,RENT,Personal,0
620,83600.0,11100.0,199300.0,120,300.0,0.08,0,4.2,Salaried,Not Graduate,MORTGAGE,Home,1
655,51500.0,0.0,143000.0,36,15400.0,0.14,0,6.3,Business,Not Graduate,MORTGAGE,Vehicle,0
762,92900.0,31000.0,338900.0,36,24000.0,0.44,0,9.4,Unemployed,Graduate,RENT,Education,0
764,35900.0,13200.0,47900.0,60,15200.0,0.21,0,12.8,Self-Employed,Graduate,OWN,Vehicle,1
616,114200.0,24200.0,88300.0,240,26200.0,0.11,0,4.3,Salaried,Graduate,RENT,Home,0
774,194700.0,0.0,719000.0,60,114100.0,0.51,0,6.5,Salaried,Graduate,MORTGAGE,Personal,0
655,39400.0,59500.0,336600.0,60,15800.0,0.48,0,0.5,Salaried,Graduate,RENT,Vehicle,0
792,37500.0,32900.0,58200.0,120,14800.0,0.42,0,11.0,Salaried,Graduate,MORTGAGE,Vehicle,1
602,117200.0,29200.0,147800.0,36,64600.0,0.27,1,3.7,Salaried,Post Graduate,OWN,Education,0
679,126500.0,40900.0,681400.0,120,75500.0,0.37,1,9.7,Salaried,Graduate,OWN,Business,0
648,35800.0,32300.0,243600.0,48,4200.0,0.13,0,6.4,Salaried,Not Graduate,OWN,Education,1
779,38100.0,21400.0,266800.0,36,18500.0,0.57,0,19.2,Salaried,Graduate,RENT,Home,1
645,41400.0,0.0,62800.0,36,4000.0,0.61,1,17.2,Salaried,Post Graduate,RENT,Home,0
686,21900.0,15400.0,91400.0,36,6000.0,0.35,3,11.1,Salaried,Graduate,MORTGAGE,Education,0
733,28200.0,31600.0,86500.0,36,1700.0,0.59,0,10.1,Salaried,Graduate,OWN,Home,1
736,26800.0,0.0,80200.0,36,10000.0,0.13,1,9.3,Self-Employed,Graduate,RENT,Personal,0
765,30900.0,0.0,29700.0,36,8700.0,0.93,0,5.7,Salaried,Graduate,RENT,Business,1
707,48000.0,29600.0,78300.0,60,18100.0,0.37,0,4.1,Self-Employed,Graduate,MORTGAGE,Business,1
654,56400.0,62200.0,93400.0,60,22900.0,0.27,0,3.3,Salaried,Not Graduate,MORTGAGE,Personal,1
660,124300.0,0.0,407000.0,60,46200.0,0.32,0,4.8,Self-Employed,Graduate,RENT,Home,0
692,26900.0,19900.0,115900.0,36,4700.0,0.65,0,10.1,Salaried,Graduate,RENT,Vehicle,0
711,88500.0,0.0,262900.0,120,44400.0,0.65,0,6.8,Business,Graduate,RENT,Personal,0
677,43100.0,31800.0,300900.0,24,14300.0,0.4,1,0.5,Salaried,Graduate,OWN,Personal,0
691,47600.0,29400.0,266500.0,60,14000.0,0.26,1,20.8,Self-Employed,Graduate,RENT,Home,0
561,73500.0,16700.0,211700.0,36,43500.0,0.19,0,7.2,Salaried,Graduate,OWN,Personal,0
746,25000.0,0.0,110900.0,48,4300.0,0.57,0,18.7,Business,Graduate,OWN,Vehicle,1
705,61700.0,50100.0,259900.0,36,19500.0,0.57,0,6.0,Salaried,Post Graduate,RENT,Business,0
775,54200.0,0.0,51500.0,120,22200.0,0.51,0,6.8,Salaried,Graduate,MORTGAGE,Vehicle,1
690,65900.0,32500.0,439900.0,180,5000.0,0.49,2,12.6,Salaried,Graduate,MORTGAGE,Vehicle,0
542,58300.0,25400.0,49500.0,60,12400.0,0.26,0,6.5,Self-Employed,Graduate,MORTGAGE,Education,0
659,213900.0,14900.0,617700.0,36,102900.0,0.31,0,10.0,Salaried,Post Graduate,OWN,Personal,0
673,33400.0,0.0,58000.0,36,4700.0,0.65,1,6.4,Self-Employed,Graduate,MORTGAGE,Personal,0
753,35600.0,34600.0,176500.0,240,10500.0,0.47,0,5.6,Business,Graduate,MORTGAGE,Vehicle,1
514,33700.0,85200.0,325200.0,48,12800.0,0.54,0,15.7,Salaried,Graduate,RENT,Vehicle,0
693,35100.0,0.0,51300.0,240,14100.0,0.41,1,2.0,Salaried,Graduate,OWN,Home,0
733,33400.0,40600.0,201800.0,36,14600.0,0.48,2,5.4,Business,Graduate,MORTGAGE,Vehicle,0
633,100000.0,14000.0,401800.0,360,52000.0,0.76,0,17.1,Salaried,Not Graduate,OWN,Personal,0
696,115000.0,29100.0,225700.0,240,27100.0,0.2,0,6.4,Business,Graduate,RENT,Home,1
636,34800.0,43800.0,159800.0,60,14800.0,0.53,0,0.6,Salaried,Post Graduate,RENT,Home,0
627,29800.0,9500.0,61800.0,12,13100.0,0.5,0,11.1,Salaried,Graduate,RENT,Personal,1
655,65000.0,0.0,245800.0,48,11700.0,0.42,0,7.8,Salaried,Graduate,MORTGAGE,Vehicle,0
629,35200.0,20300.0,188700.0,240,20400.0,0.14,0,10.2,Self-Employed,Post Graduate,OWN,Vehicle,0
748,71700.0,18900.0,361000.0,180,37200.0,0.27,0,8.3,Business,Graduate,RENT,Education,0
627,55400.0,0.0,65400.0,36,9600.0,0.49,0,2.5,Salaried,Graduate,MORTGAGE,Home,0
613,19700.0,47100.0,53100.0,36,8000.0,0.47,0,9.2,Salaried,Graduate,RENT,Education,0
840,124100.0,25200.0,145900.0,120,53400.0,0.1,0,14.3,Unemployed,Graduate,RENT,Business,1
771,144000.0,29800.0,198800.0,60,37300.0,0.28,0,5.5,Self-Employed,Not Graduate,OWN,Home,1
531,33900.0,0.0,89200.0,120,17600.0,0.3,0,3.6,Salaried,Graduate,OWN,Home,0
624,38800.0,0.0,170100.0,120,16100.0,0.34,4,7.1,Salaried,Post Graduate,RENT,Education,0
710,58200.0,15600.0,142400.0,240,23000.0,0.28,0,7.0,Business,Graduate,OWN,Education,1
717,59900.0,0.0,259600.0,24,7900.0,0.22,0,6.4,Self-Employed,Graduate,RENT,Home,1
563,72800.0,31200.0,67900.0,24,17800.0,0.39,1,14.2,Salaried,Graduate,OWN,Business,0
788,163800.0,0.0,689200.0,24,42600.0,0.77,0,9.2,Salaried,Post Graduate,RENT,Home,0
760,44100.0,0.0,54000.0,240,19400.0,0.36,0,16.3,Self-Employed,Post Graduate,OWN,Education,1
730,30400.0,21400.0,215000.0,48,11300.0,0.53,2,9.1,Salaried,Graduate,RENT,Education,0
805,21400.0,0.0,15500.0,24,1100.0,0.39,0,9.8,Self-Employed,Graduate,MORTGAGE,Personal,1
728,31600.0,12500.0,189300.0,36,5800.0,0.25,1,18.9,Self-Employed,Post Graduate,MORTGAGE,Personal,1
728,48100.0,11600.0,77800.0,36,13700.0,0.43,0,9.7,Self-Employed,Graduate,OWN,Vehicle,1
822,143900.0,0.0,246200.0,120,63600.0,0.39,0,6.7,Salaried,Graduate,RENT,Home,1
783,35900.0,0.0,88400.0,60,16000.0,0.45,0,3.3,Self-Employed,Post Graduate,RENT,Personal,1
618,56100.0,19400.0,152700.0,60,16500.0,0.19,1,3.7,Self-Employed,Post Graduate,RENT,Business,0
743,48500.0,0.0,153800.0,12,3400.0,0.4,0,5.9,Salaried,Graduate,RENT,Personal,1
633,100000.0,17900.0,518700.0,240,17600.0,0.09,0,6.8,Salaried,Graduate,OWN,Home,0
732,223300.0,21400.0,715900.0,36,34100.0,0.27,2,0.5,Salaried,Post Graduate,OWN,Home,0
730,35600.0,22500.0,196700.0,60,16700.0,0.56,0,7.9,Salaried,Graduate,OWN,Home,1
572,36500.0,79400.0,98700.0,24,3900.0,0.37,0,0.5,Self-Employed,Graduate,OWN,Personal,0
679,91700.0,45600.0,413400.0,24,25600.0,0.71,0,14.4,Salaried,Graduate,OWN,Vehicle,1
712,73800.0,44900.0,274800.0,12,29700.0,0.28,3,0.5,Business,Post Graduate,MORTGAGE,Personal,0
652,148500.0,0.0,600400.0,60,86000.0,0.48,0,8.9,Self-Employed,Graduate,OWN,Education,0
716,69600.0,0.0,142900.0,60,41700.0,0.36,0,8.7,Salaried,Graduate,OWN,Vehicle,1
758,39500.0,0.0,127100.0,24,22600.0,0.19,0,14.7,Salaried,Graduate,RENT,Personal,1
687,69900.0,15500.0,120600.0,36,30100.0,0.42,0,8.7,Salaried,Post Graduate,MORTGAGE,Vehicle,1
709,95300.0,52400.0,227100.0,180,42700.0,0.26,4,7.5,Salaried,Not Graduate,MORTGAGE,Education,0
807,80200.0,20500.0,201900.0,24,36500.0,0.3,0,9.6,Salaried,Post Graduate,RENT,Personal,1
730,66500.0,0.0,114100.0,36,34400.0,0.04,0,5.4,Self-Employed,Not Graduate,OWN,Education,1
707,93000.0,21700.0,173800.0,48,53100.0,0.43,0,5.4,Self-Employed,Graduate,OWN,Home,1
608,98900.0,23900.0,85800.0,120,26400.0,0.72,0,9.1,Salaried,Graduate,OWN,Personal,1
747,112300.0,0.0,432000.0,36,28100.0,0.39,0,6.5,Salaried,Post Graduate,OWN,Home,1
718,72300.0,30500.0,77800.0,360,20000.0,0.81,0,11.2,Salaried,Not Graduate,MORTGAGE,Business,1
799,44300.0,0.0,179400.0,36,17500.0,0.25,0,3.6,Salaried,Not Graduate,MORTGAGE,Education,1
693,53500.0,37900.0,91600.0,36,24900.0,0.56,0,12.8,Salaried,Post Graduate,OWN,Home,1
535,101100.0,0.0,76900.0,24,52800.0,0.56,0,10.4,Salaried,Graduate,RENT,Education,0
545,30000.0,24900.0,151100.0,60,8200.0,0.54,0,8.1,Salaried,Graduate,MORTGAGE,Vehicle,0
752,61200.0,37900.0,248700.0,36,13300.0,0.24,0,0.5,Self-Employed,Graduate,RENT,Personal,0
641,38700.0,19500.0,143500.0,60,22800.0,0.32,2,12.2,Salaried,Graduate,MORTGAGE,Home,0
727,49900.0,20200.0,196100.0,36,6900.0,0.3,0,17.8,Business,Graduate,MORTGAGE,Home,1
699,105600.0,36200.0,233700.0,36,14100.0,0.32,2,5.7,Salaried,Post Graduate,RENT,Home,0
675,55000.0,17500.0,228500.0,180,23600.0,0.32,2,12.3,Business,Post Graduate,RENT,Vehicle,0
681,50400.0,22200.0,182200.0,60,5400.0,0.74,0,7.4,Business,Post Graduate,RENT,Education,0
616,21700.0,0.0,39900.0,36,5200.0,0.54,0,2.5,Salaried,Not Graduate,RENT,Education,0
688,76700.0,75100.0,577800.0,60,13500.0,0.39,0,4.2,Salaried,Graduate,OWN,Education,0
640,72200.0,0.0,246300.0,60,7300.0,0.38,3,7.5,Business,Graduate,MORTGAGE,Vehicle,0
658,179500.0,0.0,372400.0,24,62400.0,0.1,2,10.3,Salaried,Graduate,MORTGAGE,Education,0
662,40800.0,35100.0,295300.0,48,9100.0,0.35,3,0.7,Self-Employed,Post Graduate,RENT,Education,0
670,55900.0,15700.0,299400.0,36,15500.0,0.2,4,4.5,Business,Graduate,RENT,Personal,0
768,56900.0,0.0,150600.0,48,6700.0,0.26,0,8.2,Business,Post Graduate,OWN,Vehicle,1
678,126300.0,26500.0,207800.0,120,58200.0,0.88,0,1.7,Salaried,Graduate,MORTGAGE,Personal,0
777,46300.0,31600.0,324300.0,36,8700.0,0.63,1,10.0,Unemployed,Graduate,OWN,Home,0
820,58000.0,28500.0,108800.0,24,11900.0,0.54,0,16.6,Unemployed,Post Graduate,RENT,Business,1
762,70600.0,0.0,49000.0,36,10700.0,0.15,0,7.5,Salaried,Not Graduate,RENT,Personal,1
735,54800.0,23000.0,140800.0,360,14300.0,0.1,0,11.7,Self-Employed,Graduate,RENT,Business,1
717,37500.0,0.0,127800.0,60,10400.0,0.24,0,1.6,Salaried,Post Graduate,RENT,Home,1
763,55100.0,14600.0,292300.0,12,17500.0,0.12,0,4.8,Salaried,Post Graduate,OWN,Personal,1
697,93400.0,0.0,284800.0,48,54200.0,0.54,0,13.0,Self-Employed,Post Graduate,MORTGAGE,Vehicle,0
773,26500.0,0.0,114100.0,36,14400.0,0.55,0,1.2,Self-Employed,Graduate,OWN,Personal,1
742,53100.0,31600.0,73600.0,60,19400.0,0.75,0,4.5,Salaried,Graduate,OWN,Education,1
659,32200.0,26600.0,43700.0,48,800.0,0.45,0,13.7,Self-Employed,Post Graduate,OWN,Vehicle,1
766,100400.0,0.0,292800.0,360,36900.0,0.26,1,5.0,Self-Employed,Graduate,RENT,Education,0
697,19700.0,0.0,86000.0,36,1100.0,0.27,1,0.5,Salaried,Post Graduate,RENT,Vehicle,0
680,35100.0,15400.0,126800.0,60,15000.0,0.47,0,5.2,Self-Employed,Graduate,MORTGAGE,Business,0
649,61500.0,0.0,43400.0,60,14400.0,0.58,0,16.7,Self-Employed,Post Graduate,OWN,Education,1
704,125400.0,27500.0,211700.0,120,63000.0,0.51,0,15.2,Salaried,Graduate,MORTGAGE,Personal,1
774,47100.0,0.0,69700.0,48,26600.0,0.52,0,7.6,Salaried,Graduate,OWN,Vehicle,1
765,35100.0,0.0,65000.0,60,8800.0,0.1,0,6.8,Salaried,Graduate,RENT,Home,1
720,151600.0,0.0,102200.0,36,41900.0,0.53,0,19.8,Business,Post Graduate,MORTGAGE,Home,1
740,20600.0,35300.0,230300.0,48,7300.0,0.8,0,3.3,Salaried,Graduate,RENT,Education,0
798,15000.0,0.0,38400.0,180,1800.0,0.49,0,4.8,Salaried,Graduate,MORTGAGE,Vehicle,1
677,63800.0,0.0,203100.0,240,35500.0,0.19,2,13.3,Self-Employed,Graduate,RENT,Education,0
595,36300.0,22700.0,45400.0,60,9400.0,0.32,0,3.7,Unemployed,Graduate,MORTGAGE,Personal,0
800,26600.0,30600.0,41000.0,36,2700.0,0.06,0,9.8,Salaried,Not Graduate,RENT,Vehicle,1
644,75000.0,0.0,213400.0,120,34300.0,0.29,0,1.8,Salaried,Post Graduate,RENT,Vehicle,0
631,56700.0,50300.0,433300.0,12,7500.0,0.14,0,15.5,Salaried,Graduate,OWN,Personal,0
537,34900.0,42500.0,202300.0,24,3000.0,0.14,0,5.8,Salaried,Graduate,OWN,Home,0
738,22700.0,0.0,91100.0,60,7700.0,0.26,0,4.8,Salaried,Graduate,RENT,Business,1
552,82700.0,0.0,309600.0,36,33300.0,0.18,0,3.8,Salaried,Graduate,RENT,Personal,0
626,72400.0,25100.0,78300.0,360,24700.0,0.25,0,2.3,Salaried,Post Graduate,MORTGAGE,Personal,1
740,46200.0,18200.0,84200.0,48,18200.0,0.46,0,6.3,Unemployed,Graduate,MORTGAGE,Education,1
751,148400.0,21600.0,532200.0,48,10300.0,0.67,0,0.5,Self-Employed,Post Graduate,MORTGAGE,Home,0
634,25800.0,0.0,58700.0,60,7400.0,0.31,0,2.5,Self-Employed,Graduate,OWN,Education,0
678,19600.0,0.0,32600.0,120,4200.0,0.67,2,8.1,Salaried,Graduate,RENT,Personal,0
615,32400.0,43200.0,164400.0,48,18900.0,0.39,0,8.4,Self-Employed,Graduate,OWN,Home,0
643,47700.0,0.0,108800.0,36,1400.0,0.48,0,7.6,Salaried,Post Graduate,RENT,Business,1
712,56700.0,32400.0,369100.0,120,10100.0,0.37,1,4.2,Salaried,Graduate,OWN,Home,0
647,42400.0,15400.0,52800.0,36,24000.0,0.32,0,15.6,Self-Employed,Graduate,RENT,Personal,0
669,60600.0,0.0,98100.0,36,35800.0,0.6,2,12.3,Salaried,Not Graduate,RENT,Vehicle,0
565,23100.0,43700.0,177000.0,60,11400.0,0.3,0,7.5,Business,Graduate,OWN,Education,0
786,116600.0,14300.0,431100.0,24,5300.0,0.64,0,7.4,Self-Employed,Post Graduate,MORTGAGE,Home,1
733,46700.0,37000.0,253000.0,360,15700.0,0.19,0,5.6,Self-Employed,Graduate,RENT,Business,0
757,95800.0,0.0,408700.0,60,23000.0,0.79,0,4.8,Salaried,Graduate,OWN,Personal,1
799,60200.0,0.0,221700.0,360,29100.0,0.22,0,7.2,Self-Employed,Post Graduate,MORTGAGE,Home,1
619,64500.0,54600.0,324900.0,36,2100.0,0.18,0,12.7,Unemployed,Graduate,RENT,Personal,0
659,69000.0,0.0,93800.0,360,8200.0,0.38,0,5.8,Self-Employed,Post Graduate,OWN,Personal,1
528,64100.0,43700.0,248300.0,24,18800.0,0.31,0,14.4,Self-Employed,Graduate,RENT,Home,0
850,72100.0,0.0,236000.0,12,6800.0,0.69,0,4.7,Unemployed,Not Graduate,MORTGAGE,Business,1
677,108800.0,40100.0,573500.0,12,45200.0,0.22,0,15.5,Salaried,Graduate,MORTGAGE,Vehicle,0
778,55200.0,0.0,239500.0,48,27200.0,0.47,0,6.5,Business,Graduate,OWN,Personal,1
584,75000.0,31100.0,310000.0,24,31700.0,0.64,0,11.4,Salaried,Not Graduate,MORTGAGE,Home,0
774,46500.0,0.0,121300.0,48,12300.0,0.24,1,19.4,Salaried,Graduate,RENT,Vehicle,1
847,116300.0,20500.0,78100.0,36,61300.0,0.08,0,20.1,Self-Employed,Graduate,OWN,Personal,1
684,32700.0,0.0,25800.0,36,2700.0,0.08,0,1.3,Salaried,Graduate,MORTGAGE,Personal,1
604,144400.0,28200.0,194100.0,60,22600.0,0.47,0,13.2,Unemployed,Graduate,RENT,Personal,0
678,47900.0,0.0,34400.0,36,14100.0,0.46,0,3.3,Salaried,Graduate,RENT,Education,1
500,20800.0,30100.0,107100.0,120,800.0,0.63,0,9.9,Salaried,Graduate,RENT,Personal,0
686,52900.0,11400.0,118800.0,60,3000.0,0.35,0,10.4,Salaried,Graduate,RENT,Education,1
759,32600.0,0.0,99400.0,240,7800.0,0.29,0,12.3,Business,Post Graduate,RENT,Vehicle,1
686,81200.0,27500.0,287300.0,36,46000.0,0.13,0,1.6,Salaried,Graduate,RENT,Vehicle,0
665,33100.0,0.0,95500.0,360,18000.0,0.33,1,2.1,Self-Employed,Graduate,OWN,Education,0
734,37500.0,17700.0,131800.0,60,10500.0,0.82,0,3.9,Business,Post Graduate,RENT,Personal,0
741,15800.0,23900.0,64000.0,360,1300.0,0.28,0,10.9,Salaried,Graduate,OWN,Vehicle,1
548,37400.0,0.0,161200.0,12,4000.0,0.12,0,9.2,Salaried,Not Graduate,MORTGAGE,Business,0
697,15000.0,0.0,12700.0,60,3400.0,0.47,0,10.1,Salaried,Graduate,RENT,Personal,1
850,19000.0,0.0,80900.0,120,2400.0,0.47,0,2.1,Salaried,Post Graduate,OWN,Business,1
576,77400.0,17600.0,165800.0,24,3900.0,0.5,0,8.8,Salaried,Graduate,RENT,Business,0
682,78500.0,0.0,200200.0,60,31700.0,0.3,0,4.7,Salaried,Graduate,RENT,Business,0
850,63300.0,18700.0,76700.0,120,22100.0,0.09,1,4.9,Business,Post Graduate,OWN,Home,1
783,27400.0,27700.0,43200.0,60,4800.0,0.58,0,7.4,Self-Employed,Post Graduate,OWN,Business,1
646,47600.0,28600.0,169000.0,24,22200.0,0.35,1,0.5,Self-Employed,Graduate,MORTGAGE,Personal,0
707,48900.0,0.0,169500.0,60,22800.0,0.46,1,10.7,Business,Graduate,RENT,Personal,0
689,24500.0,41300.0,103800.0,24,7200.0,0.68,0,0.8,Salaried,Graduate,OWN,Personal,1
626,120800.0,14300.0,371400.0,120,7000.0,0.39,1,5.9,Self-Employed,Post Graduate,RENT,Home,0
683,83000.0,10300.0,150600.0,12,45700.0,0.41,0,11.7,Salaried,Post Graduate,OWN,Personal,1
666,42900.0,0.0,88100.0,24,17200.0,0.47,3,0.5,Salaried,Graduate,OWN,Home,0
699,49800.0,0.0,205500.0,36,7400.0,0.36,1,1.0,Salaried,Graduate,OWN,Education,0
626,55500.0,0.0,217700.0,60,20300.0,0.54,0,13.2,Salaried,Graduate,MORTGAGE,Personal,0
581,15000.0,67200.0,210800.0,360,3600.0,0.44,0,2.6,Business,Graduate,OWN,Vehicle,0
686,42300.0,0.0,61400.0,24,16100.0,0.36,0,12.8,Salaried,Graduate,RENT,Personal,1
835,32600.0,11000.0,55500.0,24,9300.0,0.57,1,10.2,Self-Employed,Graduate,OWN,Personal,1
696,26900.0,0.0,116100.0,36,7800.0,0.49,0,1.3,Salaried,Graduate,RENT,Home,1
661,41400.0,19800.0,80200.0,120,18300.0,0.41,0,8.9,Salaried,Graduate,RENT,Personal,1
754,144200.0,24400.0,629300.0,48,53100.0,0.22,1,10.3,Salaried,Not Graduate,RENT,Vehicle,0
676,72000.0,51600.0,244200.0,36,3500.0,0.63,1,1.0,Self-Employed,Post Graduate,RENT,Home,0
848,34800.0,0.0,154600.0,60,1400.0,0.16,0,8.3,Salaried,Post Graduate,RENT,Personal,1
689,69100.0,0.0,136300.0,36,12600.0,0.09,0,12.2,Business,Not Graduate,MORTGAGE,Home,1
749,113500.0,0.0,216300.0,48,29300.0,0.37,3,7.6,Salaried,Post Graduate,OWN,Home,0
625,85400.0,0.0,260500.0,36,14100.0,0.64,0,8.7,Salaried,Graduate,RENT,Personal,0
732,50800.0,30500.0,353300.0,120,19900.0,0.66,1,7.3,Salaried,Graduate,MORTGAGE,Home,0
713,33300.0,38100.0,314500.0,240,3900.0,0.71,0,13.1,Self-Employed,Graduate,OWN,Vehicle,0
685,74500.0,32700.0,356800.0,120,31500.0,0.32,0,7.5,Salaried,Graduate,MORTGAGE,Education,1
647,62100.0,0.0,218500.0,48,28800.0,0.33,0,4.5,Salaried,Post Graduate,MORTGAGE,Personal,0
635,83900.0,37200.0,333500.0,48,6300.0,0.68,1,6.9,Salaried,Graduate,RENT,Business,0
713,71800.0,33300.0,370300.0,24,28000.0,0.26,3,0.5,Self-Employed,Graduate,RENT,Home,0
743,92000.0,15800.0,424600.0,60,53100.0,0.28,0,0.5,Business,Not Graduate,OWN,Home,0
679,35600.0,0.0,87000.0,60,4100.0,0.08,1,3.9,Salaried,Post Graduate,OWN,Education,1
714,108100.0,38000.0,435300.0,240,59000.0,0.52,0,15.6,Salaried,Not Graduate,RENT,Personal,0
686,55200.0,23900.0,209600.0,36,20100.0,0.19,0,13.1,Salaried,Graduate,OWN,Personal,1
698,170300.0,59600.0,632200.0,120,60400.0,0.3,1,0.5,Business,Not Graduate,OWN,Home,0
672,32400.0,34600.0,272000.0,60,1000.0,0.74,0,2.8,Salaried,Graduate,MORTGAGE,Personal,0
691,138900.0,0.0,267000.0,36,62400.0,0.63,1,4.9,Business,Graduate,OWN,Home,0
850,55200.0,0.0,73600.0,60,15800.0,0.17,0,7.0,Salaried,Graduate,MORTGAGE,Education,1
716,33200.0,27800.0,141800.0,240,14400.0,0.65,0,2.8,Business,Graduate,RENT,Vehicle,0
744,36700.0,18700.0,73800.0,240,17800.0,0.69,0,4.9,Unemployed,Graduate,RENT,Vehicle,0
727,40400.0,0.0,100700.0,60,12700.0,0.29,0,13.1,Salaried,Graduate,RENT,Personal,1
667,63200.0,38200.0,417200.0,12,10000.0,0.53,0,3.0,Self-Employed,Graduate,OWN,Vehicle,0
799,67100.0,41100.0,321300.0,180,5700.0,0.11,0,10.8,Self-Employed,Graduate,MORTGAGE,Business,1
665,34700.0,36400.0,278800.0,60,3300.0,0.53,0,11.8,Salaried,Post Graduate,MORTGAGE,Education,1
779,48300.0,0.0,56300.0,36,25100.0,0.2,0,20.0,Salaried,Graduate,OWN,Education,1
661,177300.0,20500.0,811700.0,36,13100.0,0.55,0,4.6,Business,Graduate,OWN,Business,0
608,138200.0,62100.0,582300.0,24,31900.0,0.58,0,2.4,Business,Graduate,OWN,Business,0
721,63700.0,17100.0,50700.0,24,12800.0,0.14,1,0.5,Business,Graduate,MORTGAGE,Education,1
596,50200.0,16200.0,201400.0,120,26100.0,0.5,2,11.3,Unemployed,Graduate,MORTGAGE,Vehicle,0
735,52700.0,11200.0,275100.0,36,15100.0,0.43,0,10.1,Self-Employed,Post Graduate,RENT,Personal,0
588,70800.0,21500.0,75400.0,12,42300.0,0.25,0,7.5,Salaried,Not Graduate,RENT,Home,0
662,26500.0,0.0,75000.0,36,11700.0,0.21,2,9.6,Self-Employed,Post Graduate,RENT,Vehicle,0
568,42000.0,35000.0,320500.0,48,21400.0,0.17,3,8.4,Salaried,Graduate,RENT,Personal,0
850,18000.0,30400.0,26100.0,36,1100.0,0.52,0,6.0,Salaried,Graduate,RENT,Home,1
549,62300.0,0.0,188400.0,12,9500.0,0.63,0,6.3,Self-Employed,Post Graduate,OWN,Personal,0
690,72300.0,22100.0,226500.0,36,5900.0,0.14,1,7.5,Self-Employed,Graduate,OWN,Business,1
787,36700.0,22300.0,111400.0,60,10200.0,0.45,1,20.3,Self-Employed,Post Graduate,MORTGAGE,Business,1
778,126000.0,11100.0,412700.0,24,54300.0,0.37,0,12.6,Salaried,Graduate,OWN,Home,1
762,23500.0,0.0,16700.0,60,2400.0,0.44,0,2.2,Business,Graduate,RENT,Personal,1
663,20400.0,18300.0,135900.0,24,1600.0,0.54,0,10.0,Salaried,Post Graduate,OWN,Education,1
804,56100.0,0.0,29100.0,36,20700.0,0.31,1,8.0,Self-Employed,Graduate,RENT,Personal,1
767,91900.0,0.0,158800.0,36,12700.0,0.35,0,17.0,Salaried,Graduate,OWN,Personal,1
708,134600.0,37500.0,433000.0,24,38700.0,0.36,0,14.3,Salaried,Graduate,RENT,Business,1
710,37200.0,12700.0,100200.0,36,1100.0,0.1,0,7.5,Salaried,Graduate,RENT,Personal,1
664,93600.0,48900.0,246500.0,36,38200.0,0.66,1,7.9,Salaried,Post Graduate,MORTGAGE,Home,0
612,47900.0,0.0,183100.0,36,15600.0,0.45,0,2.3,Business,Graduate,OWN,Education,0
795,44200.0,9900.0,229300.0,60,17200.0,0.16,0,11.3,Business,Graduate,OWN,Personal,1
801,83300.0,0.0,332800.0,24,13800.0,0.05,0,13.7,Self-Employed,Graduate,MORTGAGE,Personal,1
614,72500.0,34500.0,277100.0,180,12100.0,0.65,1,8.6,Salaried,Graduate,RENT,Home,0
676,19000.0,37100.0,226500.0,120,9100.0,0.54,1,9.3,Self-Employed,Graduate,MORTGAGE,Personal,0
677,118900.0,19200.0,577700.0,120,51300.0,0.49,1,6.4,Salaried,Not Graduate,MORTGAGE,Personal,0
687,112200.0,0.0,239800.0,36,39000.0,0.38,0,12.4,Self-Employed,Graduate,MORTGAGE,Home,0
695,33700.0,0.0,55100.0,120,12700.0,0.33,0,1.3,Salaried,Graduate,OWN,Home,1
770,62200.0,28400.0,80900.0,36,3500.0,0.16,0,2.4,Salaried,Not Graduate,OWN,Vehicle,1
626,65900.0,0.0,159200.0,24,33900.0,0.37,0,12.6,Self-Employed,Graduate,MORTGAGE,Business,0
618,57300.0,18300.0,324000.0,12,26500.0,0.13,0,0.9,Salaried,Post Graduate,RENT,Vehicle,0
795,35200.0,44400.0,218400.0,240,12500.0,0.28,1,4.8,Self-Employed,Post Graduate,OWN,Business,1
650,32800.0,0.0,104000.0,36,18100.0,0.72,0,6.6,Salaried,Post Graduate,OWN,Home,0
582,48300.0,17600.0,62700.0,240,4900.0,0.22,0,10.4,Self-Employed,Graduate,RENT,Home,0
648,99100.0,40500.0,149900.0,36,40800.0,0.29,0,8.8,Salaried,Graduate,MORTGAGE,Personal,1
661,67900.0,0.0,160100.0,240,39200.0,0.43,0,0.5,Self-Employed,Graduate,RENT,Business,0
822,39200.0,0.0,168800.0,240,7300.0,0.23,0,10.9,Salaried,Graduate,RENT,Home,1
768,77900.0,0.0,151400.0,240,700.0,0.54,0,6.9,Salaried,Post Graduate,RENT,Vehicle,1
787,15000.0,21300.0,145600.0,48,6600.0,0.31,0,13.3,Salaried,Graduate,MORTGAGE,Education,1
759,97700.0,40600.0,135700.0,180,400.0,0.76,0,3.2,Self-Employed,Graduate,MORTGAGE,Personal,1
770,17300.0,0.0,51300.0,360,9100.0,0.88,0,15.9,Salaried,Graduate,OWN,Business,1
631,39400.0,0.0,114400.0,36,1300.0,0.43,1,2.1,Salaried,Not Graduate,MORTGAGE,Home,0
673,25000.0,33800.0,231600.0,48,9800.0,0.42,0,5.7,Salaried,Not Graduate,OWN,Personal,0
605,22500.0,18800.0,21200.0,60,5100.0,0.6,1,14.3,Salaried,Post Graduate,OWN,Business,0
672,98400.0,66000.0,207100.0,36,12000.0,0.71,2,19.3,Salaried,Graduate,RENT,Vehicle,0
748,37000.0,0.0,51000.0,120,19900.0,0.22,0,2.1,Salaried,Post Graduate,OWN,Education,1
701,60300.0,0.0,259300.0,24,27000.0,0.34,0,20.5,Salaried,Graduate,OWN,Business,1
801,47700.0,53100.0,112400.0,48,9700.0,0.51,0,0.5,Self-Employed,Post Graduate,MORTGAGE,Vehicle,1
592,65300.0,27800.0,60300.0,24,11100.0,0.18,2,11.8,Salaried,Graduate,OWN,Personal,0
732,51300.0,0.0,135300.0,36,22700.0,0.49,0,16.8,Salaried,Graduate,MORTGAGE,Business,0
583,22700.0,56300.0,206500.0,36,11400.0,0.46,1,2.8,Self-Employed,Graduate,RENT,Education,0
698,89100.0,30400.0,463200.0,120,38300.0,0.5,0,14.1,Self-Employed,Post Graduate,MORTGAGE,Personal,0
752,36500.0,23700.0,258600.0,36,14000.0,0.55,0,5.4,Salaried,Graduate,MORTGAGE,Vehicle,0
671,19300.0,0.0,51200.0,120,2600.0,0.46,0,4.3,Self-Employed,Graduate,RENT,Personal,0
736,37900.0,25800.0,268800.0,120,19400.0,0.32,0,1.2,Salaried,Post Graduate,RENT,Education,1
608,120600.0,40600.0,548200.0,48,54200.0,0.12,0,7.6,Salaried,Graduate,MORTGAGE,Personal,0
548,81600.0,43200.0,194500.0,36,25300.0,0.09,0,8.7,Salaried,Post Graduate,RENT,Personal,0
737,39800.0,0.0,167700.0,36,12200.0,0.22,0,2.0,Unemployed,Graduate,OWN,Home,0
838,39800.0,0.0,126200.0,48,13600.0,0.58,0,15.1,Self-Employed,Graduate,MORTGAGE,Home,1
605,40400.0,0.0,87100.0,12,20100.0,0.05,0,5.0,Salaried,Not Graduate,OWN,Education,0
793,170400.0,21000.0,616500.0,48,75900.0,0.06,0,7.8,Salaried,Graduate,OWN,Education,0
693,61600.0,0.0,129700.0,360,31600.0,0.31,0,9.2,Self-Employed,Graduate,RENT,Education,0
576,63500.0,23000.0,82800.0,36,19300.0,0.71,3,23.0,Salaried,Not Graduate,RENT,Personal,0
593,91000.0,0.0,307200.0,60,34100.0,0.16,0,14.4,Salaried,Graduate,RENT,Business,0
691,56600.0,72600.0,490500.0,360,29000.0,0.05,0,12.1,Salaried,Post Graduate,RENT,Business,1
655,42000.0,28600.0,241100.0,180,5900.0,0.45,0,5.8,Salaried,Graduate,OWN,Personal,0
578,43600.0,0.0,61800.0,180,11600.0,0.17,0,9.9,Salaried,Graduate,RENT,Home,0
546,47000.0,0.0,203300.0,120,17500.0,0.22,0,10.4,Self-Employed,Graduate,RENT,Home,0
618,47900.0,0.0,28800.0,36,26300.0,0.27,0,7.8,Self-Employed,Not Graduate,RENT,Business,0
706,75900.0,17800.0,171500.0,180,700.0,0.65,0,12.8,Self-Employed,Post Graduate,MORTGAGE,Business,1
689,50600.0,28600.0,122000.0,240,6500.0,0.07,0,23.7,Salaried,Graduate,MORTGAGE,Personal,1
647,76100.0,0.0,52700.0,48,10700.0,0.72,0,2.4,Self-Employed,Graduate,RENT,Business,0
707,46700.0,29900.0,162600.0,36,9200.0,0.34,0,10.1,Business,Graduate,RENT,Personal,1
778,51400.0,0.0,153800.0,48,8700.0,0.23,1,10.0,Salaried,Post Graduate,MORTGAGE,Home,1
723,15000.0,0.0,60500.0,36,5300.0,0.58,1,6.8,Self-Employed,Graduate,RENT,Home,0
679,84900.0,0.0,378500.0,36,45100.0,0.42,0,4.7,Self-Employed,Graduate,RENT,Home,0
768,60300.0,37000.0,363200.0,60,23000.0,0.36,0,4.4,Self-Employed,Post Graduate,RENT,Education,1
608,89200.0,0.0,211800.0,60,12900.0,0.31,0,19.2,Salaried,Post Graduate,RENT,Education,1
670,15000.0,0.0,50900.0,48,7800.0,0.65,0,8.8,Salaried,Graduate,MORTGAGE,Personal,0
672,171600.0,0.0,664900.0,24,65100.0,0.63,0,13.1,Salaried,Post Graduate,OWN,Business,0
584,45100.0,0.0,106500.0,120,5900.0,0.44,0,6.6,Salaried,Graduate,RENT,Personal,0
654,95300.0,24100.0,434600.0,36,20700.0,0.33,2,10.2,Unemployed,Graduate,MORTGAGE,Home,0
513,26300.0,0.0,63900.0,24,12500.0,0.53,0,10.6,Salaried,Post Graduate,MORTGAGE,Vehicle,0
850,70800.0,0.0,144900.0,60,31400.0,0.18,0,6.8,Business,Graduate,RENT,Business,1
610,26100.0,13100.0,102100.0,36,9000.0,0.51,0,9.3,Self-Employed,Graduate,RENT,Vehicle,0
824,33700.0,0.0,108000.0,24,2900.0,0.46,0,14.4,Salaried,Not Graduate,RENT,Home,1
693,154600.0,30300.0,630100.0,36,74500.0,0.4,0,2.4,Unemployed,Graduate,OWN,Education,0
738,43700.0,41900.0,164900.0,120,8100.0,0.56,0,9.1,Business,Graduate,RENT,Vehicle,1
648,55900.0,0.0,155700.0,60,25900.0,0.41,0,10.9,Salaried,Graduate,RENT,Education,0
707,82600.0,13600.0,398200.0,36,32100.0,0.22,2,12.0,Salaried,Graduate,OWN,Education,0
745,66000.0,0.0,290700.0,36,10500.0,0.3,1,12.8,Salaried,Not Graduate,MORTGAGE,Education,1
746,53700.0,23400.0,108600.0,60,6800.0,0.4,0,11.6,Salaried,Graduate,RENT,Personal,1
755,61000.0,33400.0,120000.0,180,4800.0,0.46,0,14.0,Salaried,Graduate,MORTGAGE,Personal,1
658,207300.0,0.0,664800.0,60,30100.0,0.58,0,6.0,Self-Employed,Graduate,RENT,Vehicle,0
649,47400.0,22600.0,151100.0,120,4500.0,0.24,0,15.3,Salaried,Graduate,RENT,Personal,1
554,55300.0,21600.0,45900.0,48,20500.0,0.61,1,8.6,Business,Graduate,OWN,Home,0
734,92100.0,15400.0,202900.0,60,33100.0,0.79,0,12.4,Salaried,Graduate,RENT,Home,0
782,95200.0,44100.0,519200.0,180,33500.0,0.22,0,1.5,Salaried,Graduate,RENT,Education,0
827,99900.0,33800.0,493300.0,120,38500.0,0.58,0,11.3,Salaried,Post Graduate,MORTGAGE,Personal,1
715,71900.0,0.0,178200.0,240,35100.0,0.19,0,8.8,Business,Post Graduate,RENT,Education,0
624,24700.0,0.0,59000.0,48,13500.0,0.25,0,6.5,Salaried,Not Graduate,RENT,Education,0
545,130600.0,19400.0,422700.0,240,18100.0,0.41,2,14.5,Business,Graduate,RENT,Vehicle,0
778,24600.0,0.0,33900.0,60,8700.0,0.34,0,9.1,Salaried,Not Graduate,OWN,Education,1
537,58800.0,32200.0,237000.0,180,2800.0,0.13,1,9.0,Salaried,Not Graduate,MORTGAGE,Personal,0
661,31200.0,0.0,17000.0,12,2200.0,0.71,0,0.9,Self-Employed,Graduate,RENT,Home,0
670,47200.0,0.0,113400.0,60,18500.0,0.21,0,4.6,Unemployed,Graduate,RENT,Personal,0
684,59700.0,0.0,110100.0,120,17400.0,0.45,0,8.9,Self-Employed,Graduate,RENT,Education,0
693,59400.0,30800.0,288600.0,36,27000.0,0.12,0,4.6,Self-Employed,Graduate,RENT,Business,1
701,63100.0,58900.0,372500.0,60,16100.0,0.18,0,15.3,Salaried,Graduate,OWN,Home,1
484,129100.0,36300.0,334700.0,120,9900.0,0.11,0,6.5,Salaried,Graduate,RENT,Personal,0
691,64400.0,0.0,34100.0,36,33700.0,0.3,0,3.2,Salaried,Graduate,RENT,Home,0
500,42300.0,16600.0,88900.0,48,2100.0,0.17,0,2.4,Salaried,Not Graduate,RENT,Business,0
752,87400.0,0.0,265100.0,60,9900.0,0.52,0,7.3,Salaried,Graduate,RENT,Vehicle,1
642,100100.0,39500.0,110200.0,48,16600.0,0.4,0,12.3,Salaried,Graduate,RENT,Vehicle,1
506,23500.0,57100.0,75000.0,12,14000.0,0.29,1,3.3,Salaried,Post Graduate,RENT,Education,0
620,70200.0,0.0,216800.0,24,17600.0,0.26,1,2.8,Self-Employed,Graduate,RENT,Home,0
641,74700.0,15200.0,316700.0,24,22500.0,0.62,0,5.1,Salaried,Graduate,OWN,Personal,0
791,41000.0,7900.0,87300.0,36,18900.0,0.31,0,7.7,Salaried,Graduate,MORTGAGE,Business,1
706,111900.0,0.0,275100.0,36,42700.0,0.3,1,2.7,Salaried,Graduate,RENT,Personal,0
719,44800.0,25400.0,300700.0,60,22600.0,0.36,0,8.6,Business,Not Graduate,MORTGAGE,Personal,0
790,52900.0,59800.0,482600.0,60,15400.0,0.38,1,15.8,Self-Employed,Graduate,OWN,Vehicle,0
681,44200.0,0.0,76500.0,120,25800.0,0.2,0,7.9,Salaried,Post Graduate,MORTGAGE,Home,0
754,49500.0,0.0,185100.0,24,23700.0,0.53,0,6.0,Salaried,Graduate,OWN,Education,1
748,25400.0,22000.0,136300.0,48,6100.0,0.64,0,13.6,Salaried,Post Graduate,OWN,Vehicle,1
580,20700.0,20100.0,179600.0,36,4700.0,0.13,3,2.2,Salaried,Post Graduate,RENT,Education,0
815,127600.0,54300.0,438500.0,120,71200.0,0.39,0,10.7,Salaried,Graduate,MORTGAGE,Home,1
569,29500.0,29700.0,213100.0,60,12100.0,0.62,1,8.1,Salaried,Graduate,OWN,Personal,0
767,27000.0,9400.0,130000.0,180,10100.0,0.94,0,16.5,Salaried,Graduate,MORTGAGE,Home,1
561,15000.0,19200.0,85100.0,12,6800.0,0.67,0,14.3,Salaried,Graduate,OWN,Home,0
741,33400.0,17500.0,187400.0,60,11200.0,0.42,0,0.5,Salaried,Graduate,OWN,Business,1
848,22200.0,20500.0,65900.0,48,2100.0,0.42,0,9.0,Salaried,Graduate,OWN,Home,1
671,131300.0,0.0,129900.0,120,25100.0,0.62,0,0.7,Salaried,Graduate,RENT,Education,1
668,89800.0,0.0,197600.0,48,30100.0,0.04,2,13.7,Salaried,Graduate,OWN,Vehicle,0
741,32400.0,0.0,138500.0,48,400.0,0.29,1,3.2,Self-Employed,Not Graduate,OWN,Home,1
662,189400.0,51900.0,604000.0,24,49700.0,0.1,0,11.9,Self-Employed,Graduate,OWN,Personal,0
844,88300.0,19000.0,326300.0,60,40000.0,0.55,0,13.8,Salaried,Graduate,RENT,Business,1
706,40300.0,0.0,120800.0,36,4000.0,0.16,0,0.5,Salaried,Graduate,OWN,Business,1
662,15000.0,0.0,15500.0,12,600.0,0.63,3,15.4,Self-Employed,Not Graduate,RENT,Business,0
644,193800.0,28100.0,457400.0,24,97200.0,0.23,0,13.6,Self-Employed,Post Graduate,OWN,Personal,0
610,21300.0,0.0,70900.0,360,7900.0,0.65,0,2.7,Salaried,Not Graduate,RENT,Home,0
636,18300.0,28600.0,205800.0,36,1900.0,0.58,0,13.8,Salaried,Post Graduate,RENT,Business,0
660,90500.0,33600.0,145500.0,180,43800.0,0.42,0,2.0,Self-Employed,Graduate,OWN,Personal,1
648,211900.0,33400.0,525400.0,360,83700.0,0.8,0,12.5,Salaried,Graduate,RENT,Education,0
634,112500.0,0.0,99000.0,240,22600.0,0.11,0,7.5,Salaried,Post Graduate,OWN,Personal,1
850,68800.0,0.0,101100.0,180,15500.0,0.7,2,0.9,Self-Employed,Graduate,RENT,Vehicle,0
602,70000.0,94100.0,329400.0,180,6500.0,0.25,0,15.4,Salaried,Post Graduate,MORTGAGE,Vehicle,1
702,81800.0,21100.0,274000.0,36,41000.0,0.37,0,15.4,Salaried,Graduate,OWN,Home,1
740,77300.0,38200.0,164300.0,36,23600.0,0.37,0,9.0,Salaried,Post Graduate,OWN,Personal,1
743,58000.0,0.0,81800.0,60,19400.0,0.41,0,8.1,Self-Employed,Graduate,OWN,Vehicle,1
685,52200.0,23400.0,273000.0,48,27700.0,0.28,0,6.0,Salaried,Graduate,RENT,Personal,0
669,47200.0,25200.0,315000.0,24,400.0,0.33,0,10.8,Business,Graduate,RENT,Personal,0
728,31200.0,34100.0,117200.0,60,1300.0,0.2,4,10.0,Salaried,Graduate,OWN,Business,0
712,41400.0,6900.0,157100.0,60,4000.0,0.1,0,15.6,Self-Employed,Post Graduate,RENT,Vehicle,1
667,17800.0,0.0,27300.0,180,300.0,0.53,0,9.1,Salaried,Graduate,OWN,Education,1
557,46200.0,0.0,194600.0,60,18200.0,0.7,0,15.0,Business,Not Graduate,RENT,Education,0
650,27100.0,31600.0,187300.0,60,10300.0,0.44,0,0.5,Salaried,Post Graduate,OWN,Business,0
592,25300.0,16000.0,153300.0,48,3200.0,0.11,0,12.1,Salaried,Graduate,MORTGAGE,Personal,0
633,54600.0,0.0,38100.0,48,4900.0,0.3,2,8.9,Business,Post Graduate,OWN,Personal,0
692,113000.0,0.0,327000.0,360,9900.0,0.4,0,9.8,Business,Post Graduate,OWN,Vehicle,0
720,85000.0,15900.0,263400.0,24,48600.0,0.12,1,17.1,Salaried,Not Graduate,RENT,Personal,0
841,19100.0,0.0,31900.0,48,7900.0,0.47,0,13.5,Business,Post Graduate,OWN,Personal,1
644,27100.0,0.0,42000.0,60,9500.0,0.33,0,6.2,Self-Employed,Graduate,MORTGAGE,Home,0
755,86200.0,10800.0,273500.0,48,16700.0,0.26,0,3.7,Salaried,Graduate,MORTGAGE,Vehicle,1
716,27200.0,44800.0,239500.0,36,7100.0,0.06,0,0.5,Unemployed,Graduate,RENT,Personal,0
800,42800.0,14100.0,36000.0,36,2300.0,0.42,0,10.3,Salaried,Post Graduate,MORTGAGE,Home,1
738,68200.0,0.0,188900.0,36,40800.0,0.42,1,14.1,Salaried,Not Graduate,RENT,Home,0
604,27400.0,39200.0,78700.0,36,12400.0,0.31,1,14.3,Salaried,Post Graduate,OWN,Personal,1
543,52200.0,19800.0,76400.0,180,19500.0,0.5,0,6.0,Business,Graduate,MORTGAGE,Home,0
716,22000.0,17800.0,119100.0,48,7800.0,0.6,1,14.3,Salaried,Graduate,MORTGAGE,Business,1
645,34200.0,30100.0,112100.0,36,10300.0,0.21,0,14.4,Self-Employed,Graduate,OWN,Vehicle,1
606,59400.0,0.0,134500.0,36,9200.0,0.17,0,12.8,Self-Employed,Graduate,MORTGAGE,Home,0
582,18800.0,0.0,36500.0,24,2600.0,0.53,0,8.3,Salaried,Post Graduate,MORTGAGE,Personal,1
703,63800.0,0.0,197400.0,240,21000.0,0.27,0,7.8,Salaried,Graduate,RENT,Personal,1
818,48400.0,0.0,115200.0,48,2000.0,0.35,0,10.7,Salaried,Post Graduate,OWN,Personal,1
655,68300.0,22100.0,393600.0,360,3100.0,0.72,0,11.4,Salaried,Graduate,OWN,Vehicle,0
740,56100.0,27400.0,159400.0,36,18900.0,0.53,1,5.6,Business,Graduate,MORTGAGE,Vehicle,1
681,111100.0,17500.0,445100.0,120,61300.0,0.19,0,6.2,Business,Not Graduate,RENT,Vehicle,0
580,52800.0,21400.0,113500.0,36,29000.0,0.24,0,9.3,Business,Graduate,RENT,Home,0
752,37900.0,0.0,96100.0,24,200.0,0.42,0,4.9,Salaried,Post Graduate,MORTGAGE,Personal,1
596,52800.0,28000.0,219000.0,12,3400.0,0.45,1,5.5,Self-Employed,Graduate,OWN,Vehicle,0
691,67900.0,0.0,123300.0,60,23800.0,0.18,3,0.5,Business,Graduate,RENT,Business,0
660,50500.0,0.0,120500.0,36,25700.0,0.54,0,3.0,Business,Not Graduate,RENT,Home,0
765,50200.0,0.0,81200.0,48,28700.0,0.55,0,11.7,Salaried,Not Graduate,OWN,Vehicle,1
600,32200.0,34600.0,35000.0,120,16600.0,0.51,0,13.0,Salaried,Post Graduate,RENT,Vehicle,0
723,32900.0,49300.0,112000.0,36,13400.0,0.8,0,7.8,Business,Post Graduate,MORTGAGE,Business,1
618,21100.0,0.0,69600.0,36,2500.0,0.52,0,12.0,Self-Employed,Graduate,OWN,Personal,0
646,140000.0,0.0,501700.0,120,6100.0,0.13,0,0.5,Business,Graduate,MORTGAGE,Business,0
381,23200.0,31000.0,87800.0,48,700.0,0.19,1,10.1,Salaried,Graduate,MORTGAGE,Business,0
850,32300.0,0.0,68900.0,120,11900.0,0.31,0,0.7,Salaried,Graduate,MORTGAGE,Business,1
736,31900.0,7800.0,25800.0,36,700.0,0.19,0,3.8,Self-Employed,Graduate,RENT,Business,1
624,83900.0,34600.0,171600.0,36,37200.0,0.47,0,11.2,Salaried,Not Graduate,MORTGAGE,Education,0
594,41100.0,57500.0,356600.0,36,17600.0,0.2,2,12.1,Salaried,Post Graduate,MORTGAGE,Personal,0
647,103600.0,28500.0,386300.0,240,4900.0,0.25,1,0.5,Salaried,Post Graduate,MORTGAGE,Vehicle,0
750,32700.0,16100.0,64600.0,180,17800.0,0.1,2,0.5,Salaried,Graduate,RENT,Personal,0
529,58000.0,20800.0,120500.0,360,18200.0,0.67,0,4.6,Salaried,Graduate,RENT,Vehicle,0
677,29700.0,65200.0,357500.0,48,16100.0,0.35,0,0.5,Salaried,Not Graduate,OWN,Home,0
840,177600.0,42400.0,294000.0,120,96100.0,0.74,0,5.9,Self-Employed,Graduate,OWN,Personal,1
593,24000.0,0.0,44100.0,48,2800.0,0.39,0,12.3,Salaried,Graduate,RENT,Home,0
696,59000.0,32200.0,288000.0,48,13500.0,0.3,0,0.5,Business,Graduate,OWN,Vehicle,0
850,71700.0,19300.0,249700.0,120,5800.0,0.47,0,18.1,Self-Employed,Post Graduate,RENT,Personal,1
743,62800.0,24300.0,204100.0,36,29200.0,0.17,0,6.7,Salaried,Not Graduate,MORTGAGE,Personal,1
700,43900.0,25900.0,286100.0,36,13300.0,0.21,0,9.9,Salaried,Not Graduate,OWN,Home,1
733,45300.0,35400.0,111300.0,36,25200.0,0.66,0,2.9,Self-Employed,Post Graduate,MORTGAGE,Personal,0
655,50300.0,0.0,174300.0,120,6300.0,0.57,2,13.2,Salaried,Graduate,OWN,Business,0
800,44900.0,47100.0,104500.0,36,18500.0,0.29,1,9.2,Salaried,Graduate,RENT,Vehicle,1
656,87400.0,13200.0,298100.0,36,51900.0,0.21,0,9.3,Business,Graduate,OWN,Education,0
523,184700.0,30100.0,855400.0,360,73700.0,0.74,1,9.9,Salaried,Not Graduate,OWN,Personal,0
656,35100.0,38900.0,172500.0,36,1400.0,0.2,0,1.5,Self-Employed,Graduate,MORTGAGE,Education,1
607,21500.0,0.0,73000.0,36,7600.0,0.48,0,10.1,Salaried,Not Graduate,RENT,Education,0
666,46500.0,19600.0,250000.0,60,5000.0,0.51,0,11.5,Salaried,Graduate,RENT,Education,0
667,230500.0,0.0,240700.0,120,4200.0,0.19,0,0.5,Salaried,Graduate,MORTGAGE,Business,1
791,30300.0,0.0,100700.0,24,6100.0,0.34,1,6.7,Business,Post Graduate,OWN,Vehicle,1
749,131100.0,15700.0,613500.0,60,20900.0,0.41,0,6.5,Salaried,Graduate,RENT,Home,0
712,134100.0,0.0,376200.0,12,63500.0,0.49,2,8.2,Self-Employed,Graduate,RENT,Education,0
689,35200.0,77500.0,140300.0,48,7900.0,0.1,1,11.6,Business,Post Graduate,RENT,Home,1
599,69000.0,0.0,69500.0,36,30300.0,0.28,0,12.1,Salaried,Not Graduate,RENT,Business,0
504,130200.0,0.0,200400.0,36,1300.0,0.52,0,7.5,Self-Employed,Graduate,MORTGAGE,Education,0
699,39000.0,46100.0,77800.0,48,300.0,0.6,4,12.8,Self-Employed,Graduate,RENT,Education,0
757,43400.0,26700.0,179000.0,240,800.0,0.51,0,1.1,Salaried,Graduate,RENT,Home,1
680,34600.0,22800.0,44700.0,60,4600.0,0.04,0,9.3,Self-Employed,Graduate,RENT,Home,1
644,26700.0,35700.0,87000.0,240,6000.0,0.57,0,0.5,Salaried,Graduate,OWN,Personal,0
729,33200.0,30800.0,144600.0,60,12100.0,0.28,0,5.5,Salaried,Post Graduate,RENT,Personal,1
682,23500.0,0.0,56300.0,12,13900.0,0.1,0,10.4,Self-Employed,Graduate,RENT,Home,0
833,50000.0,0.0,138100.0,36,10600.0,0.51,0,11.6,Self-Employed,Graduate,OWN,Personal,1
794,30900.0,0.0,102700.0,240,1000.0,0.65,1,9.5,Salaried,Graduate,RENT,Vehicle,1
771,56400.0,31100.0,60300.0,60,6600.0,0.66,2,15.9,Unemployed,Graduate,MORTGAGE,Personal,1
754,19300.0,29900.0,40500.0,360,10400.0,0.45,1,8.5,Business,Graduate,RENT,Business,1
580,59800.0,34400.0,70000.0,36,25100.0,0.42,2,0.5,Salaried,Graduate,RENT,Personal,0
746,80800.0,27700.0,237900.0,36,38300.0,0.32,0,0.5,Business,Graduate,RENT,Personal,1
721,15000.0,26900.0,28000.0,36,1100.0,0.67,0,3.0,Salaried,Not Graduate,MORTGAGE,Business,1
741,61400.0,0.0,213900.0,36,5000.0,0.58,0,3.0,Self-Employed,Post Graduate,RENT,Business,0
731,102400.0,0.0,142500.0,36,6900.0,0.41,1,8.2,Self-Employed,Post Graduate,MORTGAGE,Personal,0
728,23700.0,12700.0,154900.0,48,12200.0,0.02,2,5.2,Salaried,Post Graduate,MORTGAGE,Personal,0
850,133700.0,27000.0,393000.0,60,16800.0,0.65,0,3.2,Self-Employed,Post Graduate,RENT,Personal,1
683,63000.0,19100.0,187600.0,36,24300.0,0.09,0,5.1,Salaried,Graduate,RENT,Home,1
769,32100.0,0.0,116300.0,24,9900.0,0.31,0,6.3,Self-Employed,Graduate,OWN,Home,1
649,47400.0,32900.0,269200.0,60,15500.0,0.37,0,3.8,Salaried,Graduate,RENT,Home,0
757,68500.0,0.0,200700.0,48,8000.0,0.07,0,8.2,Self-Employed,Graduate,OWN,Vehicle,1
769,51300.0,0.0,217500.0,60,19600.0,0.33,1,12.7,Business,Not Graduate,MORTGAGE,Business,0
720,67700.0,10300.0,170700.0,48,1800.0,0.17,0,4.8,Self-Employed,Graduate,OWN,Business,1
831,28200.0,0.0,105300.0,180,16800.0,0.4,0,8.4,Salaried,Graduate,OWN,Home,1
614,54300.0,42100.0,194800.0,60,900.0,0.54,0,18.3,Salaried,Graduate,MORTGAGE,Personal,1
648,21000.0,0.0,80900.0,240,600.0,0.54,0,9.2,Salaried,Graduate,RENT,Education,0
708,45900.0,48700.0,145500.0,48,8900.0,0.25,0,13.5,Salaried,Graduate,OWN,Business,1
764,28500.0,34900.0,105100.0,36,14200.0,0.61,0,5.6,Unemployed,Graduate,OWN,Personal,1
705,31500.0,0.0,101200.0,36,4900.0,0.63,0,13.8,Salaried,Graduate,RENT,Business,1
799,102900.0,24400.0,172000.0,48,29100.0,0.49,0,4.0,Salaried,Post Graduate,RENT,Personal,1
633,94400.0,0.0,133700.0,48,1000.0,0.44,0,11.0,Self-Employed,Graduate,RENT,Home,0
593,70600.0,33400.0,179000.0,60,3300.0,0.28,2,13.4,Business,Graduate,RENT,Home,0
716,25500.0,0.0,82000.0,36,9300.0,0.21,1,15.7,Business,Graduate,OWN,Business,1
683,40500.0,0.0,164300.0,60,4700.0,0.67,0,8.6,Business,Graduate,RENT,Personal,0
736,101500.0,0.0,324600.0,120,42300.0,0.29,0,6.7,Unemployed,Graduate,OWN,Personal,1
687,53400.0,0.0,203500.0,60,25200.0,0.85,1,1.1,Salaried,Not Graduate,RENT,Vehicle,0
661,197100.0,20600.0,582200.0,48,100600.0,0.21,0,7.6,Salaried,Post Graduate,RENT,Business,0
683,62100.0,0.0,48200.0,360,5000.0,0.81,0,12.0,Business,Not Graduate,RENT,Personal,1
692,55000.0,0.0,49600.0,48,15000.0,0.53,1,11.5,Salaried,Post Graduate,RENT,Home,1
664,40700.0,14800.0,150800.0,24,23100.0,0.34,0,7.9,Business,Post Graduate,RENT,Business,0
672,53100.0,0.0,96200.0,120,24600.0,0.45,0,9.9,Salaried,Graduate,RENT,Business,0
655,44700.0,15500.0,83200.0,36,3100.0,0.4,0,16.4,Salaried,Not Graduate,RENT,Business,1
762,75000.0,12800.0,207600.0,60,22600.0,0.36,1,11.4,Business,Post Graduate,RENT,Business,1
706,87000.0,28900.0,366900.0,36,48100.0,0.19,1,6.8,Salaried,Graduate,RENT,Home,0
850,30600.0,48100.0,160500.0,12,8100.0,0.08,0,8.0,Business,Post Graduate,MORTGAGE,Personal,1
703,22100.0,24500.0,172900.0,36,11100.0,0.57,1,11.4,Salaried,Post Graduate,RENT,Business,0
643,16300.0,0.0,56300.0,36,4800.0,0.59,0,11.0,Salaried,Graduate,MORTGAGE,Vehicle,0
850,66500.0,40900.0,369400.0,24,4300.0,0.32,0,19.3,Salaried,Graduate,RENT,Home,1
725,25300.0,62500.0,389900.0,36,2200.0,0.31,0,16.3,Salaried,Graduate,RENT,Vehicle,1
774,15000.0,19500.0,58000.0,120,400.0,0.63,0,2.9,Salaried,Graduate,MORTGAGE,Home,1
740,61900.0,21200.0,255900.0,120,7300.0,0.57,0,4.7,Salaried,Graduate,RENT,Education,1
742,218800.0,34800.0,994600.0,120,117300.0,0.15,0,14.4,Salaried,Graduate,RENT,Personal,0
735,48800.0,60500.0,308000.0,120,19000.0,0.63,0,4.1,Salaried,Graduate,RENT,Education,0
596,81100.0,20700.0,372400.0,48,36000.0,0.51,0,8.8,Business,Not Graduate,RENT,Business,0
721,51500.0,13800.0,140900.0,180,19200.0,0.4,0,16.1,Business,Not Graduate,MORTGAGE,Vehicle,1
577,46200.0,36900.0,237800.0,48,10700.0,0.14,0,9.6,Self-Employed,Graduate,OWN,Education,0
675,85100.0,0.0,61500.0,48,11100.0,0.11,0,12.9,Self-Employed,Graduate,MORTGAGE,Personal,1
628,41200.0,27000.0,303000.0,60,22900.0,0.5,0,9.1,Salaried,Post Graduate,RENT,Personal,0
720,57600.0,20400.0,288600.0,36,17800.0,0.38,1,7.6,Self-Employed,Graduate,OWN,Vehicle,0
718,59500.0,0.0,236500.0,120,17200.0,0.22,0,0.5,Salaried,Graduate,MORTGAGE,Education,0
730,32800.0,0.0,107500.0,48,19600.0,0.82,4,9.3,Salaried,Graduate,MORTGAGE,Personal,0
714,88900.0,18300.0,133400.0,24,20500.0,0.67,0,5.3,Salaried,Graduate,RENT,Business,1
638,44100.0,0.0,27500.0,24,22600.0,0.15,0,14.7,Self-Employed,Post Graduate,RENT,Education,0
667,31100.0,0.0,123100.0,36,16100.0,0.12,3,0.5,Business,Not Graduate,MORTGAGE,Education,0
768,67600.0,37900.0,220000.0,180,9400.0,0.42,0,5.5,Salaried,Graduate,RENT,Personal,1
780,28600.0,0.0,44500.0,360,1600.0,0.52,0,14.9,Salaried,Post Graduate,MORTGAGE,Business,1
592,49900.0,21600.0,196400.0,36,29200.0,0.61,0,17.8,Salaried,Graduate,RENT,Business,0
559,48800.0,0.0,106600.0,36,12500.0,0.48,1,13.8,Business,Graduate,RENT,Vehicle,0
628,94000.0,0.0,292000.0,36,100.0,0.45,0,11.3,Salaried,Graduate,MORTGAGE,Personal,1
778,65200.0,42100.0,261300.0,120,19500.0,0.71,1,0.5,Salaried,Graduate,RENT,Personal,0
793,48300.0,36200.0,277900.0,36,17900.0,0.85,0,2.7,Salaried,Graduate,RENT,Home,1
611,80100.0,0.0,313500.0,240,37300.0,0.51,1,12.6,Salaried,Graduate,OWN,Personal,0
716,112900.0,0.0,144800.0,60,63900.0,0.59,0,1.6,Salaried,Graduate,RENT,Home,0
845,68500.0,32900.0,184300.0,180,37600.0,0.1,0,6.8,Salaried,Graduate,OWN,Personal,1
725,49300.0,0.0,110800.0,60,27800.0,0.82,0,6.4,Salaried,Graduate,MORTGAGE,Home,0
810,22300.0,0.0,97000.0,60,400.0,0.58,0,10.1,Salaried,Graduate,RENT,Business,1
774,25900.0,0.0,50800.0,60,11100.0,0.15,0,11.4,Salaried,Graduate,RENT,Vehicle,1
612,40800.0,34600.0,152600.0,120,5500.0,0.4,0,0.5,Salaried,Post Graduate,MORTGAGE,Personal,0
673,34000.0,22400.0,175600.0,120,3800.0,0.4,1,9.4,Self-Employed,Graduate,OWN,Education,0
692,43800.0,22100.0,143500.0,60,21000.0,0.66,1,4.6,Salaried,Graduate,RENT,Personal,0
698,50700.0,72000.0,528200.0,60,12700.0,0.61,0,10.8,Business,Graduate,MORTGAGE,Business,0
767,67400.0,43000.0,450200.0,240,37100.0,0.11,0,0.5,Self-Employed,Post Graduate,OWN,Home,0
724,47000.0,18400.0,167000.0,240,1200.0,0.59,1,13.1,Self-Employed,Graduate,OWN,Home,1
440,65600.0,35800.0,312200.0,60,31600.0,0.51,1,4.4,Salaried,Graduate,MORTGAGE,Personal,0
578,51000.0,0.0,37300.0,12,4200.0,0.35,0,6.1,Salaried,Graduate,RENT,Home,0
504,15000.0,32700.0,156600.0,24,1600.0,0.64,0,16.2,Unemployed,Post Graduate,OWN,Home,0
704,27900.0,28800.0,188700.0,180,8000.0,0.5,0,7.3,Unemployed,Graduate,OWN,Education,0
710,45000.0,48800.0,181700.0,24,10700.0,0.3,0,12.9,Salaried,Not Graduate,MORTGAGE,Personal,1
714,23700.0,0.0,32700.0,36,6900.0,0.45,0,7.9,Self-Employed,Not Graduate,RENT,Home,0
608,70300.0,0.0,292500.0,36,39700.0,0.62,0,16.3,Salaried,Graduate,RENT,Home,0
747,122800.0,45300.0,371000.0,60,48400.0,0.25,1,9.7,Self-Employed,Post Graduate,RENT,Personal,0
750,101900.0,30200.0,411500.0,60,17700.0,0.25,1,10.6,Salaried,Graduate,MORTGAGE,Personal,0
583,43100.0,28600.0,45400.0,36,4500.0,0.37,0,8.9,Salaried,Post Graduate,MORTGAGE,Personal,1
565,119900.0,0.0,258500.0,36,30200.0,0.26,0,6.5,Salaried,Not Graduate,RENT,Vehicle,0
689,53600.0,25700.0,298900.0,120,14500.0,0.46,0,12.4,Salaried,Post Graduate,MORTGAGE,Education,0
842,40000.0,27000.0,137400.0,240,14400.0,0.43,0,4.3,Salaried,Graduate,RENT,Business,1
834,33900.0,20100.0,157300.0,24,5400.0,0.27,0,11.6,Self-Employed,Graduate,OWN,Home,1
737,40900.0,18500.0,79600.0,24,18800.0,0.14,0,12.8,Salaried,Graduate,OWN,Business,1
627,38800.0,16300.0,119400.0,60,2300.0,0.4,0,10.7,Salaried,Graduate,RENT,Business,1
765,54300.0,13400.0,285100.0,120,18300.0,0.45,1,3.3,Salaried,Graduate,RENT,Home,0
651,54000.0,17300.0,197200.0,120,20200.0,0.68,0,10.2,Business,Post Graduate,OWN,Education,0
624,49100.0,24700.0,303200.0,60,6100.0,0.09,0,13.2,Salaried,Not Graduate,RENT,Education,1
507,63700.0,0.0,261700.0,180,31600.0,0.34,0,1.7,Business,Post Graduate,MORTGAGE,Home,0
698,100100.0,0.0,428100.0,36,37000.0,0.06,0,0.5,Salaried,Graduate,OWN,Personal,0
636,86700.0,8300.0,387700.0,24,33600.0,0.07,0,12.2,Salaried,Not Graduate,RENT,Personal,0
698,20100.0,59100.0,40600.0,60,6000.0,0.47,0,4.8,Self-Employed,Graduate,MORTGAGE,Vehicle,1
494,15000.0,46300.0,259700.0,120,8200.0,0.42,4,11.7,Self-Employed,Post Graduate,MORTGAGE,Home,0
704,85900.0,33600.0,125500.0,60,35800.0,0.28,0,16.6,Self-Employed,Not Graduate,OWN,Home,1
483,21600.0,0.0,14200.0,360,4900.0,0.3,0,0.6,Salaried,Graduate,RENT,Home,0
782,42800.0,16500.0,42800.0,120,6100.0,0.35,0,0.5,Salaried,Post Graduate,RENT,Personal,1
734,24300.0,69100.0,177100.0,60,1000.0,0.09,0,12.0,Salaried,Post Graduate,RENT,Personal,1
666,16600.0,0.0,49500.0,24,1600.0,0.23,0,14.6,Business,Graduate,OWN,Vehicle,1
737,67800.0,0.0,143000.0,24,40400.0,0.3,0,16.6,Self-Employed,Post Graduate,RENT,Business,1
606,77300.0,14200.0,55100.0,120,18900.0,0.62,0,12.0,Self-Employed,Graduate,RENT,Home,0
696,34700.0,0.0,83500.0,36,18700.0,0.46,3,7.3,Salaried,Graduate,OWN,Home,0
757,15000.0,32600.0,108000.0,12,1500.0,0.53,0,8.5,Self-Employed,Graduate,MORTGAGE,Home,1
426,35300.0,0.0,124500.0,240,9000.0,0.3,0,9.7,Self-Employed,Post Graduate,OWN,Home,0
651,62000.0,38400.0,162500.0,180,35700.0,0.32,0,16.4,Salaried,Graduate,OWN,Home,1
688,20200.0,28300.0,66500.0,36,1100.0,0.32,0,9.5,Salaried,Post Graduate,OWN,Home,1
673,54700.0,20700.0,114900.0,120,19500.0,0.08,0,4.6,Self-Employed,Post Graduate,OWN,Education,1
813,48600.0,20300.0,118200.0,12,26800.0,0.25,0,9.1,Self-Employed,Post Graduate,MORTGAGE,Personal,1
594,69400.0,40400.0,318100.0,36,39500.0,0.67,0,0.5,Self-Employed,Post Graduate,OWN,Business,0
637,52700.0,0.0,125700.0,60,26800.0,0.4,0,5.2,Salaried,Post Graduate,RENT,Home,0
527,27300.0,0.0,50400.0,120,14000.0,0.27,0,6.5,Salaried,Graduate,OWN,Personal,0
818,100500.0,49600.0,299800.0,12,39300.0,0.5,0,6.1,Self-Employed,Graduate,OWN,Business,1
669,44600.0,11700.0,111700.0,36,5900.0,0.76,0,0.5,Self-Employed,Not Graduate,OWN,Personal,0
652,48200.0,47400.0,419600.0,36,21100.0,0.6,0,2.1,Self-Employed,Graduate,MORTGAGE,Home,0
685,28000.0,0.0,40100.0,360,16400.0,0.25,0,7.9,Self-Employed,Post Graduate,MORTGAGE,Home,0
744,37600.0,0.0,141800.0,60,11900.0,0.32,0,12.2,Business,Post Graduate,OWN,Personal,1
719,28800.0,0.0,96000.0,48,4500.0,0.48,0,5.9,Salaried,Graduate,OWN,Business,1
850,44200.0,45200.0,46700.0,24,15200.0,0.6,1,8.4,Salaried,Graduate,OWN,Home,1
728,136900.0,23400.0,717000.0,60,56700.0,0.26,1,12.4,Salaried,Not Graduate,OWN,Education,0
650,21500.0,29500.0,179800.0,60,2700.0,0.1,0,21.4,Salaried,Not Graduate,RENT,Business,1
642,18600.0,13900.0,105000.0,120,8000.0,0.33,0,6.4,Business,Graduate,RENT,Education,0
656,118500.0,0.0,251400.0,36,41800.0,0.38,1,3.8,Salaried,Graduate,OWN,Vehicle,0
562,43200.0,0.0,117500.0,360,15900.0,0.16,0,12.0,Business,Graduate,RENT,Vehicle,0
693,32800.0,0.0,49600.0,48,6000.0,0.6,0,12.3,Salaried,Not Graduate,OWN,Home,1
756,91500.0,45800.0,88100.0,36,8500.0,0.27,0,1.5,Salaried,Not Graduate,RENT,Education,1
637,34100.0,0.0,131100.0,36,12800.0,0.4,1,2.4,Salaried,Graduate,RENT,Personal,0
621,146600.0,20600.0,683200.0,48,51600.0,0.42,0,1.2,Salaried,Graduate,RENT,Personal,0
818,73600.0,0.0,84600.0,240,14900.0,0.26,1,4.4,Salaried,Graduate,MORTGAGE,Business,1
568,36600.0,25000.0,224700.0,60,6500.0,0.72,1,12.3,Salaried,Graduate,MORTGAGE,Personal,0
514,178900.0,29700.0,722700.0,60,37300.0,0.52,0,9.8,Salaried,Post Graduate,MORTGAGE,Home,0
592,34100.0,26000.0,72900.0,36,10000.0,0.2,0,8.8,Salaried,Graduate,RENT,Personal,1
559,76500.0,17800.0,206300.0,24,44700.0,0.35,0,3.1,Business,Post Graduate,OWN,Business,0
722,58700.0,60600.0,261400.0,48,26900.0,0.22,0,2.7,Self-Employed,Graduate,MORTGAGE,Personal,1
659,107000.0,0.0,378800.0,60,54700.0,0.22,0,8.4,Business,Not Graduate,RENT,Vehicle,0
671,125100.0,15300.0,540600.0,120,38000.0,0.38,0,7.8,Salaried,Post Graduate,RENT,Vehicle,0
787,50000.0,21500.0,62900.0,36,15800.0,0.53,3,10.4,Salaried,Not Graduate,OWN,Personal,1
631,31200.0,0.0,85900.0,24,3800.0,0.38,3,14.9,Business,Graduate,RENT,Vehicle,0
755,64600.0,0.0,229100.0,36,27900.0,0.49,0,2.3,Self-Employed,Graduate,MORTGAGE,Business,0
818,32600.0,16600.0,179300.0,240,8200.0,0.5,0,7.3,Business,Not Graduate,OWN,Home,1
651,164100.0,36600.0,219200.0,48,73100.0,0.46,0,8.6,Salaried,Not Graduate,MORTGAGE,Personal,1
752,53200.0,19200.0,188400.0,36,13100.0,0.35,0,9.0,Salaried,Graduate,OWN,Home,1
669,39400.0,41900.0,319500.0,36,2600.0,0.53,0,8.4,Business,Graduate,RENT,Personal,0
768,54800.0,0.0,97200.0,24,5700.0,0.46,1,7.8,Self-Employed,Post Graduate,OWN,Business,1
556,21800.0,0.0,48000.0,48,10600.0,0.41,0,8.9,Business,Post Graduate,RENT,Home,0
550,27400.0,24200.0,191800.0,120,4300.0,0.45,1,10.6,Salaried,Graduate,RENT,Home,0
656,100700.0,0.0,86300.0,360,16000.0,0.2,1,4.5,Salaried,Post Graduate,OWN,Home,1
614,33100.0,12600.0,180000.0,48,18500.0,0.33,0,10.3,Salaried,Not Graduate,RENT,Personal,0
646,26200.0,25200.0,89700.0,36,10300.0,0.23,0,10.6,Unemployed,Graduate,OWN,Personal,1
671,67600.0,0.0,34200.0,60,4600.0,0.18,0,9.2,Business,Graduate,RENT,Education,1
751,99800.0,38100.0,198100.0,120,8600.0,0.73,0,15.9,Salaried,Not Graduate,MORTGAGE,Home,1
655,75500.0,0.0,64800.0,24,12300.0,0.39,3,9.1,Salaried,Post Graduate,OWN,Business,0
619,89100.0,34500.0,107500.0,180,31800.0,0.71,0,9.8,Salaried,Graduate,RENT,Personal,0
660,31100.0,0.0,101700.0,120,14000.0,0.2,0,3.1,Business,Graduate,OWN,Home,0
624,20900.0,22500.0,58800.0,48,3400.0,0.42,1,13.2,Business,Post Graduate,OWN,Business,0
610,120700.0,0.0,511600.0,60,63100.0,0.25,0,17.6,Salaried,Post Graduate,RENT,Personal,0
552,40400.0,28100.0,175800.0,60,2600.0,0.19,0,8.8,Salaried,Graduate,RENT,Education,0
695,42200.0,18700.0,142500.0,60,5300.0,0.31,0,0.5,Salaried,Post Graduate,RENT,Personal,1
641,108800.0,0.0,243400.0,12,63400.0,0.46,0,13.4,Salaried,Graduate,RENT,Business,0
772,68400.0,14500.0,271100.0,24,5500.0,0.87,0,14.8,Salaried,Graduate,OWN,Personal,1
566,64400.0,0.0,148700.0,36,34300.0,0.49,0,9.1,Salaried,Post Graduate,OWN,Vehicle,0
643,179700.0,37200.0,220000.0,120,75900.0,0.71,1,5.4,Salaried,Graduate,OWN,Business,0
844,33300.0,0.0,133900.0,48,1500.0,0.6,1,14.4,Self-Employed,Graduate,MORTGAGE,Vehicle,1
610,85500.0,35200.0,267200.0,48,24800.0,0.08,1,14.0,Salaried,Graduate,OWN,Education,0
669,50700.0,0.0,40400.0,120,15800.0,0.56,0,9.3,Unemployed,Graduate,OWN,Business,0
586,57600.0,65000.0,320900.0,36,32200.0,0.61,0,13.7,Salaried,Graduate,OWN,Education,0
575,122600.0,0.0,378800.0,60,31000.0,0.78,0,4.4,Salaried,Graduate,RENT,Vehicle,0
821,66500.0,24100.0,145200.0,48,17800.0,0.75,0,14.5,Salaried,Post Graduate,RENT,Personal,1
704,67700.0,0.0,250600.0,36,4600.0,0.36,1,9.4,Salaried,Not Graduate,OWN,Home,1
701,93300.0,20300.0,361100.0,36,35800.0,0.28,0,6.5,Salaried,Graduate,MORTGAGE,Education,0
545,39400.0,28900.0,211800.0,360,5000.0,0.43,0,8.6,Business,Post Graduate,RENT,Personal,0
720,29600.0,0.0,64600.0,120,1400.0,0.58,1,12.0,Business,Graduate,RENT,Business,1
788,26200.0,43500.0,303000.0,12,15700.0,0.27,0,9.5,Salaried,Graduate,RENT,Personal,1
787,15100.0,0.0,24100.0,360,2400.0,0.65,1,17.2,Self-Employed,Not Graduate,OWN,Vehicle,1
746,168300.0,0.0,473100.0,120,14200.0,0.73,0,14.1,Self-Employed,Graduate,RENT,Personal,0
593,25300.0,25000.0,87300.0,24,10600.0,0.13,1,2.1,Salaried,Not Graduate,MORTGAGE,Personal,0
716,42900.0,87100.0,452300.0,24,21200.0,0.28,0,12.6,Salaried,Not Graduate,OWN,Education,1
746,41500.0,43300.0,58600.0,36,1600.0,0.09,0,13.0,Salaried,Not Graduate,MORTGAGE,Home,1
537,58900.0,0.0,40300.0,60,3700.0,0.23,0,11.1,Salaried,Graduate,MORTGAGE,Personal,1
594,80000.0,0.0,299500.0,60,4300.0,0.49,0,3.2,Salaried,Graduate,MORTGAGE,Home,0
765,82100.0,0.0,183700.0,36,2300.0,0.27,0,13.6,Salaried,Post Graduate,RENT,Personal,1
764,34500.0,25100.0,111100.0,48,13700.0,0.43,0,9.3,Salaried,Graduate,OWN,Business,1
558,44300.0,14500.0,172300.0,36,15600.0,0.06,0,2.9,Salaried,Graduate,RENT,Vehicle,0
757,58100.0,21900.0,264600.0,24,23100.0,0.2,0,9.8,Salaried,Graduate,RENT,Vehicle,1
698,42200.0,0.0,55100.0,48,12800.0,0.13,0,13.7,Salaried,Graduate,OWN,Business,1
756,128600.0,0.0,159700.0,36,63100.0,0.15,0,3.8,Business,Graduate,RENT,Vehicle,1
636,65800.0,0.0,285100.0,48,21600.0,0.43,0,3.8,Self-Employed,Graduate,RENT,Personal,0
744,76200.0,0.0,217800.0,240,42000.0,0.4,0,11.6,Unemployed,Post Graduate,RENT,Business,0
761,73000.0,0.0,150400.0,24,21300.0,0.55,1,9.8,Self-Employed,Post Graduate,OWN,Personal,0
660,99100.0,22500.0,450600.0,12,47000.0,0.56,1,12.1,Business,Graduate,RENT,Personal,0
691,54600.0,38500.0,242100.0,24,13300.0,0.6,0,8.4,Business,Graduate,RENT,Personal,0
634,22500.0,17500.0,58700.0,48,5900.0,0.21,0,20.5,Self-Employed,Graduate,RENT,Personal,1
830,62300.0,21300.0,110900.0,60,31700.0,0.58,0,6.2,Self-Employed,Post Graduate,OWN,Personal,1
679,33200.0,0.0,69300.0,60,2100.0,0.29,1,11.3,Salaried,Graduate,RENT,Home,0
611,35700.0,23500.0,233200.0,48,12100.0,0.64,0,5.7,Self-Employed,Graduate,MORTGAGE,Education,0
629,69700.0,0.0,52000.0,36,30400.0,0.6,2,1.0,Salaried,Graduate,OWN,Home,0
700,103100.0,26100.0,177500.0,36,46400.0,0.31,0,7.4,Self-Employed,Graduate,RENT,Personal,0
754,49700.0,25900.0,307900.0,36,17600.0,0.5,0,6.6,Salaried,Graduate,OWN,Business,1
576,59000.0,0.0,58200.0,60,15900.0,0.5,0,16.9,Business,Graduate,RENT,Home,0
847,136100.0,27100.0,492600.0,36,21300.0,0.13,2,10.2,Business,Post Graduate,MORTGAGE,Vehicle,1
716,56600.0,0.0,76600.0,120,30900.0,0.2,0,4.2,Salaried,Not Graduate,RENT,Personal,0
729,233500.0,45400.0,815400.0,60,51800.0,0.2,0,8.3,Self-Employed,Graduate,RENT,Home,0
681,68800.0,28600.0,198000.0,36,33000.0,0.5,0,3.5,Unemployed,Graduate,OWN,Vehicle,0
691,17000.0,0.0,15400.0,48,300.0,0.22,0,6.8,Business,Graduate,OWN,Personal,1
677,77000.0,47900.0,353500.0,360,10700.0,0.09,0,13.2,Business,Not Graduate,OWN,Business,1
776,61600.0,29600.0,294800.0,12,12800.0,0.4,3,10.4,Salaried,Post Graduate,RENT,Home,0
689,106300.0,26900.0,429000.0,36,42800.0,0.5,4,0.5,Salaried,Post Graduate,RENT,Business,0
755,73400.0,0.0,223700.0,48,14100.0,0.19,1,4.1,Salaried,Graduate,OWN,Vehicle,0
653,45100.0,15800.0,152300.0,60,1100.0,0.54,1,3.9,Business,Graduate,MORTGAGE,Business,0
706,23500.0,0.0,60600.0,36,2500.0,0.42,3,4.6,Self-Employed,Graduate,OWN,Personal,0
621,43200.0,0.0,131400.0,240,6700.0,0.53,0,9.5,Salaried,Post Graduate,MORTGAGE,Vehicle,1
793,29400.0,0.0,95900.0,60,3100.0,0.7,0,13.2,Unemployed,Graduate,OWN,Business,1
619,34600.0,0.0,107900.0,180,4200.0,0.12,0,6.3,Salaried,Not Graduate,MORTGAGE,Business,1
662,69800.0,0.0,198800.0,36,32200.0,0.42,0,4.9,Self-Employed,Graduate,RENT,Personal,0
663,133500.0,41300.0,196400.0,120,33000.0,0.27,2,12.2,Self-Employed,Post Graduate,MORTGAGE,Personal,0
659,62100.0,0.0,83400.0,36,15100.0,0.04,0,9.6,Salaried,Not Graduate,RENT,Vehicle,1
751,23900.0,0.0,36800.0,36,13900.0,0.82,0,5.4,Salaried,Graduate,RENT,Personal,0
663,64000.0,0.0,267400.0,240,17200.0,0.17,1,6.1,Salaried,Graduate,RENT,Personal,0
808,100500.0,27100.0,451400.0,24,55900.0,0.33,2,6.5,Self-Employed,Not Graduate,RENT,Home,0
620,34000.0,26700.0,164600.0,240,6100.0,0.19,0,13.6,Salaried,Graduate,MORTGAGE,Home,1
704,45200.0,0.0,68200.0,48,10900.0,0.26,1,10.2,Salaried,Graduate,RENT,Education,1
624,49500.0,0.0,46700.0,360,11800.0,0.65,0,17.2,Unemployed,Graduate,RENT,Personal,0
725,30600.0,0.0,125300.0,48,10000.0,0.46,0,10.7,Salaried,Post Graduate,OWN,Home,1
688,72300.0,0.0,294300.0,120,25300.0,0.67,0,3.6,Self-Employed,Graduate,MORTGAGE,Personal,0
676,45600.0,0.0,43000.0,12,6800.0,0.41,0,0.5,Salaried,Graduate,OWN,Vehicle,1
791,63100.0,14400.0,285900.0,48,30000.0,0.17,0,4.9,Salaried,Graduate,OWN,Home,1
634,28800.0,0.0,65900.0,60,8600.0,0.6,1,0.5,Business,Graduate,OWN,Home,0
739,37700.0,45000.0,148500.0,120,200.0,0.82,0,4.1,Self-Employed,Graduate,MORTGAGE,Education,1
624,75600.0,0.0,261300.0,36,26800.0,0.56,0,8.1,Salaried,Post Graduate,RENT,Education,0
699,39200.0,26300.0,193700.0,48,18800.0,0.68,0,1.5,Salaried,Graduate,OWN,Personal,1
588,138200.0,30500.0,610700.0,48,20800.0,0.16,3,11.9,Salaried,Graduate,RENT,Education,0
633,38600.0,29400.0,54200.0,24,900.0,0.24,0,5.5,Business,Graduate,OWN,Education,1
683,56100.0,0.0,99500.0,48,27200.0,0.28,0,12.0,Salaried,Graduate,RENT,Home,1
844,85800.0,0.0,152500.0,120,50300.0,0.08,0,3.3,Salaried,Graduate,MORTGAGE,Vehicle,1
698,20900.0,60400.0,147900.0,36,1000.0,0.14,4,11.6,Business,Post Graduate,OWN,Personal,0
830,17000.0,19300.0,91100.0,48,9600.0,0.71,3,5.5,Salaried,Graduate,OWN,Business,0
708,19600.0,22900.0,69400.0,360,4200.0,0.61,0,6.8,Business,Post Graduate,OWN,Home,1
657,104600.0,20500.0,284900.0,12,59100.0,0.59,0,4.8,Self-Employed,Graduate,RENT,Education,0
820,35200.0,25800.0,120200.0,60,13700.0,0.68,2,7.2,Salaried,Not Graduate,OWN,Personal,1
727,227500.0,0.0,782900.0,60,121500.0,0.27,0,10.9,Salaried,Post Graduate,RENT,Vehicle,0
635,34900.0,34300.0,201600.0,120,16500.0,0.12,2,1.1,Self-Employed,Graduate,MORTGAGE,Home,0
729,54800.0,0.0,170700.0,60,900.0,0.1,0,19.1,Self-Employed,Not Graduate,OWN,Business,1
665,123700.0,0.0,166000.0,60,4900.0,0.38,3,19.2,Salaried,Post Graduate,OWN,Home,0
520,163400.0,15900.0,323100.0,24,51500.0,0.58,0,5.5,Business,Graduate,RENT,Vehicle,0
769,168900.0,0.0,98700.0,48,13100.0,0.39,0,13.0,Self-Employed,Graduate,MORTGAGE,Personal,1
783,101200.0,24000.0,116900.0,120,28000.0,0.21,0,2.0,Business,Post Graduate,MORTGAGE,Personal,1
846,90600.0,0.0,141400.0,24,51900.0,0.29,0,0.5,Salaried,Graduate,OWN,Business,1
725,69900.0,18100.0,67000.0,12,12400.0,0.37,1,17.7,Salaried,Graduate,MORTGAGE,Personal,1
668,78200.0,42500.0,351300.0,120,22900.0,0.27,0,12.0,Business,Graduate,OWN,Business,0
760,35200.0,48700.0,376900.0,60,8100.0,0.11,0,8.8,Self-Employed,Not Graduate,OWN,Personal,1
762,30000.0,0.0,27100.0,48,11300.0,0.41,0,11.8,Self-Employed,Not Graduate,MORTGAGE,Education,1
829,48900.0,21000.0,264600.0,240,5700.0,0.25,3,4.7,Self-Employed,Graduate,RENT,Education,0
686,44300.0,20600.0,63300.0,120,6900.0,0.27,0,8.5,Salaried,Post Graduate,OWN,Business,1
675,37300.0,100300.0,437500.0,360,19200.0,0.27,0,9.2,Salaried,Graduate,OWN,Home,0
629,74400.0,0.0,228600.0,240,36200.0,0.26,0,0.8,Self-Employed,Post Graduate,OWN,Personal,0
735,87000.0,62200.0,613300.0,48,41200.0,0.58,1,13.8,Self-Employed,Graduate,OWN,Home,0
558,51700.0,14300.0,63100.0,120,23900.0,0.83,0,5.8,Business,Not Graduate,RENT,Vehicle,0
755,119000.0,16400.0,238500.0,60,32800.0,0.55,0,2.1,Salaried,Graduate,RENT,Personal,1
739,24700.0,19100.0,37800.0,120,10800.0,0.54,0,16.5,Salaried,Graduate,MORTGAGE,Personal,1
739,43600.0,17600.0,130300.0,120,10100.0,0.35,2,14.2,Self-Employed,Post Graduate,RENT,Vehicle,0
701,31900.0,0.0,132300.0,36,1900.0,0.77,2,7.0,Self-Employed,Graduate,OWN,Vehicle,0
820,16000.0,0.0,58000.0,36,3800.0,0.21,0,1.8,Salaried,Graduate,MORTGAGE,Personal,1
764,46600.0,0.0,158000.0,36,4400.0,0.19,0,10.7,Salaried,Graduate,RENT,Education,1
638,45600.0,48000.0,246400.0,120,10700.0,0.76,0,8.4,Salaried,Not Graduate,RENT,Personal,0
639,121500.0,49600.0,690200.0,120,21700.0,0.57,1,19.0,Salaried,Not Graduate,OWN,Vehicle,0
615,71600.0,0.0,164500.0,48,25700.0,0.72,0,14.7,Self-Employed,Post Graduate,OWN,Home,0
736,26500.0,35000.0,67600.0,60,5700.0,0.42,0,5.8,Self-Employed,Post Graduate,MORTGAGE,Personal,1
604,149100.0,28200.0,682700.0,120,63100.0,0.19,0,15.3,Business,Not Graduate,RENT,Education,0
782,102000.0,21000.0,199100.0,36,31300.0,0.28,2,14.8,Salaried,Graduate,RENT,Business,1
802,69500.0,0.0,49700.0,24,38300.0,0.14,0,0.5,Self-Employed,Graduate,MORTGAGE,Personal,1
615,42800.0,0.0,43000.0,48,2300.0,0.63,0,11.0,Unemployed,Graduate,MORTGAGE,Personal,0
674,27600.0,0.0,81000.0,240,11400.0,0.37,1,14.1,Unemployed,Graduate,OWN,Personal,0
691,39200.0,0.0,114800.0,120,15800.0,0.54,0,6.0,Salaried,Post Graduate,MORTGAGE,Business,0
765,94200.0,0.0,145100.0,36,53700.0,0.59,0,1.9,Salaried,Post Graduate,OWN,Business,1
826,151900.0,0.0,517800.0,24,33900.0,0.47,0,23.1,Unemployed,Graduate,MORTGAGE,Business,1
546,123700.0,32700.0,562200.0,60,22700.0,0.19,0,16.0,Salaried,Post Graduate,MORTGAGE,Home,0
662,36600.0,0.0,153100.0,120,3800.0,0.31,1,9.5,Self-Employed,Post Graduate,RENT,Personal,0
667,25000.0,23800.0,138600.0,60,4000.0,0.07,0,0.5,Business,Post Graduate,RENT,Personal,0
570,53300.0,0.0,192800.0,48,16100.0,0.09,0,6.1,Salaried,Graduate,RENT,Business,0
648,17000.0,0.0,59700.0,24,8500.0,0.35,0,18.0,Salaried,Graduate,RENT,Personal,0
726,59500.0,0.0,91100.0,240,10100.0,0.52,3,14.9,Salaried,Graduate,OWN,Home,0
666,44900.0,0.0,78200.0,36,4200.0,0.7,0,6.9,Business,Graduate,OWN,Home,1
558,37100.0,23800.0,147000.0,36,6100.0,0.39,0,5.7,Self-Employed,Graduate,MORTGAGE,Home,0
850,18800.0,0.0,10800.0,120,1100.0,0.51,0,15.6,Salaried,Graduate,RENT,Home,1
712,66700.0,16400.0,140400.0,360,37100.0,0.11,0,7.0,Self-Employed,Post Graduate,RENT,Personal,1
699,35600.0,18300.0,129100.0,60,18600.0,0.58,0,7.6,Salaried,Graduate,OWN,Home,0
596,24300.0,16300.0,37900.0,60,4500.0,0.32,0,10.4,Salaried,Graduate,MORTGAGE,Home,1
712,15000.0,28100.0,43300.0,36,2200.0,0.53,0,11.2,Salaried,Post Graduate,OWN,Vehicle,1
676,48200.0,15600.0,150100.0,12,26200.0,0.69,1,2.8,Self-Employed,Post Graduate,OWN,Education,0
529,142000.0,0.0,486200.0,36,200.0,0.46,0,11.4,Self-Employed,Post Graduate,OWN,Personal,0
599,132800.0,18900.0,581800.0,60,47900.0,0.36,0,3.3,Self-Employed,Not Graduate,MORTGAGE,Personal,0
757,37300.0,0.0,100200.0,36,20500.0,0.55,0,14.8,Salaried,Graduate,MORTGAGE,Personal,1
850,34200.0,0.0,82000.0,180,10400.0,0.58,0,6.6,Business,Graduate,MORTGAGE,Personal,1
721,64900.0,28100.0,189500.0,36,100.0,0.18,0,9.7,Salaried,Graduate,RENT,Education,1
783,26900.0,50200.0,98100.0,48,3500.0,0.45,0,0.5,Salaried,Graduate,MORTGAGE,Personal,1
676,58800.0,28800.0,95200.0,48,32500.0,0.41,0,12.5,Salaried,Post Graduate,RENT,Personal,0
682,77600.0,0.0,284600.0,60,800.0,0.55,0,13.2,Business,Graduate,OWN,Home,0
782,102400.0,52400.0,365300.0,36,24300.0,0.45,0,5.7,Salaried,Graduate,RENT,Education,0
831,46200.0,0.0,169200.0,180,21900.0,0.26,0,1.4,Business,Not Graduate,MORTGAGE,Home,1
800,43400.0,0.0,143900.0,48,21800.0,0.37,0,1.3,Salaried,Not Graduate,MORTGAGE,Home,1
599,28900.0,0.0,36900.0,60,8300.0,0.22,0,8.3,Business,Graduate,RENT,Business,0
684,29800.0,39400.0,175900.0,60,4200.0,0.07,0,2.7,Salaried,Graduate,OWN,Home,1
713,42800.0,0.0,97400.0,24,15400.0,0.42,1,8.0,Business,Graduate,RENT,Home,0
667,61100.0,10500.0,157200.0,60,9700.0,0.39,0,8.9,Business,Graduate,MORTGAGE,Personal,1
722,84800.0,34400.0,318300.0,60,13000.0,0.4,2,9.4,Self-Employed,Graduate,OWN,Education,0
759,30300.0,15300.0,201900.0,180,14700.0,0.47,0,15.5,Self-Employed,Graduate,MORTGAGE,Home,1
775,120000.0,16600.0,512500.0,180,11100.0,0.45,0,14.8,Salaried,Graduate,OWN,Personal,1
833,41700.0,26900.0,282300.0,36,100.0,0.63,0,9.1,Self-Employed,Graduate,MORTGAGE,Personal,1
661,48400.0,25700.0,45800.0,24,9800.0,0.35,0,11.6,Salaried,Graduate,RENT,Personal,1
574,31300.0,13300.0,47300.0,36,9200.0,0.76,0,10.3,Salaried,Graduate,OWN,Personal,0
720,15000.0,0.0,12600.0,360,6300.0,0.57,0,15.6,Salaried,Post Graduate,OWN,Home,1
850,83300.0,43600.0,197100.0,12,39000.0,0.39,1,9.0,Business,Not Graduate,MORTGAGE,Home,1
649,76300.0,15300.0,207700.0,60,30400.0,0.5,0,12.9,Salaried,Graduate,RENT,Home,0
748,41400.0,0.0,127000.0,60,15600.0,0.31,0,19.4,Salaried,Graduate,RENT,Personal,1
749,51000.0,0.0,127700.0,60,20400.0,0.56,0,10.5,Salaried,Graduate,OWN,Home,1
706,66800.0,77500.0,593500.0,36,10900.0,0.28,0,6.0,Unemployed,Graduate,OWN,Home,0
690,19200.0,0.0,81800.0,36,4400.0,0.47,0,6.2,Unemployed,Graduate,RENT,Education,0
611,35700.0,28900.0,74600.0,48,13200.0,0.6,0,4.7,Self-Employed,Not Graduate,MORTGAGE,Personal,0
496,78900.0,0.0,308600.0,24,3100.0,0.47,0,12.2,Self-Employed,Post Graduate,MORTGAGE,Vehicle,0
595,23100.0,26100.0,119400.0,24,4100.0,0.48,0,10.2,Business,Post Graduate,RENT,Personal,0
656,58500.0,0.0,135300.0,24,14300.0,0.62,0,6.6,Salaried,Not Graduate,OWN,Vehicle,0
783,21700.0,25800.0,172900.0,60,6900.0,0.54,0,16.1,Self-Employed,Post Graduate,RENT,Personal,1
681,64900.0,20300.0,74300.0,36,18900.0,0.77,0,6.4,Salaried,Post Graduate,RENT,Home,1
645,48000.0,16800.0,261100.0,36,20700.0,0.53,0,8.8,Unemployed,Post Graduate,OWN,Education,0
614,18600.0,47300.0,209800.0,36,5300.0,0.57,0,4.5,Salaried,Graduate,MORTGAGE,Education,0
745,98600.0,0.0,394500.0,36,53500.0,0.41,0,7.8,Salaried,Graduate,RENT,Home,0
805,31500.0,0.0,141100.0,48,7200.0,0.27,0,4.4,Salaried,Graduate,OWN,Business,1
780,30100.0,0.0,77400.0,36,9500.0,0.36,0,7.8,Business,Post Graduate,MORTGAGE,Business,1
741,55300.0,21600.0,67100.0,60,100.0,0.19,0,3.1,Unemployed,Graduate,MORTGAGE,Personal,1
564,97700.0,0.0,113900.0,24,18200.0,0.57,0,5.8,Salaried,Graduate,MORTGAGE,Education,0
660,26600.0,0.0,47700.0,240,13800.0,0.71,0,4.8,Self-Employed,Graduate,MORTGAGE,Vehicle,0
850,50900.0,14700.0,60000.0,24,10200.0,0.81,0,5.1,Salaried,Not Graduate,OWN,Personal,1
785,63400.0,46600.0,413800.0,240,9600.0,0.56,0,3.8,Salaried,Post Graduate,MORTGAGE,Personal,1
559,74300.0,15000.0,150700.0,120,24200.0,0.46,0,6.6,Salaried,Graduate,MORTGAGE,Business,0
685,54500.0,0.0,240000.0,60,2600.0,0.48,0,0.5,Unemployed,Graduate,RENT,Business,0
720,39300.0,0.0,130100.0,240,12500.0,0.59,0,11.7,Salaried,Post Graduate,MORTGAGE,Home,1
625,29800.0,13400.0,51600.0,24,5400.0,0.61,1,9.7,Salaried,Graduate,RENT,Personal,0
493,51600.0,0.0,124100.0,36,11900.0,0.23,0,9.8,Business,Graduate,MORTGAGE,Personal,0
698,25800.0,27800.0,126900.0,36,12300.0,0.33,0,7.4,Business,Post Graduate,RENT,Education,1
623,15000.0,6600.0,53400.0,36,6000.0,0.14,0,14.5,Salaried,Not Graduate,RENT,Vehicle,1
623,63700.0,23500.0,230400.0,36,17100.0,0.22,0,4.7,Salaried,Graduate,RENT,Home,0
659,84300.0,0.0,52700.0,60,29200.0,0.4,0,0.5,Self-Employed,Graduate,MORTGAGE,Personal,0
678,15000.0,32100.0,152800.0,12,6900.0,0.63,0,9.5,Salaried,Graduate,RENT,Home,0
689,26700.0,42300.0,169000.0,36,11900.0,0.69,0,17.7,Salaried,Post Graduate,MORTGAGE,Home,1
614,71100.0,22200.0,341800.0,36,7900.0,0.13,0,15.4,Salaried,Graduate,OWN,Home,1
671,168500.0,0.0,633800.0,60,30400.0,0.24,1,12.8,Salaried,Graduate,MORTGAGE,Home,0
540,49600.0,0.0,70500.0,360,10400.0,0.5,3,19.5,Salaried,Graduate,RENT,Personal,0
716,31700.0,0.0,22000.0,48,3600.0,0.32,0,6.1,Self-Employed,Graduate,MORTGAGE,Home,1
447,43900.0,14100.0,192200.0,48,300.0,0.17,1,5.9,Salaried,Graduate,RENT,Home,0
665,111900.0,13000.0,550900.0,36,11700.0,0.32,0,6.9,Business,Not Graduate,MORTGAGE,Education,0
768,33300.0,0.0,76100.0,120,16100.0,0.16,0,0.5,Unemployed,Graduate,RENT,Personal,1
599,30300.0,12600.0,66000.0,24,9900.0,0.16,0,15.4,Salaried,Post Graduate,MORTGAGE,Business,1
750,36700.0,0.0,41300.0,360,7500.0,0.36,3,8.1,Salaried,Post Graduate,OWN,Business,1
788,27700.0,23600.0,84600.0,48,10100.0,0.38,0,5.0,Salaried,Graduate,MORTGAGE,Education,1
408,52800.0,25600.0,142000.0,36,23400.0,0.39,0,7.1,Salaried,Graduate,MORTGAGE,Vehicle,0
677,129900.0,0.0,285200.0,360,27600.0,0.13,1,3.3,Salaried,Graduate,RENT,Home,0
445,59500.0,0.0,185700.0,240,16600.0,0.5,0,8.3,Salaried,Not Graduate,RENT,Education,0
679,42100.0,0.0,67100.0,60,1600.0,0.24,0,5.5,Salaried,Not Graduate,RENT,Education,1
689,41100.0,27400.0,48200.0,12,14700.0,0.28,1,5.7,Salaried,Post Graduate,OWN,Home,1
478,19200.0,24900.0,87900.0,60,4100.0,0.18,0,3.6,Self-Employed,Graduate,RENT,Business,0
850,83300.0,85000.0,660200.0,36,21700.0,0.82,0,8.2,Salaried,Graduate,MORTGAGE,Education,1
714,46800.0,0.0,116700.0,36,11900.0,0.88,0,5.5,Salaried,Not Graduate,RENT,Business,0
617,44000.0,51300.0,415400.0,36,16700.0,0.21,0,14.8,Salaried,Not Graduate,RENT,Home,0
814,333000.0,0.0,837300.0,48,114400.0,0.42,0,10.7,Salaried,Post Graduate,RENT,Personal,1
537,58600.0,21200.0,128000.0,60,14800.0,0.32,2,1.5,Self-Employed,Graduate,OWN,Home,0
585,31200.0,0.0,39700.0,36,300.0,0.21,0,11.1,Salaried,Post Graduate,RENT,Education,1
494,38000.0,10700.0,159600.0,240,14200.0,0.4,0,9.7,Salaried,Graduate,MORTGAGE,Business,0
843,97600.0,20700.0,313000.0,36,51500.0,0.06,0,8.4,Unemployed,Graduate,RENT,Education,1
718,52500.0,14700.0,196000.0,24,24200.0,0.08,0,7.2,Self-Employed,Graduate,RENT,Home,0
746,20700.0,33100.0,189400.0,60,12200.0,0.31,0,13.9,Salaried,Graduate,MORTGAGE,Personal,1
715,85100.0,0.0,289600.0,120,7100.0,0.04,1,2.5,Salaried,Post Graduate,OWN,Personal,1
738,32800.0,0.0,22100.0,360,4400.0,0.4,1,7.7,Self-Employed,Graduate,OWN,Personal,1
696,150800.0,24500.0,650400.0,120,48800.0,0.2,0,0.5,Unemployed,Graduate,OWN,Vehicle,0
713,93700.0,0.0,246500.0,36,13300.0,0.36,0,10.7,Salaried,Graduate,OWN,Vehicle,1
699,37500.0,0.0,77500.0,360,800.0,0.38,0,7.7,Business,Graduate,MORTGAGE,Personal,1
638,105700.0,23500.0,342400.0,240,25500.0,0.62,0,3.1,Salaried,Post Graduate,RENT,Home,0
686,51100.0,15600.0,196800.0,36,8800.0,0.35,2,8.9,Salaried,Post Graduate,OWN,Home,0
713,81800.0,0.0,89800.0,60,12900.0,0.55,0,14.8,Self-Employed,Graduate,RENT,Personal,1
699,65600.0,0.0,142300.0,60,37500.0,0.13,0,8.6,Salaried,Graduate,MORTGAGE,Home,1
564,29500.0,0.0,54300.0,48,4200.0,0.41,0,0.5,Salaried,Post Graduate,OWN,Business,0
575,33300.0,17700.0,97000.0,360,2600.0,0.39,0,7.9,Self-Employed,Post Graduate,OWN,Vehicle,0
782,90900.0,14300.0,91000.0,24,6800.0,0.5,0,9.5,Salaried,Not Graduate,OWN,Personal,1
663,40100.0,40700.0,92100.0,60,19400.0,0.35,0,4.5,Salaried,Graduate,RENT,Personal,1
739,38500.0,31600.0,80400.0,36,16500.0,0.69,4,19.1,Salaried,Not Graduate,OWN,Home,0
597,27600.0,0.0,55000.0,48,2100.0,0.52,1,0.8,Salaried,Graduate,MORTGAGE,Business,0
564,63200.0,22400.0,349100.0,120,8300.0,0.49,0,0.5,Business,Graduate,OWN,Vehicle,0
618,169000.0,23400.0,254800.0,36,75800.0,0.3,0,3.3,Self-Employed,Graduate,OWN,Personal,1
671,25800.0,0.0,55900.0,36,4300.0,0.52,0,0.5,Unemployed,Post Graduate,MORTGAGE,Personal,0
633,49700.0,25800.0,131900.0,360,29300.0,0.7,0,12.7,Business,Graduate,OWN,Home,0
799,114400.0,40900.0,566800.0,120,37100.0,0.43,0,13.3,Salaried,Graduate,RENT,Personal,1
705,46700.0,31800.0,55000.0,60,5400.0,0.3,0,0.5,Business,Graduate,OWN,Personal,1
847,64300.0,34500.0,127100.0,36,33100.0,0.5,0,2.6,Self-Employed,Graduate,RENT,Personal,1
724,25900.0,0.0,34800.0,48,5000.0,0.35,0,1.9,Salaried,Not Graduate,OWN,Vehicle,1
484,63400.0,0.0,283500.0,120,11000.0,0.6,0,7.9,Salaried,Graduate,MORTGAGE,Personal,0
779,43800.0,31100.0,208500.0,120,8600.0,0.42,0,10.4,Self-Employed,Not Graduate,RENT,Education,1
561,88600.0,0.0,93500.0,36,40800.0,0.23,0,15.5,Self-Employed,Not Graduate,RENT,Vehicle,0
709,100000.0,48700.0,236300.0,60,10400.0,0.81,1,10.1,Self-Employed,Graduate,MORTGAGE,Personal,0
624,231800.0,19300.0,294100.0,24,53100.0,0.67,1,6.3,Salaried,Graduate,OWN,Business,1
850,69400.0,17500.0,86800.0,12,1300.0,0.61,0,6.1,Self-Employed,Post Graduate,RENT,Personal,1
812,59600.0,14900.0,274800.0,48,29600.0,0.39,0,8.5,Salaried,Graduate,OWN,Education,1
626,55100.0,29500.0,210100.0,36,11300.0,0.38,0,8.8,Self-Employed,Not Graduate,OWN,Personal,0
679,39700.0,10600.0,152100.0,24,5900.0,0.61,2,7.4,Self-Employed,Post Graduate,OWN,Vehicle,0
710,60100.0,33900.0,171600.0,60,20900.0,0.14,0,8.5,Salaried,Graduate,MORTGAGE,Education,1
763,41100.0,0.0,111600.0,48,17400.0,0.39,0,7.9,Salaried,Graduate,RENT,Education,1
692,54200.0,0.0,82900.0,120,26400.0,0.48,0,0.7,Salaried,Graduate,RENT,Home,0
602,108100.0,0.0,187200.0,60,22600.0,0.25,0,8.7,Salaried,Graduate,MORTGAGE,Personal,0
629,26800.0,0.0,83300.0,60,13100.0,0.23,2,3.6,Salaried,Post Graduate,RENT,Home,0
689,97100.0,0.0,106900.0,36,27100.0,0.71,0,9.0,Salaried,Graduate,RENT,Vehicle,0
794,108000.0,0.0,320600.0,36,6600.0,0.66,0,10.4,Self-Employed,Graduate,MORTGAGE,Personal,1
726,45700.0,19100.0,253300.0,60,23200.0,0.29,2,13.9,Salaried,Graduate,OWN,Vehicle,1
624,15000.0,29500.0,43700.0,36,4900.0,0.12,0,7.8,Salaried,Post Graduate,OWN,Home,1
745,34000.0,0.0,139100.0,120,12300.0,0.08,0,4.8,Self-Employed,Not Graduate,RENT,Home,1
657,106700.0,32400.0,113800.0,48,60000.0,0.45,0,12.2,Self-Employed,Not Graduate,RENT,Personal,0
765,48400.0,23600.0,136500.0,36,16200.0,0.92,1,8.3,Salaried,Graduate,OWN,Personal,1
850,26900.0,0.0,79100.0,60,100.0,0.4,0,17.8,Salaried,Graduate,OWN,Home,1
659,36200.0,10500.0,127800.0,240,18900.0,0.15,0,0.9,Salaried,Post Graduate,OWN,Business,0
758,81200.0,21800.0,91200.0,24,13900.0,0.51,0,5.1,Business,Graduate,MORTGAGE,Personal,1
626,68100.0,0.0,251700.0,24,20500.0,0.29,2,4.4,Self-Employed,Graduate,MORTGAGE,Personal,0
680,42500.0,33800.0,335200.0,120,5200.0,0.36,0,17.2,Business,Graduate,OWN,Home,0
692,39300.0,0.0,48100.0,24,7000.0,0.5,0,10.3,Self-Employed,Graduate,RENT,Personal,1
673,38800.0,49000.0,358300.0,12,16000.0,0.11,0,0.5,Unemployed,Graduate,RENT,Home,0
850,28200.0,0.0,76900.0,36,7300.0,0.79,1,0.5,Salaried,Graduate,OWN,Home,1
663,129200.0,51500.0,766800.0,48,48600.0,0.42,0,12.3,Self-Employed,Graduate,MORTGAGE,Personal,0
739,40400.0,18800.0,71300.0,60,20000.0,0.47,1,2.7,Self-Employed,Post Graduate,RENT,Vehicle,0
525,101800.0,42800.0,530400.0,48,20800.0,0.25,0,8.0,Salaried,Not Graduate,OWN,Business,0
726,122100.0,0.0,90200.0,240,41600.0,0.12,0,7.0,Salaried,Post Graduate,RENT,Business,1
787,89200.0,49400.0,558900.0,120,41600.0,0.37,0,17.9,Salaried,Graduate,MORTGAGE,Home,1
645,37800.0,28400.0,211600.0,360,16200.0,0.32,0,6.8,Salaried,Graduate,OWN,Home,1
476,62500.0,22800.0,169000.0,48,20200.0,0.61,0,5.9,Salaried,Post Graduate,OWN,Vehicle,0
686,48300.0,12500.0,76700.0,24,11100.0,0.17,0,10.8,Salaried,Graduate,OWN,Vehicle,1
691,28500.0,31400.0,225600.0,360,7000.0,0.65,0,13.6,Business,Graduate,OWN,Home,1
751,59600.0,15400.0,218500.0,12,15500.0,0.08,0,8.6,Business,Graduate,OWN,Education,1
850,24200.0,18100.0,82100.0,120,5100.0,0.51,0,0.5,Unemployed,Graduate,MORTGAGE,Vehicle,1
657,100000.0,14800.0,261200.0,12,41900.0,0.15,0,12.0,Self-Employed,Post Graduate,RENT,Personal,0
617,37100.0,21400.0,222700.0,120,2800.0,0.1,0,1.2,Salaried,Graduate,RENT,Personal,0
590,55300.0,26500.0,151800.0,240,32100.0,0.44,0,0.5,Salaried,Post Graduate,OWN,Home,0
706,58100.0,0.0,49900.0,36,27200.0,0.36,2,5.5,Salaried,Post Graduate,OWN,Education,0
730,42000.0,19900.0,256600.0,36,7500.0,0.9,0,8.6,Salaried,Not Graduate,MORTGAGE,Education,0
643,69700.0,45900.0,236900.0,36,1800.0,0.35,0,15.3,Salaried,Post Graduate,OWN,Education,1
756,36900.0,0.0,69900.0,48,15700.0,0.5,0,0.5,Salaried,Graduate,MORTGAGE,Home,1
729,82700.0,18100.0,132800.0,36,36400.0,0.21,0,8.8,Self-Employed,Post Graduate,RENT,Education,0
693,21900.0,30100.0,212700.0,60,12700.0,0.46,0,15.4,Self-Employed,Graduate,RENT,Personal,0
613,52900.0,0.0,72500.0,36,8100.0,0.38,0,7.5,Salaried,Graduate,OWN,Personal,0
649,156900.0,31800.0,574900.0,36,7800.0,0.09,0,11.9,Salaried,Not Graduate,RENT,Home,0
483,26900.0,0.0,108200.0,48,14800.0,0.61,1,11.4,Salaried,Graduate,MORTGAGE,Business,0
710,32600.0,0.0,20900.0,48,5100.0,0.71,0,5.2,Salaried,Not Graduate,OWN,Education,1
692,66700.0,24100.0,346400.0,24,28900.0,0.37,2,11.0,Salaried,Graduate,OWN,Home,0
706,54600.0,0.0,117000.0,60,2000.0,0.8,0,8.6,Self-Employed,Post Graduate,RENT,Home,0
732,60500.0,0.0,189500.0,180,27600.0,0.41,1,6.4,Unemployed,Graduate,RENT,Vehicle,0
722,65700.0,11700.0,154000.0,36,5000.0,0.4,0,16.0,Self-Employed,Graduate,RENT,Home,1
680,71700.0,0.0,235300.0,36,29900.0,0.34,0,7.1,Self-Employed,Graduate,RENT,Personal,0
694,95400.0,55700.0,229200.0,120,30500.0,0.25,0,15.6,Salaried,Post Graduate,RENT,Home,1
570,62700.0,55100.0,69200.0,36,35900.0,0.54,0,6.3,Self-Employed,Post Graduate,RENT,Home,0
640,42400.0,0.0,181900.0,12,900.0,0.42,0,7.4,Self-Employed,Graduate,OWN,Business,1
694,73400.0,0.0,41500.0,60,12900.0,0.77,0,6.8,Business,Graduate,MORTGAGE,Home,0
627,153300.0,14900.0,638600.0,36,6400.0,0.07,0,13.2,Self-Employed,Post Graduate,RENT,Personal,0
763,45300.0,54300.0,117200.0,36,23900.0,0.52,0,3.7,Self-Employed,Post Graduate,MORTGAGE,Home,1
634,27300.0,0.0,56500.0,360,9700.0,0.17,0,10.3,Self-Employed,Graduate,MORTGAGE,Personal,0
708,95200.0,43300.0,524900.0,36,30600.0,0.4,1,10.0,Salaried,Graduate,OWN,Vehicle,0
699,45600.0,0.0,60400.0,240,3600.0,0.36,0,10.0,Salaried,Graduate,MORTGAGE,Education,1
753,15000.0,37800.0,209200.0,36,4400.0,0.04,0,18.2,Salaried,Graduate,MORTGAGE,Home,1
766,81500.0,0.0,203000.0,120,19500.0,0.16,0,6.9,Salaried,Graduate,RENT,Home,1
748,35600.0,0.0,69900.0,48,6700.0,0.74,1,21.7,Salaried,Graduate,OWN,Home,1
510,46400.0,0.0,146100.0,24,21500.0,0.36,0,13.6,Self-Employed,Graduate,MORTGAGE,Vehicle,0
791,59800.0,27800.0,163400.0,60,2200.0,0.59,0,0.8,Business,Graduate,MORTGAGE,Personal,1
819,55000.0,19900.0,141500.0,180,21300.0,0.41,1,2.3,Business,Graduate,RENT,Personal,1
649,75000.0,39700.0,393900.0,36,37000.0,0.3,0,13.1,Self-Employed,Graduate,RENT,Education,0
710,37700.0,0.0,65600.0,60,20500.0,0.12,0,4.3,Salaried,Graduate,RENT,Business,1
614,66700.0,0.0,86900.0,48,29900.0,0.81,0,9.2,Business,Graduate,OWN,Education,0
524,42000.0,0.0,156700.0,120,7100.0,0.58,0,4.5,Self-Employed,Graduate,MORTGAGE,Vehicle,0
627,76400.0,12900.0,332300.0,60,27500.0,0.57,1,5.7,Salaried,Not Graduate,MORTGAGE,Business,0
644,70900.0,20800.0,228400.0,12,6000.0,0.23,4,6.7,Business,Graduate,OWN,Personal,0
659,28000.0,46700.0,194700.0,36,2000.0,0.56,1,12.9,Salaried,Not Graduate,RENT,Education,0
608,94100.0,0.0,309100.0,48,36100.0,0.08,0,6.9,Business,Graduate,RENT,Vehicle,0
627,35500.0,20600.0,142300.0,240,18100.0,0.08,0,15.1,Salaried,Graduate,OWN,Education,1
689,79600.0,0.0,172600.0,36,3200.0,0.43,0,3.1,Business,Not Graduate,MORTGAGE,Education,1
624,61100.0,17700.0,353000.0,60,3900.0,0.22,0,12.0,Self-Employed,Graduate,OWN,Vehicle,0
736,147700.0,0.0,161100.0,12,50100.0,0.24,0,9.1,Salaried,Graduate,OWN,Vehicle,1
747,42900.0,24600.0,193800.0,60,5600.0,0.25,2,1.8,Self-Employed,Graduate,MORTGAGE,Home,0
850,39800.0,0.0,160900.0,60,14600.0,0.26,0,5.1,Self-Employed,Graduate,OWN,Personal,1
785,48500.0,12200.0,197200.0,60,6200.0,0.17,0,7.4,Salaried,Graduate,RENT,Education,1
710,40900.0,17600.0,235400.0,240,2900.0,0.8,0,14.2,Salaried,Graduate,MORTGAGE,Personal,0
637,79200.0,11900.0,168100.0,24,25900.0,0.28,0,7.4,Salaried,Post Graduate,RENT,Personal,0
714,18600.0,23600.0,67000.0,36,9600.0,0.3,0,18.3,Self-Employed,Graduate,OWN,Education,1
717,26100.0,49300.0,294400.0,360,10700.0,0.18,0,6.4,Salaried,Graduate,OWN,Home,1
646,25800.0,20900.0,97000.0,36,12700.0,0.36,1,8.5,Self-Employed,Graduate,MORTGAGE,Vehicle,0
756,86700.0,20800.0,358900.0,60,13900.0,0.83,0,14.6,Salaried,Graduate,RENT,Home,1
571,136800.0,0.0,149200.0,60,72700.0,0.35,0,1.7,Salaried,Post Graduate,RENT,Business,0
669,46000.0,45900.0,323800.0,60,10400.0,0.71,0,14.0,Self-Employed,Not Graduate,OWN,Home,0
737,44300.0,25700.0,188700.0,36,22700.0,0.41,2,4.7,Salaried,Post Graduate,MORTGAGE,Home,0
665,51100.0,0.0,80500.0,36,14400.0,0.29,2,6.8,Salaried,Graduate,RENT,Personal,0
672,98400.0,15700.0,282700.0,60,15800.0,0.04,0,9.3,Self-Employed,Graduate,RENT,Home,1
678,28100.0,0.0,92400.0,36,4400.0,0.35,0,4.0,Business,Post Graduate,RENT,Personal,0
618,56600.0,0.0,31000.0,60,19300.0,0.4,0,21.3,Salaried,Graduate,MORTGAGE,Vehicle,1
789,88000.0,0.0,268400.0,48,4200.0,0.23,0,9.1,Self-Employed,Graduate,OWN,Vehicle,1
603,66200.0,0.0,176500.0,36,36900.0,0.31,0,8.7,Salaried,Graduate,MORTGAGE,Personal,0
717,54900.0,20400.0,104000.0,36,8900.0,0.2,0,5.1,Self-Employed,Graduate,OWN,Home,1
725,89400.0,36500.0,442200.0,240,18000.0,0.25,0,1.3,Salaried,Not Graduate,OWN,Personal,1
609,15000.0,21800.0,63100.0,48,2100.0,0.2,2,13.7,Salaried,Graduate,OWN,Education,0
696,73600.0,50800.0,200000.0,60,100.0,0.38,0,6.6,Business,Post Graduate,OWN,Business,1
612,33100.0,0.0,78900.0,240,13800.0,0.18,0,9.7,Salaried,Graduate,RENT,Business,0
808,16300.0,18900.0,112800.0,60,5800.0,0.68,0,3.1,Business,Graduate,OWN,Personal,1
593,66600.0,27300.0,395800.0,360,32400.0,0.46,0,12.1,Salaried,Post Graduate,OWN,Personal,0
634,111800.0,17200.0,137400.0,24,2800.0,0.19,0,6.4,Business,Not Graduate,MORTGAGE,Vehicle,1
585,45100.0,24600.0,145400.0,120,25100.0,0.21,0,0.5,Unemployed,Post Graduate,MORTGAGE,Home,0
574,86800.0,20400.0,82300.0,36,17200.0,0.28,1,6.6,Salaried,Graduate,OWN,Home,0
825,129000.0,48400.0,627000.0,120,70700.0,0.59,0,11.9,Self-Employed,Graduate,OWN,Vehicle,0
736,107900.0,77500.0,424700.0,180,6900.0,0.53,1,10.9,Salaried,Post Graduate,OWN,Personal,1
701,131100.0,0.0,436300.0,36,58500.0,0.16,0,9.9,Salaried,Not Graduate,MORTGAGE,Personal,0
634,76500.0,0.0,136800.0,48,26600.0,0.75,0,7.8,Self-Employed,Graduate,OWN,Education,0
767,51300.0,23800.0,291200.0,60,11000.0,0.3,0,8.2,Salaried,Graduate,RENT,Personal,1
619,18700.0,12600.0,82600.0,24,900.0,0.32,0,5.2,Salaried,Graduate,OWN,Home,1
757,42300.0,27500.0,298400.0,120,15300.0,0.29,1,13.8,Self-Employed,Post Graduate,MORTGAGE,Home,1
615,29600.0,39100.0,56000.0,24,500.0,0.35,0,7.7,Salaried,Not Graduate,RENT,Personal,1
635,180300.0,0.0,461000.0,240,54200.0,0.4,0,5.4,Self-Employed,Not Graduate,RENT,Personal,0
754,44100.0,0.0,157300.0,36,16000.0,0.24,0,17.0,Business,Post Graduate,OWN,Vehicle,1
763,52800.0,24400.0,223900.0,60,23200.0,0.27,0,14.2,Business,Post Graduate,MORTGAGE,Vehicle,1
740,68200.0,10000.0,46400.0,24,40600.0,0.23,0,8.5,Self-Employed,Post Graduate,OWN,Education,1
600,50300.0,0.0,220800.0,36,7800.0,0.19,0,6.2,Salaried,Graduate,OWN,Personal,0
652,135500.0,27900.0,276600.0,48,26200.0,0.32,2,6.4,Salaried,Graduate,OWN,Home,0
703,33700.0,37000.0,105800.0,48,6900.0,0.31,1,3.2,Salaried,Not Graduate,RENT,Personal,0
617,55100.0,18900.0,180800.0,12,24200.0,0.56,0,12.8,Salaried,Graduate,RENT,Business,0
806,31400.0,21600.0,141400.0,180,17600.0,0.47,0,17.2,Salaried,Post Graduate,OWN,Education,1
485,22200.0,0.0,79100.0,12,13000.0,0.42,0,10.9,Salaried,Graduate,RENT,Personal,0
623,34000.0,8600.0,88300.0,120,19300.0,0.48,1,15.8,Self-Employed,Graduate,RENT,Personal,0
646,47900.0,15500.0,143300.0,48,25300.0,0.65,0,12.3,Business,Graduate,RENT,Business,0
448,37900.0,12300.0,132500.0,48,22500.0,0.57,0,0.7,Unemployed,Graduate,MORTGAGE,Personal,0
571,32400.0,0.0,67300.0,36,7300.0,0.49,0,15.3,Business,Graduate,OWN,Business,0
743,21100.0,20800.0,174200.0,60,12000.0,0.11,1,6.9,Salaried,Graduate,RENT,Business,1
692,46600.0,0.0,182000.0,48,21300.0,0.23,0,9.1,Salaried,Graduate,OWN,Home,1
823,19900.0,0.0,46200.0,36,2000.0,0.37,1,3.5,Salaried,Graduate,RENT,Home,1
821,77300.0,5300.0,41400.0,36,2100.0,0.54,0,0.5,Self-Employed,Post Graduate,RENT,Education,1
726,51500.0,0.0,211300.0,24,6600.0,0.51,2,4.9,Salaried,Graduate,RENT,Home,0
716,20400.0,16300.0,36600.0,24,9500.0,0.26,1,9.4,Business,Graduate,RENT,Personal,0
695,40700.0,0.0,60200.0,12,15400.0,0.14,1,8.6,Salaried,Graduate,OWN,Education,1
464,31200.0,13000.0,49000.0,36,4200.0,0.38,0,12.0,Salaried,Post Graduate,RENT,Personal,0
571,59400.0,0.0,72400.0,60,26400.0,0.14,0,9.5,Business,Graduate,OWN,Personal,0
698,109600.0,0.0,406800.0,36,9300.0,0.35,3,8.8,Business,Graduate,RENT,Home,0
742,15900.0,0.0,44800.0,36,7800.0,0.38,2,5.3,Salaried,Post Graduate,MORTGAGE,Home,0
714,52500.0,22100.0,322600.0,24,25000.0,0.16,0,18.1,Salaried,Graduate,OWN,Personal,1
614,44500.0,62300.0,152300.0,60,26000.0,0.56,0,17.8,Self-Employed,Post Graduate,RENT,Business,0
769,73300.0,0.0,179000.0,36,6600.0,0.69,0,9.3,Salaried,Graduate,OWN,Personal,1
816,55700.0,24600.0,354100.0,60,30300.0,0.38,0,1.1,Salaried,Graduate,OWN,Business,1
769,31200.0,16800.0,182700.0,60,6400.0,0.3,0,9.8,Self-Employed,Graduate,RENT,Personal,1
774,40500.0,10400.0,173800.0,60,10100.0,0.58,0,1.7,Self-Employed,Graduate,OWN,Personal,1
642,30400.0,0.0,38200.0,36,8500.0,0.47,0,1.0,Salaried,Graduate,MORTGAGE,Personal,0
781,93500.0,31700.0,447900.0,48,35200.0,0.2,0,13.0,Salaried,Graduate,MORTGAGE,Home,1
702,49700.0,0.0,93900.0,36,29700.0,0.55,4,3.7,Salaried,Not Graduate,MORTGAGE,Education,0
733,153400.0,0.0,402200.0,240,55200.0,0.25,0,5.5,Salaried,Post Graduate,MORTGAGE,Business,1
721,47300.0,15300.0,183800.0,120,26300.0,0.85,0,12.6,Self-Employed,Graduate,RENT,Vehicle,0
679,32000.0,20100.0,153000.0,48,4900.0,0.4,2,10.4,Self-Employed,Graduate,MORTGAGE,Personal,0
616,19800.0,0.0,67400.0,360,4700.0,0.54,0,11.5,Business,Graduate,RENT,Personal,0
683,16600.0,0.0,52200.0,48,5000.0,0.79,0,17.0,Business,Graduate,OWN,Personal,1
773,18900.0,25300.0,34200.0,36,3700.0,0.35,0,5.3,Salaried,Graduate,MORTGAGE,Education,1
652,57500.0,33000.0,210800.0,24,33700.0,0.09,0,9.7,Self-Employed,Post Graduate,OWN,Personal,0
765,66500.0,0.0,209900.0,48,29000.0,0.2,1,15.5,Self-Employed,Post Graduate,RENT,Personal,1
752,19000.0,42900.0,104200.0,180,5500.0,0.51,0,3.4,Business,Post Graduate,RENT,Education,1
664,83900.0,0.0,147000.0,180,37800.0,0.44,0,7.3,Business,Graduate,RENT,Personal,1
808,36700.0,0.0,36600.0,60,10300.0,0.14,0,12.3,Salaried,Graduate,RENT,Personal,1
659,53500.0,59900.0,246600.0,36,600.0,0.49,0,1.8,Salaried,Graduate,OWN,Personal,1
818,129000.0,0.0,573700.0,60,42000.0,0.57,0,9.2,Self-Employed,Graduate,MORTGAGE,Home,0
726,84000.0,0.0,137900.0,120,31500.0,0.35,0,6.6,Salaried,Graduate,MORTGAGE,Personal,1
688,41700.0,5900.0,125000.0,48,24500.0,0.84,2,3.5,Salaried,Not Graduate,RENT,Vehicle,0
614,28700.0,59200.0,305300.0,48,700.0,0.26,0,14.0,Salaried,Post Graduate,OWN,Vehicle,0
682,15000.0,0.0,8300.0,60,4600.0,0.45,0,12.6,Unemployed,Graduate,RENT,Home,1
672,31800.0,73400.0,431500.0,180,1900.0,0.19,0,10.7,Salaried,Graduate,OWN,Vehicle,0
583,43200.0,49900.0,190500.0,120,3900.0,0.19,0,11.5,Self-Employed,Graduate,RENT,Personal,0
671,27100.0,0.0,107800.0,12,9900.0,0.2,0,6.0,Unemployed,Graduate,OWN,Business,0
621,45300.0,41700.0,57100.0,24,6300.0,0.49,0,8.3,Unemployed,Graduate,RENT,Home,0
739,51300.0,0.0,55500.0,180,23100.0,0.29,0,3.9,Self-Employed,Graduate,MORTGAGE,Education,1
801,42800.0,72900.0,207100.0,120,13200.0,0.37,0,11.9,Salaried,Graduate,MORTGAGE,Home,1
585,33200.0,30000.0,118900.0,36,4300.0,0.48,0,3.5,Salaried,Graduate,MORTGAGE,Home,0
835,54200.0,12300.0,258800.0,60,16100.0,0.16,1,5.5,Business,Graduate,OWN,Education,0
679,63900.0,0.0,34800.0,240,0.0,0.29,1,2.9,Salaried,Graduate,MORTGAGE,Home,1
607,25500.0,32700.0,178400.0,240,13200.0,0.57,1,9.1,Salaried,Post Graduate,RENT,Education,0
754,114300.0,27900.0,145800.0,120,900.0,0.75,0,6.7,Salaried,Graduate,RENT,Personal,1
652,46200.0,0.0,175200.0,36,200.0,0.59,0,10.0,Salaried,Graduate,RENT,Home,0
683,49600.0,0.0,179300.0,60,18200.0,0.37,1,4.7,Self-Employed,Graduate,RENT,Personal,0
655,75000.0,0.0,187500.0,24,43800.0,0.5,0,4.2,Salaried,Post Graduate,RENT,Business,0
620,56400.0,40300.0,130600.0,180,29000.0,0.48,1,10.2,Salaried,Post Graduate,MORTGAGE,Vehicle,0
751,86800.0,59300.0,443800.0,24,13100.0,0.5,1,7.3,Salaried,Graduate,OWN,Home,0
665,58200.0,0.0,65500.0,60,6900.0,0.37,0,22.2,Business,Post Graduate,OWN,Home,1
567,33900.0,45600.0,100200.0,60,12700.0,0.26,0,11.3,Self-Employed,Not Graduate,OWN,Vehicle,0
736,60900.0,25800.0,260700.0,120,30100.0,0.42,0,8.7,Salaried,Post Graduate,RENT,Education,1
587,24700.0,11300.0,160700.0,60,5400.0,0.89,0,14.5,Salaried,Graduate,MORTGAGE,Education,0
591,52300.0,0.0,212600.0,24,13600.0,0.6,2,13.0,Salaried,Graduate,OWN,Home,0
791,48100.0,23600.0,206000.0,60,3300.0,0.38,0,8.9,Salaried,Graduate,OWN,Business,1
588,43300.0,0.0,114900.0,36,4000.0,0.65,0,23.2,Business,Graduate,OWN,Personal,0
493,45400.0,0.0,204000.0,36,15500.0,0.1,4,13.8,Salaried,Post Graduate,MORTGAGE,Business,0
742,15800.0,33500.0,132600.0,360,1000.0,0.37,0,2.4,Self-Employed,Post Graduate,OWN,Home,1
664,35300.0,0.0,77000.0,60,4300.0,0.59,0,6.3,Salaried,Not Graduate,OWN,Education,1
671,51800.0,0.0,214400.0,60,7300.0,0.65,0,0.5,Salaried,Graduate,OWN,Business,0
663,54000.0,0.0,77600.0,48,14400.0,0.28,1,0.7,Business,Graduate,MORTGAGE,Home,0
709,26500.0,0.0,23600.0,120,700.0,0.15,0,22.9,Salaried,Graduate,OWN,Education,1
626,104800.0,0.0,318200.0,120,31400.0,0.5,0,14.8,Self-Employed,Post Graduate,MORTGAGE,Home,0
815,29200.0,49600.0,69600.0,60,16300.0,0.39,2,0.5,Salaried,Not Graduate,RENT,Business,1
564,87700.0,0.0,174800.0,360,1300.0,0.57,0,8.0,Self-Employed,Graduate,RENT,Home,0
727,63300.0,0.0,138900.0,48,24000.0,0.5,0,6.2,Business,Graduate,RENT,Personal,1
744,33300.0,0.0,89600.0,60,16700.0,0.53,0,21.3,Business,Graduate,RENT,Home,1
625,142200.0,27500.0,758000.0,120,26700.0,0.47,0,0.5,Salaried,Graduate,OWN,Business,0
602,24000.0,42800.0,92400.0,36,1900.0,0.48,1,4.8,Business,Graduate,MORTGAGE,Home,0
776,85100.0,0.0,170500.0,48,2200.0,0.11,0,4.9,Self-Employed,Post Graduate,RENT,Personal,1
605,89400.0,20200.0,112800.0,360,34500.0,0.22,0,4.4,Business,Graduate,MORTGAGE,Home,0
638,32800.0,0.0,96100.0,12,10900.0,0.46,1,9.3,Salaried,Graduate,RENT,Home,0
765,113000.0,0.0,385400.0,36,15500.0,0.28,0,12.4,Salaried,Graduate,MORTGAGE,Education,1
692,42200.0,0.0,102500.0,48,21100.0,0.7,0,5.4,Self-Employed,Graduate,RENT,Personal,0
537,58300.0,0.0,86500.0,12,25700.0,0.4,0,7.6,Self-Employed,Graduate,RENT,Home,0
838,57300.0,0.0,171000.0,180,9500.0,0.7,0,3.2,Self-Employed,Graduate,MORTGAGE,Home,1
644,45200.0,25600.0,188100.0,36,20400.0,0.13,0,3.6,Salaried,Graduate,OWN,Personal,0
655,79700.0,0.0,94400.0,36,11700.0,0.75,1,10.1,Salaried,Graduate,OWN,Personal,0
711,78900.0,21400.0,212900.0,120,32000.0,0.23,0,10.9,Salaried,Post Graduate,RENT,Vehicle,1
743,17200.0,0.0,38500.0,36,1200.0,0.08,0,0.5,Salaried,Graduate,RENT,Business,1
850,107200.0,0.0,474900.0,60,44500.0,0.15,0,4.4,Salaried,Post Graduate,RENT,Business,1
548,18100.0,29800.0,186700.0,120,2600.0,0.81,0,6.4,Unemployed,Graduate,RENT,Business,0
760,91100.0,26800.0,405300.0,120,31300.0,0.33,1,6.1,Salaried,Post Graduate,OWN,Business,1
753,96400.0,0.0,390900.0,120,10000.0,0.41,2,6.7,Salaried,Graduate,RENT,Vehicle,0
678,25500.0,16400.0,144200.0,24,11100.0,0.31,0,0.5,Self-Employed,Post Graduate,RENT,Vehicle,0
756,38300.0,0.0,157600.0,24,1400.0,0.43,1,13.4,Self-Employed,Graduate,OWN,Personal,1
769,25200.0,0.0,18100.0,36,2500.0,0.69,0,7.6,Self-Employed,Graduate,RENT,Home,1
572,43100.0,0.0,100200.0,12,4800.0,0.45,0,22.0,Self-Employed,Graduate,OWN,Home,0
838,40700.0,0.0,141900.0,48,1000.0,0.69,2,11.1,Salaried,Graduate,OWN,Vehicle,1
557,78300.0,0.0,221800.0,36,35000.0,0.5,2,9.9,Salaried,Post Graduate,OWN,Home,0
593,107600.0,0.0,129200.0,60,63300.0,0.25,0,3.7,Salaried,Graduate,OWN,Home,0
667,113300.0,31000.0,268700.0,36,52900.0,0.4,0,5.1,Salaried,Post Graduate,MORTGAGE,Vehicle,1
850,35000.0,0.0,62000.0,48,18100.0,0.17,0,12.0,Unemployed,Not Graduate,RENT,Vehicle,1
663,43200.0,20000.0,97700.0,36,200.0,0.31,0,6.6,Self-Employed,Post Graduate,OWN,Home,1
687,17900.0,0.0,33500.0,36,1300.0,0.45,0,4.5,Self-Employed,Graduate,MORTGAGE,Home,0
811,30200.0,31000.0,156600.0,60,10100.0,0.37,0,17.4,Salaried,Graduate,OWN,Business,1
664,87500.0,20300.0,422500.0,60,51300.0,0.38,0,9.9,Salaried,Graduate,RENT,Vehicle,0
589,129200.0,0.0,448100.0,120,51200.0,0.66,0,12.0,Self-Employed,Not Graduate,RENT,Education,0
654,23400.0,0.0,89900.0,180,5300.0,0.28,2,6.5,Salaried,Post Graduate,MORTGAGE,Vehicle,0
806,34400.0,23900.0,235200.0,60,3000.0,0.5,0,14.1,Business,Graduate,OWN,Personal,1
696,48300.0,19100.0,145900.0,60,4400.0,0.37,0,5.3,Salaried,Post Graduate,OWN,Education,1
850,58000.0,0.0,109300.0,24,12600.0,0.7,0,14.0,Self-Employed,Graduate,OWN,Personal,1
752,30200.0,0.0,22100.0,24,12900.0,0.16,2,5.8,Self-Employed,Post Graduate,RENT,Personal,0
635,63200.0,20000.0,351300.0,120,1200.0,0.75,0,16.2,Business,Post Graduate,OWN,Vehicle,0
694,36900.0,0.0,28200.0,36,18900.0,0.25,0,14.6,Salaried,Graduate,OWN,Home,1
617,48600.0,15300.0,221400.0,36,27500.0,0.21,2,5.9,Salaried,Post Graduate,RENT,Home,0
633,68000.0,0.0,136800.0,24,36300.0,0.71,0,19.4,Business,Not Graduate,OWN,Education,0
850,49200.0,0.0,211300.0,36,27000.0,0.39,0,8.7,Salaried,Post Graduate,MORTGAGE,Education,1
776,37700.0,22200.0,130500.0,120,300.0,0.68,0,16.6,Self-Employed,Graduate,RENT,Home,1
763,45900.0,24300.0,264400.0,36,26900.0,0.2,3,2.4,Salaried,Post Graduate,RENT,Education,0
637,46500.0,0.0,75800.0,48,10200.0,0.15,0,11.5,Business,Graduate,RENT,Vehicle,0
823,39300.0,51400.0,153900.0,36,20500.0,0.28,1,10.0,Business,Graduate,OWN,Personal,1
783,42000.0,23400.0,188500.0,60,4700.0,0.1,0,6.1,Self-Employed,Graduate,RENT,Personal,1
849,127900.0,19600.0,662600.0,60,34300.0,0.3,0,12.8,Salaried,Graduate,RENT,Education,1
845,68600.0,0.0,176300.0,36,1800.0,0.73,0,14.5,Salaried,Post Graduate,OWN,Education,1
564,41100.0,38000.0,335800.0,120,1000.0,0.49,2,10.7,Salaried,Graduate,MORTGAGE,Personal,0
595,74500.0,24300.0,360100.0,36,42200.0,0.36,0,10.0,Salaried,Post Graduate,MORTGAGE,Home,0
604,40100.0,22200.0,229500.0,60,19500.0,0.35,0,9.3,Salaried,Graduate,RENT,Vehicle,0
609,99100.0,17900.0,262500.0,60,31500.0,0.25,0,10.6,Salaried,Graduate,OWN,Vehicle,0
717,61200.0,0.0,125200.0,360,19300.0,0.44,0,12.0,Salaried,Graduate,RENT,Education,1
641,46000.0,31600.0,98400.0,36,20700.0,0.21,0,11.8,Salaried,Graduate,OWN,Personal,1
850,64100.0,13900.0,339700.0,24,13100.0,0.47,0,11.0,Self-Employed,Graduate,OWN,Home,1
850,19100.0,0.0,82800.0,36,8700.0,0.52,0,5.8,Salaried,Post Graduate,RENT,Home,1
689,24900.0,20600.0,158700.0,24,7200.0,0.09,0,13.1,Unemployed,Graduate,OWN,Vehicle,0
850,23900.0,0.0,40300.0,36,9100.0,0.54,0,10.9,Salaried,Graduate,OWN,Home,1
816,53400.0,13800.0,99500.0,36,30900.0,0.3,0,10.0,Salaried,Graduate,OWN,Vehicle,1
651,138600.0,0.0,617400.0,48,39200.0,0.09,0,6.9,Salaried,Graduate,MORTGAGE,Business,0
519,187000.0,22800.0,160700.0,240,46900.0,0.44,0,13.0,Self-Employed,Post Graduate,OWN,Education,0
671,71900.0,26200.0,380100.0,36,39100.0,0.61,0,0.5,Salaried,Graduate,OWN,Personal,0
635,66200.0,56200.0,235200.0,360,35900.0,0.27,0,7.7,Salaried,Post Graduate,RENT,Personal,0
707,16600.0,29400.0,100100.0,120,9900.0,0.08,0,6.1,Salaried,Graduate,RENT,Personal,1
697,35400.0,18100.0,204800.0,180,11700.0,0.14,1,5.6,Self-Employed,Graduate,OWN,Personal,0
695,30600.0,0.0,26400.0,240,6300.0,0.16,0,6.7,Salaried,Post Graduate,MORTGAGE,Personal,1
734,33800.0,36200.0,134200.0,120,4900.0,0.23,0,2.8,Salaried,Not Graduate,OWN,Personal,1
586,44300.0,51500.0,412700.0,120,900.0,0.76,2,6.3,Business,Not Graduate,MORTGAGE,Education,0
724,36900.0,31000.0,223800.0,48,16100.0,0.52,0,2.1,Salaried,Graduate,OWN,Personal,1
652,15000.0,0.0,52800.0,48,2100.0,0.43,2,10.1,Salaried,Graduate,OWN,Home,0
706,76800.0,36500.0,400000.0,240,28000.0,0.26,0,12.7,Salaried,Not Graduate,MORTGAGE,Personal,0
771,25800.0,54700.0,59800.0,36,14200.0,0.41,0,13.3,Salaried,Graduate,RENT,Personal,1
585,56600.0,10100.0,87600.0,12,32300.0,0.61,0,10.7,Salaried,Graduate,MORTGAGE,Personal,0
666,170200.0,0.0,419600.0,120,500.0,0.62,0,5.2,Salaried,Graduate,RENT,Vehicle,0
679,28200.0,0.0,55600.0,60,5400.0,0.38,0,2.5,Self-Employed,Post Graduate,OWN,Home,1
646,15000.0,13800.0,61700.0,120,7500.0,0.27,0,4.7,Salaried,Post Graduate,MORTGAGE,Home,1
766,41300.0,0.0,149700.0,24,13300.0,0.43,0,6.4,Business,Graduate,OWN,Vehicle,1
628,94900.0,17600.0,62900.0,60,46000.0,0.4,0,4.8,Salaried,Post Graduate,RENT,Business,0
642,158700.0,0.0,498600.0,36,81300.0,0.22,0,20.1,Business,Graduate,OWN,Home,0
629,23400.0,21100.0,22300.0,240,6200.0,0.38,1,11.5,Salaried,Post Graduate,RENT,Education,0
782,66000.0,0.0,49600.0,24,14200.0,0.46,0,10.9,Self-Employed,Graduate,MORTGAGE,Vehicle,1
648,37100.0,41500.0,167700.0,120,10100.0,0.55,0,9.6,Business,Post Graduate,RENT,Personal,0
729,46000.0,46200.0,356200.0,24,18000.0,0.3,1,5.5,Salaried,Graduate,RENT,Vehicle,0
850,239600.0,0.0,258800.0,12,52800.0,0.19,0,8.7,Business,Graduate,OWN,Education,1
683,19900.0,0.0,54100.0,36,9300.0,0.32,2,11.5,Salaried,Not Graduate,OWN,Home,0
784,57100.0,0.0,183500.0,36,31000.0,0.39,0,12.8,Salaried,Graduate,RENT,Home,1
832,64900.0,37200.0,144800.0,60,11000.0,0.13,1,9.5,Self-Employed,Graduate,MORTGAGE,Business,1
777,94000.0,28000.0,311000.0,24,54400.0,0.14,0,11.8,Salaried,Graduate,MORTGAGE,Business,1
688,52000.0,34100.0,356900.0,48,19400.0,0.41,0,5.6,Self-Employed,Post Graduate,OWN,Education,0
744,59000.0,26500.0,217900.0,36,31100.0,0.07,1,0.5,Salaried,Post Graduate,OWN,Home,1
580,38800.0,35000.0,83300.0,180,2400.0,0.56,2,14.6,Self-Employed,Post Graduate,RENT,Vehicle,0
623,57600.0,0.0,173400.0,12,8700.0,0.44,0,5.0,Business,Post Graduate,RENT,Education,0
638,39900.0,0.0,114500.0,36,7700.0,0.29,1,5.0,Salaried,Graduate,RENT,Home,0
850,71200.0,0.0,43300.0,60,12900.0,0.28,0,3.6,Salaried,Graduate,MORTGAGE,Personal,1
620,39300.0,19100.0,50400.0,240,4100.0,0.49,1,9.5,Salaried,Post Graduate,OWN,Business,1
619,61500.0,19200.0,91000.0,180,32000.0,0.29,0,5.3,Self-Employed,Graduate,OWN,Personal,0
601,48200.0,0.0,50400.0,180,12100.0,0.28,0,15.4,Salaried,Post Graduate,MORTGAGE,Home,1
737,96300.0,16900.0,174100.0,24,55600.0,0.35,0,15.3,Salaried,Graduate,RENT,Home,1
702,47500.0,20600.0,157700.0,120,16600.0,0.76,0,9.9,Salaried,Graduate,RENT,Personal,1
782,16900.0,12600.0,58600.0,120,1400.0,0.13,0,4.5,Salaried,Graduate,OWN,Personal,1
747,104500.0,0.0,424500.0,240,34200.0,0.3,0,17.3,Salaried,Graduate,RENT,Business,1
572,28500.0,0.0,84000.0,36,17000.0,0.32,0,13.8,Self-Employed,Not Graduate,RENT,Vehicle,0
621,33100.0,11500.0,178600.0,240,11200.0,0.5,0,4.7,Salaried,Graduate,RENT,Personal,0
806,34300.0,17700.0,135600.0,48,0.0,0.57,0,10.1,Salaried,Graduate,RENT,Education,1
672,111800.0,31800.0,123400.0,60,62600.0,0.35,0,9.4,Salaried,Graduate,RENT,Personal,0
790,15000.0,0.0,35300.0,48,2100.0,0.16,0,10.9,Salaried,Graduate,MORTGAGE,Vehicle,1
677,322100.0,0.0,1000000.0,48,133100.0,0.44,0,8.7,Salaried,Graduate,RENT,Home,0
607,92400.0,25900.0,151000.0,48,28600.0,0.25,0,8.1,Salaried,Graduate,OWN,Business,0
664,56000.0,31900.0,76000.0,36,10900.0,0.43,0,22.7,Self-Employed,Graduate,OWN,Home,1
607,47400.0,13100.0,110000.0,120,8000.0,0.22,0,11.0,Self-Employed,Graduate,MORTGAGE,Vehicle,0
641,58200.0,35400.0,192400.0,60,32400.0,0.19,0,4.8,Salaried,Graduate,RENT,Personal,0
707,67000.0,0.0,115600.0,60,36700.0,0.18,0,6.1,Business,Graduate,OWN,Business,1
733,72200.0,26700.0,103000.0,36,22200.0,0.55,2,17.5,Salaried,Graduate,OWN,Education,1
554,68400.0,26400.0,142500.0,360,10600.0,0.15,0,6.6,Self-Employed,Not Graduate,OWN,Home,0
688,51700.0,0.0,166900.0,60,3200.0,0.38,0,3.6,Salaried,Graduate,OWN,Personal,1
640,43500.0,16100.0,121800.0,36,4100.0,0.46,0,8.6,Self-Employed,Not Graduate,MORTGAGE,Education,0
634,44800.0,0.0,135800.0,120,14000.0,0.55,0,7.4,Self-Employed,Not Graduate,OWN,Vehicle,0
701,43600.0,0.0,115300.0,36,8100.0,0.29,0,15.4,Salaried,Graduate,OWN,Personal,1
643,96800.0,0.0,261000.0,24,2400.0,0.39,0,16.3,Business,Graduate,RENT,Personal,0
807,70000.0,0.0,104600.0,48,19100.0,0.41,1,6.9,Self-Employed,Graduate,RENT,Home,1
790,15000.0,0.0,38800.0,60,6700.0,0.16,0,12.5,Salaried,Post Graduate,MORTGAGE,Business,1
790,72700.0,27400.0,59500.0,36,38900.0,0.1,0,7.8,Salaried,Graduate,RENT,Business,1
647,55100.0,15600.0,157400.0,36,19300.0,0.32,0,4.4,Business,Post Graduate,OWN,Vehicle,0
608,48500.0,18300.0,186400.0,240,21000.0,0.66,0,17.4,Salaried,Post Graduate,MORTGAGE,Personal,0
696,38800.0,0.0,47600.0,36,8500.0,0.24,1,18.2,Salaried,Not Graduate,MORTGAGE,Business,1
677,96200.0,0.0,146800.0,36,28600.0,0.61,0,10.2,Self-Employed,Graduate,OWN,Personal,1
638,86600.0,24200.0,152700.0,360,37900.0,0.54,0,5.3,Salaried,Graduate,OWN,Business,0
590,30800.0,0.0,24100.0,36,13400.0,0.18,1,3.6,Salaried,Graduate,MORTGAGE,Home,0
686,62600.0,0.0,118400.0,60,15900.0,0.77,0,11.8,Salaried,Graduate,OWN,Vehicle,0
655,27400.0,15000.0,187200.0,36,8900.0,0.68,0,15.2,Salaried,Graduate,OWN,Personal,0
748,21400.0,28300.0,95200.0,60,11900.0,0.15,1,9.3,Salaried,Post Graduate,RENT,Personal,1
746,33700.0,30500.0,150400.0,36,12800.0,0.55,0,14.0,Self-Employed,Graduate,RENT,Home,1
783,82200.0,15800.0,305000.0,360,31700.0,0.49,1,7.5,Salaried,Post Graduate,RENT,Personal,0
582,86800.0,0.0,268600.0,48,40900.0,0.31,0,5.8,Self-Employed,Post Graduate,OWN,Home,0
724,66700.0,22000.0,381400.0,60,4600.0,0.43,0,9.9,Business,Graduate,OWN,Vehicle,1
628,75700.0,0.0,297500.0,240,23700.0,0.18,1,0.5,Salaried,Graduate,OWN,Education,0
586,66800.0,37400.0,383000.0,360,38500.0,0.08,0,6.2,Self-Employed,Post Graduate,RENT,Home,0
653,33400.0,0.0,143800.0,24,7200.0,0.63,0,12.7,Salaried,Graduate,OWN,Personal,1
780,63500.0,15900.0,113000.0,120,11200.0,0.64,0,0.5,Salaried,Graduate,OWN,Personal,1
658,79200.0,0.0,235100.0,36,28600.0,0.26,0,2.2,Salaried,Graduate,OWN,Vehicle,1
823,77100.0,22600.0,403700.0,60,10200.0,0.85,0,8.0,Salaried,Graduate,RENT,Home,1
736,100000.0,42600.0,427300.0,36,33400.0,0.71,0,2.7,Salaried,Post Graduate,RENT,Home,0
656,75000.0,49300.0,548100.0,48,7000.0,0.06,0,6.3,Self-Employed,Graduate,MORTGAGE,Personal,0
788,60500.0,19500.0,72100.0,36,21000.0,0.32,2,0.5,Salaried,Graduate,OWN,Education,1
727,93200.0,40000.0,300700.0,60,33700.0,0.82,0,11.9,Business,Graduate,MORTGAGE,Education,0
610,48200.0,18400.0,293700.0,48,12100.0,0.19,0,14.1,Self-Employed,Not Graduate,RENT,Home,0
847,28900.0,82200.0,224200.0,36,6600.0,0.28,0,1.1,Salaried,Post Graduate,MORTGAGE,Vehicle,1
712,44500.0,19000.0,219600.0,48,6600.0,0.09,0,9.7,Business,Graduate,MORTGAGE,Business,1
691,31400.0,44900.0,47400.0,360,6200.0,0.43,0,7.7,Business,Graduate,MORTGAGE,Vehicle,1
617,32700.0,41000.0,241700.0,60,9800.0,0.09,0,11.0,Business,Graduate,OWN,Home,0
790,44900.0,31500.0,323800.0,48,6700.0,0.05,0,16.0,Self-Employed,Not Graduate,OWN,Business,1
733,30500.0,19200.0,100900.0,240,14300.0,0.06,0,3.0,Self-Employed,Post Graduate,RENT,Home,1
743,40800.0,24900.0,38400.0,60,17400.0,0.19,0,15.0,Salaried,Graduate,RENT,Education,1
646,15700.0,9200.0,15200.0,24,2500.0,0.32,1,17.1,Salaried,Graduate,RENT,Education,1
760,55700.0,30100.0,349000.0,48,3300.0,0.39,0,0.5,Self-Employed,Graduate,RENT,Vehicle,1
767,49100.0,0.0,166500.0,36,0.0,0.17,0,13.6,Salaried,Not Graduate,OWN,Home,1
633,30000.0,28800.0,54500.0,120,10700.0,0.62,0,4.4,Business,Graduate,RENT,Education,0
569,72800.0,6100.0,56700.0,360,9200.0,0.52,1,11.9,Business,Graduate,OWN,Home,0
739,86000.0,14300.0,373000.0,36,600.0,0.1,0,4.8,Salaried,Post Graduate,RENT,Personal,1
556,18700.0,18500.0,139100.0,48,4000.0,0.54,1,5.9,Salaried,Graduate,MORTGAGE,Business,0
702,31000.0,0.0,30400.0,48,17900.0,0.45,2,5.4,Salaried,Graduate,MORTGAGE,Business,0
651,30900.0,31100.0,105800.0,36,12800.0,0.18,2,3.9,Self-Employed,Post Graduate,RENT,Vehicle,0
793,27900.0,24700.0,190400.0,120,14400.0,0.4,0,12.4,Salaried,Graduate,OWN,Home,1
656,80600.0,37000.0,306000.0,60,7000.0,0.37,0,11.1,Salaried,Post Graduate,OWN,Home,1
784,43600.0,0.0,188600.0,24,1900.0,0.65,1,11.2,Salaried,Post Graduate,RENT,Personal,1
646,41800.0,36500.0,189800.0,120,300.0,0.32,0,6.8,Salaried,Graduate,MORTGAGE,Personal,0
774,15000.0,34100.0,157500.0,36,8600.0,0.6,0,7.3,Self-Employed,Not Graduate,OWN,Home,1
850,71800.0,0.0,182300.0,360,12900.0,0.42,0,10.5,Self-Employed,Graduate,MORTGAGE,Personal,1
599,23300.0,0.0,99500.0,36,6400.0,0.41,0,4.6,Salaried,Graduate,OWN,Personal,0
714,50800.0,0.0,106400.0,60,12000.0,0.84,0,6.2,Business,Graduate,RENT,Personal,0
850,57900.0,34400.0,131000.0,24,25400.0,0.14,1,13.3,Salaried,Graduate,MORTGAGE,Home,1
695,110900.0,0.0,200300.0,36,20600.0,0.15,1,10.6,Business,Post Graduate,RENT,Home,0
695,22400.0,0.0,87600.0,120,7200.0,0.39,0,14.5,Unemployed,Graduate,MORTGAGE,Home,0
757,15000.0,39200.0,135100.0,48,9000.0,0.08,0,0.5,Salaried,Not Graduate,RENT,Business,1
693,54700.0,0.0,104900.0,240,14600.0,0.27,0,16.0,Salaried,Graduate,RENT,Business,1
544,144400.0,0.0,386600.0,60,47800.0,0.69,0,13.3,Salaried,Not Graduate,MORTGAGE,Personal,0
786,103100.0,32600.0,140200.0,240,31100.0,0.54,0,13.4,Salaried,Graduate,OWN,Business,1
519,55600.0,8300.0,33300.0,360,26800.0,0.68,0,0.6,Self-Employed,Not Graduate,RENT,Personal,0
654,36500.0,31300.0,110000.0,48,5800.0,0.27,1,5.9,Self-Employed,Post Graduate,RENT,Home,0
792,79600.0,22000.0,296700.0,60,8100.0,0.22,0,6.5,Salaried,Graduate,OWN,Vehicle,1
659,27300.0,35200.0,209200.0,120,12400.0,0.49,0,9.5,Self-Employed,Graduate,RENT,Education,0
631,65200.0,43100.0,412200.0,36,16300.0,0.47,0,17.5,Salaried,Graduate,OWN,Personal,1
764,66400.0,0.0,279300.0,180,36400.0,0.46,0,9.7,Salaried,Post Graduate,OWN,Vehicle,1
617,92600.0,0.0,198900.0,60,35800.0,0.3,0,14.5,Self-Employed,Not Graduate,RENT,Education,0
586,256700.0,24600.0,973900.0,60,86900.0,0.14,0,15.6,Salaried,Not Graduate,OWN,Business,0
713,62000.0,0.0,49500.0,24,2600.0,0.45,0,12.1,Salaried,Not Graduate,MORTGAGE,Business,1
674,36100.0,40200.0,55700.0,120,15800.0,0.49,0,9.8,Self-Employed,Post Graduate,RENT,Business,1
584,48300.0,25600.0,73800.0,36,19900.0,0.64,0,14.8,Salaried,Graduate,RENT,Home,0
744,17000.0,0.0,39000.0,120,6500.0,0.51,0,0.8,Salaried,Post Graduate,MORTGAGE,Vehicle,1
729,32300.0,0.0,43400.0,48,5200.0,0.13,0,11.8,Self-Employed,Post Graduate,OWN,Business,1
659,38300.0,0.0,63100.0,36,21800.0,0.28,1,16.3,Salaried,Graduate,OWN,Personal,0
665,35800.0,14000.0,154000.0,360,6900.0,0.37,2,9.4,Self-Employed,Graduate,MORTGAGE,Vehicle,0
729,53700.0,30400.0,162700.0,120,4900.0,0.56,0,11.6,Business,Post Graduate,MORTGAGE,Personal,0
791,29900.0,31700.0,168100.0,360,17700.0,0.39,0,13.7,Salaried,Post Graduate,OWN,Business,1
665,96000.0,0.0,206400.0,36,43000.0,0.16,0,6.7,Salaried,Post Graduate,MORTGAGE,Personal,1
745,49000.0,40000.0,104700.0,60,12200.0,0.58,0,23.7,Self-Employed,Not Graduate,RENT,Education,1
738,48700.0,23300.0,57300.0,60,27300.0,0.27,0,2.6,Self-Employed,Graduate,OWN,Home,1
764,40300.0,0.0,58200.0,60,2200.0,0.55,0,0.5,Salaried,Graduate,RENT,Home,1
693,53800.0,33400.0,63700.0,12,2800.0,0.55,0,12.1,Salaried,Post Graduate,MORTGAGE,Vehicle,1
612,80400.0,46900.0,378600.0,36,32900.0,0.45,0,5.5,Self-Employed,Not Graduate,RENT,Personal,0
650,29100.0,0.0,107200.0,240,3100.0,0.27,0,9.4,Self-Employed,Graduate,RENT,Personal,0
719,33000.0,46300.0,147400.0,48,18200.0,0.52,0,9.9,Salaried,Graduate,OWN,Personal,1
844,40900.0,0.0,83800.0,360,20600.0,0.17,0,10.7,Business,Graduate,MORTGAGE,Vehicle,1
648,21900.0,21300.0,162600.0,36,4000.0,0.67,0,1.9,Salaried,Graduate,OWN,Personal,0
758,30000.0,0.0,41700.0,360,16000.0,0.56,0,4.7,Self-Employed,Post Graduate,OWN,Business,1
662,36800.0,26200.0,61500.0,60,900.0,0.79,0,14.2,Self-Employed,Post Graduate,MORTGAGE,Personal,0
699,82800.0,25900.0,272200.0,120,27300.0,0.35,0,5.7,Business,Post Graduate,MORTGAGE,Home,0
818,57400.0,29800.0,269000.0,36,32200.0,0.37,2,7.8,Business,Graduate,RENT,Home,0
754,55100.0,25200.0,232800.0,240,28300.0,0.44,0,5.5,Salaried,Graduate,OWN,Vehicle,1
584,81700.0,25200.0,358700.0,48,17500.0,0.72,1,10.8,Salaried,Graduate,RENT,Personal,0
641,45100.0,18200.0,46000.0,60,4900.0,0.42,0,6.2,Salaried,Graduate,MORTGAGE,Vehicle,1
796,62000.0,43100.0,232600.0,24,7800.0,0.46,0,16.4,Self-Employed,Graduate,RENT,Vehicle,1
702,46100.0,28000.0,107800.0,60,14200.0,0.23,0,4.3,Salaried,Post Graduate,OWN,Home,1
592,57500.0,24700.0,290700.0,180,20600.0,0.5,0,1.1,Salaried,Post Graduate,MORTGAGE,Personal,0
620,34600.0,18500.0,211900.0,36,700.0,0.49,1,2.2,Business,Graduate,MORTGAGE,Home,0
749,15000.0,13800.0,46800.0,60,3700.0,0.57,1,14.0,Salaried,Graduate,RENT,Business,1
774,45200.0,51700.0,85400.0,12,22500.0,0.43,0,2.2,Salaried,Graduate,MORTGAGE,Personal,1
691,115100.0,35500.0,228000.0,240,30700.0,0.61,1,1.4,Business,Post Graduate,OWN,Vehicle,0
850,85500.0,0.0,78300.0,360,8700.0,0.63,0,12.0,Salaried,Not Graduate,RENT,Education,1
760,87500.0,0.0,156600.0,36,50100.0,0.1,0,17.2,Salaried,Not Graduate,OWN,Personal,1
669,102900.0,0.0,273000.0,24,16400.0,0.54,0,18.9,Business,Post Graduate,MORTGAGE,Home,1
620,51700.0,28600.0,352900.0,60,24800.0,0.38,0,7.6,Salaried,Graduate,MORTGAGE,Education,0
607,55200.0,0.0,115800.0,12,6400.0,0.3,1,0.5,Salaried,Graduate,MORTGAGE,Education,0
718,33800.0,30000.0,88100.0,48,8600.0,0.66,0,7.3,Self-Employed,Graduate,RENT,Business,0
648,40600.0,13200.0,62800.0,36,11900.0,0.63,1,14.3,Business,Graduate,RENT,Business,0
832,70900.0,0.0,84500.0,48,21300.0,0.45,0,3.0,Salaried,Not Graduate,MORTGAGE,Home,1
814,100900.0,30400.0,166800.0,12,31300.0,0.44,4,5.4,Salaried,Graduate,RENT,Personal,0
743,45100.0,0.0,160100.0,24,6100.0,0.15,1,9.8,Self-Employed,Graduate,OWN,Personal,1
589,37400.0,0.0,27800.0,12,11600.0,0.34,0,14.2,Salaried,Not Graduate,OWN,Business,0
632,49000.0,11700.0,272500.0,60,14200.0,0.58,0,3.4,Salaried,Graduate,MORTGAGE,Business,0
796,70300.0,44100.0,296400.0,60,8800.0,0.2,0,13.7,Salaried,Graduate,RENT,Vehicle,1
642,20600.0,17300.0,101500.0,36,12200.0,0.46,0,11.8,Unemployed,Graduate,OWN,Business,0
785,15000.0,0.0,29000.0,60,7800.0,0.56,0,7.0,Salaried,Graduate,RENT,Personal,1
730,35200.0,25400.0,197600.0,180,18700.0,0.55,0,12.2,Salaried,Post Graduate,MORTGAGE,Vehicle,1
694,23600.0,0.0,56300.0,36,9700.0,0.24,0,13.3,Salaried,Graduate,OWN,Home,1
630,36100.0,0.0,65600.0,120,3500.0,0.74,0,16.6,Self-Employed,Graduate,OWN,Vehicle,1
681,44900.0,0.0,70100.0,60,15300.0,0.43,0,15.9,Salaried,Not Graduate,MORTGAGE,Education,1
706,37300.0,0.0,156800.0,12,18400.0,0.09,0,2.6,Salaried,Graduate,OWN,Vehicle,1
777,117200.0,0.0,195000.0,36,2700.0,0.36,0,10.7,Business,Graduate,MORTGAGE,Home,1
614,59600.0,0.0,133800.0,48,17700.0,0.68,1,8.1,Salaried,Graduate,OWN,Business,0
667,58700.0,46100.0,199300.0,60,14000.0,0.33,0,10.1,Salaried,Graduate,OWN,Personal,1
693,71200.0,0.0,60100.0,36,9100.0,0.17,0,8.5,Salaried,Post Graduate,MORTGAGE,Education,1
746,24800.0,0.0,30800.0,360,5600.0,0.51,0,9.1,Salaried,Graduate,OWN,Vehicle,1
612,91400.0,0.0,115000.0,60,53900.0,0.23,0,8.2,Self-Employed,Graduate,OWN,Education,0
578,46800.0,20100.0,219100.0,36,20300.0,0.66,0,5.2,Salaried,Graduate,MORTGAGE,Personal,0
747,73300.0,0.0,155900.0,24,13200.0,0.74,0,9.5,Self-Employed,Graduate,RENT,Education,1
560,25800.0,79700.0,382700.0,36,9400.0,0.71,2,12.9,Business,Graduate,RENT,Home,0
799,19300.0,55400.0,249200.0,48,2900.0,0.02,1,7.4,Salaried,Graduate,RENT,Personal,1
676,80100.0,0.0,101600.0,48,29400.0,0.02,0,5.7,Business,Not Graduate,MORTGAGE,Vehicle,1
558,61400.0,32600.0,258700.0,120,33000.0,0.62,1,9.4,Salaried,Graduate,MORTGAGE,Personal,0
649,28500.0,0.0,98900.0,60,9500.0,0.55,2,10.2,Self-Employed,Graduate,OWN,Vehicle,0
722,29100.0,40700.0,211600.0,36,12800.0,0.75,0,4.9,Salaried,Post Graduate,RENT,Personal,0
644,96300.0,18500.0,332900.0,60,26200.0,0.04,2,6.3,Salaried,Graduate,RENT,Home,0
691,24000.0,0.0,83000.0,12,7500.0,0.18,4,2.7,Salaried,Graduate,OWN,Education,0
752,131300.0,0.0,95500.0,36,54800.0,0.42,1,10.0,Salaried,Post Graduate,RENT,Business,1
672,28600.0,20200.0,167200.0,120,13900.0,0.22,0,6.7,Unemployed,Post Graduate,OWN,Personal,0
610,71900.0,40400.0,178600.0,36,28400.0,0.55,0,15.2,Salaried,Graduate,OWN,Education,0
664,40200.0,0.0,112100.0,120,23600.0,0.09,0,10.9,Business,Not Graduate,OWN,Personal,1
810,70400.0,19700.0,132400.0,360,34600.0,0.31,4,11.8,Business,Graduate,RENT,Vehicle,0
833,35400.0,11000.0,178900.0,60,16500.0,0.68,0,9.1,Salaried,Post Graduate,OWN,Business,1
518,44500.0,44500.0,215600.0,24,22600.0,0.2,1,12.7,Salaried,Graduate,MORTGAGE,Business,0
782,50200.0,0.0,154200.0,36,8500.0,0.41,0,0.5,Salaried,Not Graduate,OWN,Business,1
711,26900.0,22800.0,182700.0,12,7000.0,0.44,0,8.2,Self-Employed,Graduate,MORTGAGE,Home,0
768,76500.0,23200.0,406900.0,60,25900.0,0.43,2,6.8,Salaried,Graduate,OWN,Education,1
643,36000.0,0.0,123400.0,120,10000.0,0.36,1,14.1,Salaried,Not Graduate,RENT,Home,0
539,42700.0,56200.0,108300.0,60,21700.0,0.26,0,1.9,Salaried,Post Graduate,RENT,Vehicle,0
739,27000.0,33000.0,235100.0,120,400.0,0.23,2,9.5,Business,Graduate,OWN,Home,0
610,15000.0,19000.0,101100.0,120,1900.0,0.05,1,14.8,Salaried,Graduate,MORTGAGE,Education,1
571,43700.0,0.0,128400.0,180,23100.0,0.07,2,7.9,Self-Employed,Graduate,MORTGAGE,Personal,0
577,208500.0,15400.0,937100.0,36,7400.0,0.22,0,7.8,Salaried,Post Graduate,RENT,Business,0
741,78500.0,0.0,117400.0,180,10700.0,0.77,2,9.7,Self-Employed,Graduate,OWN,Home,0
701,48500.0,19400.0,99000.0,60,10200.0,0.6,1,7.3,Business,Graduate,RENT,Education,0
756,41900.0,0.0,107000.0,36,18900.0,0.07,2,10.4,Salaried,Post Graduate,MORTGAGE,Education,1
746,49700.0,20400.0,245600.0,360,16700.0,0.04,0,13.9,Salaried,Not Graduate,RENT,Personal,1
654,68100.0,15900.0,192300.0,360,39000.0,0.18,0,10.0,Self-Employed,Post Graduate,RENT,Vehicle,0
684,24100.0,0.0,73200.0,60,3300.0,0.27,1,8.2,Unemployed,Post Graduate,MORTGAGE,Vehicle,0
646,95700.0,58800.0,356900.0,120,50100.0,0.33,0,12.3,Self-Employed,Graduate,MORTGAGE,Home,0
672,75300.0,42000.0,345000.0,36,12800.0,0.55,1,16.0,Self-Employed,Not Graduate,OWN,Business,0
607,75400.0,0.0,285700.0,48,11100.0,0.42,3,5.1,Self-Employed,Graduate,RENT,Personal,0
723,63800.0,35200.0,121000.0,36,19100.0,0.34,1,17.9,Salaried,Graduate,MORTGAGE,Home,1
781,49600.0,21700.0,234000.0,48,2100.0,0.43,0,5.5,Self-Employed,Not Graduate,MORTGAGE,Personal,1
620,73400.0,0.0,267900.0,48,16900.0,0.4,0,10.2,Salaried,Graduate,OWN,Home,0
798,69900.0,0.0,160000.0,36,14900.0,0.47,0,10.0,Salaried,Post Graduate,MORTGAGE,Business,1
699,39600.0,0.0,71000.0,60,3800.0,0.09,0,10.3,Self-Employed,Graduate,OWN,Home,1
710,34700.0,0.0,19200.0,24,17900.0,0.35,0,0.5,Business,Graduate,RENT,Home,0
545,52100.0,6200.0,215000.0,24,12100.0,0.11,0,2.1,Business,Graduate,OWN,Education,0
536,124200.0,0.0,225000.0,36,73200.0,0.66,0,6.4,Salaried,Graduate,MORTGAGE,Personal,0
702,23300.0,34400.0,111300.0,48,12600.0,0.19,1,5.1,Self-Employed,Post Graduate,OWN,Home,0
757,20300.0,31700.0,95900.0,36,2400.0,0.32,0,10.9,Self-Employed,Graduate,MORTGAGE,Home,1
632,54100.0,0.0,135000.0,36,16400.0,0.57,0,14.3,Salaried,Not Graduate,OWN,Home,1
831,50500.0,29200.0,263800.0,36,18200.0,0.29,0,0.5,Salaried,Graduate,RENT,Education,1
752,54400.0,20000.0,266900.0,36,26700.0,0.11,0,2.5,Salaried,Graduate,OWN,Personal,1
612,56700.0,36600.0,193200.0,48,30100.0,0.1,0,5.6,Salaried,Post Graduate,RENT,Home,0
692,42900.0,0.0,135200.0,240,16100.0,0.19,0,2.6,Self-Employed,Post Graduate,OWN,Education,1
850,119800.0,0.0,405300.0,36,2500.0,0.54,0,6.6,Salaried,Graduate,MORTGAGE,Home,1
584,18800.0,35600.0,91800.0,60,5400.0,0.73,0,4.0,Salaried,Post Graduate,RENT,Education,0
734,29800.0,24400.0,48000.0,24,15800.0,0.22,2,10.7,Salaried,Graduate,RENT,Business,1
662,46100.0,32400.0,320200.0,36,19800.0,0.36,0,21.8,Salaried,Graduate,MORTGAGE,Business,0
750,18300.0,16400.0,111300.0,36,9600.0,0.69,2,4.0,Salaried,Not Graduate,OWN,Vehicle,0
797,44100.0,0.0,136400.0,240,17800.0,0.31,1,14.5,Salaried,Graduate,RENT,Personal,1
657,132800.0,30300.0,120000.0,48,3500.0,0.73,1,21.4,Self-Employed,Post Graduate,OWN,Vehicle,1
785,49600.0,0.0,187100.0,60,28800.0,0.22,0,4.9,Salaried,Post Graduate,OWN,Home,1
850,56300.0,0.0,155600.0,60,31000.0,0.15,0,19.0,Salaried,Post Graduate,RENT,Business,1
695,23000.0,34900.0,225300.0,24,1700.0,0.43,1,3.8,Self-Employed,Graduate,OWN,Education,0
756,33900.0,0.0,149100.0,240,2300.0,0.1,0,14.4,Business,Graduate,RENT,Personal,1
639,39100.0,24400.0,274900.0,36,12600.0,0.28,0,4.2,Self-Employed,Not Graduate,OWN,Home,0
691,40500.0,13800.0,213100.0,12,18400.0,0.43,0,0.5,Business,Graduate,OWN,Home,0
674,105800.0,0.0,57500.0,36,24300.0,0.53,0,13.4,Unemployed,Graduate,RENT,Personal,1
757,68500.0,43600.0,453200.0,36,5600.0,0.17,0,10.8,Business,Graduate,RENT,Vehicle,1
792,25200.0,27300.0,42000.0,24,7700.0,0.2,3,7.8,Unemployed,Graduate,OWN,Home,0
680,56800.0,22200.0,308500.0,60,11500.0,0.4,0,0.5,Self-Employed,Post Graduate,RENT,Personal,0
820,66100.0,0.0,107100.0,36,14000.0,0.22,0,14.8,Business,Not Graduate,RENT,Education,1
820,97200.0,0.0,285800.0,60,37600.0,0.55,0,13.6,Salaried,Graduate,RENT,Home,1
761,126500.0,33500.0,104400.0,12,67200.0,0.16,0,0.5,Salaried,Not Graduate,MORTGAGE,Personal,1
646,26700.0,0.0,95700.0,360,8900.0,0.62,0,9.3,Unemployed,Post Graduate,MORTGAGE,Personal,0
637,30100.0,0.0,28500.0,36,12400.0,0.34,0,10.9,Salaried,Post Graduate,RENT,Personal,0
620,23100.0,43700.0,143100.0,60,9100.0,0.6,0,2.5,Unemployed,Graduate,RENT,Vehicle,0
770,42600.0,0.0,160600.0,60,14100.0,0.67,0,13.2,Salaried,Graduate,OWN,Business,1
586,64800.0,27600.0,303200.0,36,12100.0,0.72,0,20.6,Salaried,Graduate,OWN,Home,0
747,88600.0,0.0,46400.0,24,20100.0,0.78,0,13.5,Business,Graduate,RENT,Education,1
598,46800.0,31500.0,165400.0,36,8900.0,0.58,0,16.9,Salaried,Graduate,MORTGAGE,Vehicle,0
760,40500.0,45700.0,57600.0,36,22300.0,0.21,1,12.6,Self-Employed,Graduate,OWN,Personal,1
691,53700.0,0.0,171500.0,36,26600.0,0.17,0,2.5,Salaried,Graduate,OWN,Personal,0
803,29700.0,0.0,130000.0,60,10300.0,0.46,0,12.3,Unemployed,Post Graduate,RENT,Education,1
787,171700.0,15600.0,584600.0,48,94000.0,0.45,1,1.6,Self-Employed,Graduate,OWN,Vehicle,0
811,18700.0,18900.0,52500.0,48,9900.0,0.53,0,5.5,Salaried,Graduate,RENT,Education,1
814,54800.0,43800.0,189400.0,12,30500.0,0.56,0,6.8,Salaried,Post Graduate,OWN,Business,1
702,165100.0,0.0,727500.0,180,22000.0,0.45,1,6.2,Self-Employed,Graduate,MORTGAGE,Home,0
591,49200.0,0.0,68700.0,36,21200.0,0.42,0,4.1,Unemployed,Post Graduate,MORTGAGE,Education,0
600,43700.0,32200.0,208400.0,36,16000.0,0.39,1,6.8,Salaried,Graduate,OWN,Business,0
512,39600.0,48100.0,184300.0,24,17400.0,0.31,0,7.4,Salaried,Graduate,OWN,Business,0
597,44000.0,29400.0,262300.0,24,7000.0,0.51,1,14.5,Business,Graduate,MORTGAGE,Personal,0
695,111700.0,13700.0,497800.0,60,46600.0,0.22,0,10.1,Unemployed,Graduate,MORTGAGE,Home,0
642,15000.0,16700.0,59100.0,60,3700.0,0.55,1,13.0,Self-Employed,Graduate,MORTGAGE,Vehicle,0
674,123000.0,14900.0,433200.0,60,61600.0,0.04,1,6.8,Self-Employed,Post Graduate,OWN,Personal,0
731,20900.0,0.0,56400.0,60,10000.0,0.23,0,12.8,Salaried,Post Graduate,OWN,Business,1
664,41800.0,24600.0,107200.0,360,5300.0,0.71,0,0.5,Salaried,Graduate,RENT,Home,0
594,37900.0,15000.0,84000.0,48,4200.0,0.55,0,1.6,Business,Post Graduate,MORTGAGE,Personal,0
685,69800.0,0.0,185300.0,48,30100.0,0.14,0,13.0,Salaried,Graduate,OWN,Home,1
613,18800.0,13900.0,36500.0,36,6200.0,0.41,0,5.0,Salaried,Post Graduate,MORTGAGE,Home,1
666,64700.0,52700.0,439500.0,24,21600.0,0.51,0,8.5,Salaried,Post Graduate,RENT,Home,0
804,165100.0,48700.0,165900.0,48,74500.0,0.57,4,0.5,Salaried,Graduate,OWN,Home,0
667,21600.0,42200.0,56000.0,36,11100.0,0.7,1,6.1,Business,Graduate,RENT,Business,0
840,54900.0,19000.0,138100.0,48,7900.0,0.42,0,1.8,Salaried,Graduate,RENT,Home,1
811,33000.0,0.0,32100.0,36,11000.0,0.17,0,4.6,Self-Employed,Post Graduate,OWN,Business,1
640,63300.0,14200.0,186200.0,120,31500.0,0.18,0,8.6,Self-Employed,Graduate,RENT,Education,0
595,49600.0,42400.0,193100.0,360,26000.0,0.13,0,8.5,Business,Graduate,RENT,Business,0
685,33400.0,25900.0,200900.0,36,5800.0,0.37,0,6.8,Salaried,Not Graduate,MORTGAGE,Personal,1
788,65700.0,0.0,283300.0,120,4100.0,0.11,4,12.5,Salaried,Not Graduate,OWN,Home,0
648,144700.0,0.0,508500.0,180,20200.0,0.19,0,5.8,Self-Employed,Graduate,MORTGAGE,Education,0
767,43700.0,7800.0,62700.0,360,24800.0,0.49,0,6.7,Self-Employed,Post Graduate,OWN,Personal,1
792,75500.0,16000.0,388200.0,36,21000.0,0.35,0,2.0,Salaried,Post Graduate,RENT,Home,1
624,22600.0,46900.0,143800.0,120,5700.0,0.13,0,14.1,Salaried,Graduate,RENT,Business,1
632,27600.0,22000.0,118900.0,36,200.0,0.15,0,3.9,Salaried,Post Graduate,MORTGAGE,Personal,1
750,65100.0,24700.0,196300.0,60,2000.0,0.35,1,0.9,Salaried,Graduate,OWN,Education,1
702,119400.0,37300.0,254200.0,60,47900.0,0.15,0,1.9,Self-Employed,Graduate,OWN,Business,1
631,60700.0,66400.0,518600.0,60,21500.0,0.49,0,9.0,Salaried,Graduate,OWN,Home,0
660,40600.0,0.0,74300.0,36,14000.0,0.66,1,7.5,Salaried,Graduate,OWN,Home,0
684,49000.0,16500.0,184300.0,120,3200.0,0.46,0,6.9,Salaried,Post Graduate,OWN,Education,1
556,23200.0,10200.0,48800.0,48,4900.0,0.87,0,13.0,Unemployed,Graduate,OWN,Home,0
755,70500.0,0.0,260100.0,36,34400.0,0.47,0,3.1,Business,Graduate,RENT,Personal,0
649,83200.0,0.0,299300.0,48,8700.0,0.68,0,10.5,Salaried,Graduate,OWN,Personal,0
453,37400.0,0.0,63000.0,180,19800.0,0.31,1,8.5,Salaried,Graduate,OWN,Education,0
687,37000.0,14300.0,165500.0,360,2700.0,0.78,1,10.0,Self-Employed,Post Graduate,OWN,Education,0
626,57500.0,0.0,190600.0,60,5800.0,0.07,0,8.6,Salaried,Not Graduate,MORTGAGE,Home,0
833,37700.0,25500.0,173800.0,12,10800.0,0.17,2,4.3,Self-Employed,Not Graduate,RENT,Business,1
640,47100.0,25400.0,210400.0,24,26700.0,0.17,0,0.5,Self-Employed,Not Graduate,OWN,Education,0
596,172800.0,42100.0,601300.0,24,34200.0,0.26,2,12.1,Salaried,Graduate,RENT,Personal,0
733,42300.0,31800.0,61300.0,24,16700.0,0.06,0,8.0,Salaried,Graduate,OWN,Home,1
633,39500.0,0.0,125700.0,36,14000.0,0.42,0,8.6,Salaried,Graduate,RENT,Vehicle,0
623,33200.0,22900.0,133500.0,36,3000.0,0.49,1,7.8,Unemployed,Post Graduate,OWN,Education,0
733,76600.0,37400.0,256900.0,24,11400.0,0.26,0,0.6,Business,Not Graduate,OWN,Personal,1
601,44000.0,34700.0,310100.0,180,24600.0,0.16,0,9.1,Business,Graduate,MORTGAGE,Education,0
566,33200.0,0.0,19700.0,60,3700.0,0.26,0,8.1,Salaried,Graduate,OWN,Home,0
836,108300.0,42900.0,227600.0,120,45200.0,0.8,0,7.6,Salaried,Post Graduate,RENT,Home,1
739,114900.0,22500.0,135400.0,36,66500.0,0.4,0,16.6,Self-Employed,Graduate,RENT,Education,1
667,34200.0,29400.0,40800.0,48,2500.0,0.95,0,8.6,Salaried,Graduate,MORTGAGE,Education,0
689,16000.0,5000.0,33700.0,36,3800.0,0.51,0,7.4,Self-Employed,Graduate,MORTGAGE,Vehicle,1
732,89700.0,21500.0,495300.0,48,12100.0,0.13,0,7.2,Self-Employed,Post Graduate,OWN,Home,0
772,32500.0,39400.0,113700.0,60,4300.0,0.06,0,2.6,Unemployed,Post Graduate,MORTGAGE,Vehicle,1
625,78800.0,22100.0,318300.0,48,5600.0,0.76,0,8.7,Salaried,Graduate,OWN,Personal,0
721,15000.0,21300.0,35300.0,120,5800.0,0.1,2,9.4,Self-Employed,Graduate,MORTGAGE,Personal,0
646,83700.0,0.0,243300.0,240,37500.0,0.43,0,4.7,Business,Graduate,OWN,Business,0
673,23700.0,0.0,105200.0,48,9600.0,0.8,0,11.7,Self-Employed,Graduate,OWN,Personal,0
703,76000.0,0.0,126700.0,36,42200.0,0.33,2,10.4,Salaried,Post Graduate,OWN,Education,0
689,49400.0,0.0,192300.0,240,4300.0,0.58,0,7.4,Salaried,Post Graduate,OWN,Business,1
752,27700.0,0.0,124400.0,60,5300.0,0.1,3,12.1,Unemployed,Graduate,MORTGAGE,Business,0
731,38400.0,24800.0,180400.0,60,7900.0,0.38,0,6.1,Salaried,Graduate,OWN,Business,1
561,74000.0,0.0,128600.0,60,10300.0,0.38,1,12.0,Unemployed,Post Graduate,OWN,Business,0
574,52200.0,23400.0,241500.0,24,4500.0,0.21,0,5.6,Salaried,Graduate,OWN,Home,0
658,69600.0,0.0,270000.0,24,20300.0,0.66,1,15.9,Business,Graduate,OWN,Home,0
845,160500.0,0.0,190300.0,36,80400.0,0.45,0,5.1,Self-Employed,Graduate,OWN,Personal,1
617,19200.0,0.0,44400.0,24,11000.0,0.15,0,7.2,Business,Not Graduate,RENT,Personal,0
672,129400.0,0.0,229900.0,48,10000.0,0.41,0,3.7,Salaried,Post Graduate,MORTGAGE,Education,1
644,52200.0,65400.0,192100.0,36,25800.0,0.37,0,10.7,Business,Graduate,RENT,Home,0
642,28600.0,34300.0,248000.0,180,14100.0,0.29,0,2.3,Salaried,Graduate,MORTGAGE,Home,0
705,22100.0,0.0,48300.0,60,5200.0,0.16,3,7.4,Salaried,Graduate,RENT,Education,0
809,43800.0,42300.0,159800.0,36,2900.0,0.17,1,1.1,Business,Graduate,OWN,Personal,1
728,85200.0,13000.0,286200.0,24,50600.0,0.56,1,10.7,Salaried,Post Graduate,RENT,Personal,0
621,45400.0,19300.0,89100.0,60,17900.0,0.46,1,11.0,Self-Employed,Graduate,MORTGAGE,Vehicle,0
850,121400.0,25300.0,208300.0,24,71500.0,0.06,1,8.6,Salaried,Graduate,RENT,Vehicle,1
696,20500.0,53300.0,190500.0,60,5900.0,0.59,1,5.4,Salaried,Not Graduate,RENT,Home,0
640,48700.0,26300.0,160300.0,120,11500.0,0.46,2,11.5,Self-Employed,Graduate,RENT,Education,0
810,23100.0,33700.0,95400.0,48,3400.0,0.25,2,3.3,Salaried,Graduate,MORTGAGE,Personal,1
650,61000.0,0.0,43700.0,24,36000.0,0.16,0,4.3,Salaried,Graduate,RENT,Home,0
831,83500.0,34300.0,304300.0,120,12700.0,0.41,0,11.5,Salaried,Post Graduate,RENT,Personal,1
615,38100.0,62200.0,377800.0,36,500.0,0.69,0,10.7,Salaried,Graduate,OWN,Personal,0
811,15000.0,44300.0,231600.0,36,4600.0,0.4,0,10.7,Salaried,Post Graduate,OWN,Personal,1
707,55200.0,25800.0,116800.0,48,12500.0,0.51,0,19.5,Self-Employed,Graduate,RENT,Home,1
799,63700.0,37700.0,293900.0,240,10000.0,0.15,1,8.9,Self-Employed,Post Graduate,RENT,Home,1
850,62500.0,0.0,245200.0,36,23800.0,0.12,0,6.0,Salaried,Graduate,OWN,Home,1
593,102900.0,34700.0,293800.0,240,22500.0,0.56,0,7.3,Self-Employed,Graduate,RENT,Home,0
798,25800.0,46900.0,307400.0,24,6200.0,0.52,2,0.5,Self-Employed,Post Graduate,OWN,Personal,0
570,73700.0,46700.0,495100.0,24,1000.0,0.48,0,9.9,Salaried,Not Graduate,OWN,Home,0
600,100300.0,25200.0,167200.0,60,35500.0,0.2,0,15.1,Business,Graduate,OWN,Business,0
621,16900.0,37100.0,82900.0,36,1200.0,0.18,0,6.3,Salaried,Graduate,RENT,Business,1
732,59400.0,0.0,72600.0,36,7600.0,0.2,0,14.6,Salaried,Graduate,OWN,Home,1
692,36200.0,17000.0,68300.0,24,15600.0,0.68,0,3.2,Salaried,Graduate,MORTGAGE,Business,1
675,46700.0,23500.0,290000.0,36,8800.0,0.7,0,4.1,Self-Employed,Post Graduate,MORTGAGE,Home,0
702,60400.0,25900.0,364600.0,36,5900.0,0.26,0,4.1,Salaried,Not Graduate,OWN,Education,1
740,36600.0,0.0,25900.0,60,12700.0,0.29,1,0.7,Salaried,Graduate,OWN,Vehicle,1
746,32700.0,41400.0,213000.0,60,4200.0,0.33,0,15.3,Salaried,Graduate,OWN,Home,1
783,50000.0,6700.0,156300.0,360,8100.0,0.59,0,10.6,Salaried,Graduate,RENT,Personal,1
844,25500.0,104500.0,268100.0,60,9500.0,0.41,2,11.1,Self-Employed,Graduate,OWN,Personal,1
688,25600.0,57000.0,250000.0,60,11400.0,0.53,0,4.4,Self-Employed,Graduate,RENT,Vehicle,0
645,73700.0,23600.0,417400.0,60,32700.0,0.35,0,12.0,Salaried,Graduate,OWN,Business,0
742,24600.0,0.0,29100.0,180,7100.0,0.63,0,5.5,Salaried,Not Graduate,OWN,Personal,1
592,73100.0,0.0,71800.0,36,19900.0,0.44,1,5.7,Self-Employed,Graduate,RENT,Education,0
632,64700.0,20000.0,53700.0,36,30600.0,0.45,0,13.4,Unemployed,Graduate,MORTGAGE,Personal,0
774,17400.0,29600.0,91900.0,60,2000.0,0.65,0,3.8,Self-Employed,Post Graduate,MORTGAGE,Business,1
679,32600.0,0.0,60300.0,36,3000.0,0.39,0,3.0,Self-Employed,Post Graduate,MORTGAGE,Business,1
587,100400.0,0.0,223200.0,240,40000.0,0.16,1,2.4,Self-Employed,Graduate,RENT,Vehicle,0
563,27200.0,0.0,68400.0,48,6700.0,0.6,0,7.3,Salaried,Graduate,RENT,Vehicle,0
694,37100.0,14000.0,180400.0,36,15800.0,0.58,2,18.3,Business,Graduate,MORTGAGE,Education,0
787,64700.0,0.0,133800.0,120,10000.0,0.46,0,6.7,Salaried,Post Graduate,OWN,Personal,1
785,78400.0,29200.0,196100.0,36,15300.0,0.45,0,1.5,Self-Employed,Graduate,RENT,Business,1
699,42200.0,28700.0,270000.0,360,22700.0,0.37,0,4.9,Unemployed,Not Graduate,OWN,Personal,0
850,34300.0,0.0,133700.0,360,8700.0,0.41,0,5.7,Salaried,Not Graduate,MORTGAGE,Personal,1
681,115100.0,47500.0,232700.0,60,40800.0,0.42,0,8.2,Salaried,Post Graduate,RENT,Home,1
678,139200.0,0.0,244800.0,24,8900.0,0.64,0,9.8,Self-Employed,Graduate,MORTGAGE,Home,1
471,88200.0,30100.0,449600.0,36,9500.0,0.57,0,0.5,Self-Employed,Graduate,RENT,Personal,0
651,51600.0,0.0,42200.0,48,1100.0,0.27,0,1.9,Business,Graduate,OWN,Vehicle,1
762,30200.0,25900.0,101200.0,180,7700.0,0.28,0,1.5,Self-Employed,Post Graduate,MORTGAGE,Personal,1
822,29800.0,29900.0,136900.0,36,17700.0,0.39,0,13.1,Salaried,Graduate,RENT,Education,1
619,67100.0,0.0,83800.0,24,35200.0,0.41,0,2.9,Salaried,Post Graduate,OWN,Home,0
729,63000.0,0.0,76800.0,24,23900.0,0.49,0,9.4,Self-Employed,Post Graduate,OWN,Vehicle,1
778,113700.0,23700.0,302200.0,48,58700.0,0.13,0,10.3,Self-Employed,Post Graduate,OWN,Personal,1
690,72400.0,0.0,254700.0,180,25800.0,0.46,1,5.5,Salaried,Graduate,OWN,Vehicle,0
495,19900.0,25500.0,175300.0,12,4400.0,0.23,0,0.5,Self-Employed,Post Graduate,RENT,Personal,0
711,92100.0,17500.0,484100.0,36,9600.0,0.29,0,13.9,Unemployed,Not Graduate,MORTGAGE,Education,0
754,26900.0,37800.0,51500.0,60,10500.0,0.37,0,14.6,Self-Employed,Post Graduate,OWN,Home,1
609,38900.0,23100.0,84700.0,120,4500.0,0.41,2,7.9,Salaried,Graduate,MORTGAGE,Home,0
668,57000.0,36700.0,330400.0,120,14300.0,0.2,0,4.6,Salaried,Post Graduate,MORTGAGE,Personal,0
591,162300.0,6900.0,450500.0,120,80400.0,0.51,1,17.0,Salaried,Graduate,MORTGAGE,Home,0
471,316800.0,27000.0,622500.0,24,24600.0,0.18,0,4.4,Self-Employed,Graduate,RENT,Personal,0
777,70500.0,0.0,93200.0,36,5500.0,0.56,0,12.0,Self-Employed,Not Graduate,RENT,Personal,1
689,43900.0,0.0,71200.0,360,5900.0,0.23,0,0.5,Salaried,Graduate,OWN,Education,1
825,67600.0,20400.0,195100.0,360,22400.0,0.05,0,10.3,Self-Employed,Graduate,RENT,Education,1
762,83500.0,20200.0,125300.0,60,12600.0,0.41,0,1.5,Business,Graduate,RENT,Home,1
659,40400.0,26300.0,290600.0,60,12200.0,0.22,2,9.9,Salaried,Graduate,OWN,Education,0
682,143900.0,0.0,133900.0,360,26100.0,0.45,0,8.0,Salaried,Graduate,MORTGAGE,Personal,1
738,56300.0,31500.0,390000.0,48,17100.0,0.2,0,6.2,Self-Employed,Post Graduate,RENT,Personal,0
772,66100.0,0.0,255600.0,24,11000.0,0.44,0,6.0,Self-Employed,Graduate,RENT,Home,0
717,73100.0,0.0,160300.0,60,43000.0,0.37,0,13.4,Business,Graduate,RENT,Home,0
783,63100.0,40300.0,357700.0,360,18700.0,0.61,1,7.6,Self-Employed,Graduate,RENT,Home,0
664,81100.0,0.0,258400.0,60,36200.0,0.56,0,10.0,Salaried,Graduate,RENT,Business,0
605,33800.0,49900.0,113300.0,120,14200.0,0.16,1,22.2,Unemployed,Post Graduate,OWN,Personal,0
684,35100.0,0.0,65200.0,48,10300.0,0.14,0,1.7,Self-Employed,Graduate,MORTGAGE,Business,1
707,25300.0,21000.0,118200.0,24,3600.0,0.04,0,4.1,Salaried,Not Graduate,RENT,Business,1
587,63800.0,18800.0,252000.0,36,19600.0,0.64,0,0.5,Business,Graduate,RENT,Business,0
576,78200.0,0.0,208900.0,360,32000.0,0.19,0,0.5,Unemployed,Post Graduate,OWN,Education,0
728,64500.0,0.0,154300.0,48,17800.0,0.13,0,17.5,Salaried,Not Graduate,RENT,Business,1
655,133900.0,39600.0,394300.0,12,6600.0,0.53,0,5.9,Business,Post Graduate,OWN,Business,0
675,48900.0,69200.0,294400.0,360,500.0,0.39,1,0.5,Salaried,Post Graduate,MORTGAGE,Home,0
659,73200.0,27100.0,224400.0,48,14400.0,0.12,0,6.6,Salaried,Post Graduate,MORTGAGE,Business,1
819,25500.0,0.0,68000.0,120,2300.0,0.17,0,5.5,Salaried,Post Graduate,RENT,Business,1
797,38900.0,16500.0,224500.0,48,21200.0,0.87,0,2.8,Salaried,Not Graduate,OWN,Home,1
584,74400.0,78200.0,462600.0,24,7800.0,0.77,0,5.8,Self-Employed,Not Graduate,MORTGAGE,Home,0
644,81600.0,22700.0,353600.0,60,19300.0,0.63,0,8.8,Self-Employed,Graduate,MORTGAGE,Education,0
762,41100.0,23100.0,185500.0,360,17600.0,0.41,0,5.9,Business,Graduate,RENT,Home,1
741,47000.0,0.0,144400.0,12,23000.0,0.5,0,12.3,Salaried,Graduate,OWN,Home,0
686,19700.0,0.0,55400.0,120,5600.0,0.52,0,7.7,Self-Employed,Not Graduate,OWN,Home,0
593,39600.0,18700.0,35400.0,36,4300.0,0.54,0,8.1,Self-Employed,Graduate,RENT,Home,0
631,83600.0,20700.0,469200.0,36,13600.0,0.25,0,7.0,Salaried,Graduate,MORTGAGE,Personal,0
646,69200.0,0.0,43900.0,36,17400.0,0.64,0,1.8,Self-Employed,Not Graduate,RENT,Home,0
713,66200.0,18200.0,175600.0,180,14500.0,0.46,0,2.0,Salaried,Graduate,RENT,Vehicle,0
834,50500.0,0.0,46500.0,48,10600.0,0.05,0,8.6,Self-Employed,Graduate,OWN,Education,1
631,49200.0,0.0,43700.0,48,3900.0,0.47,0,4.2,Business,Graduate,OWN,Home,1
602,33000.0,0.0,121200.0,120,18100.0,0.63,0,11.0,Business,Post Graduate,OWN,Personal,0
680,74600.0,0.0,164400.0,12,1300.0,0.32,0,6.3,Self-Employed,Graduate,OWN,Vehicle,1
777,63100.0,67300.0,483100.0,24,16700.0,0.15,0,4.1,Salaried,Graduate,OWN,Home,1
567,65900.0,11100.0,122500.0,12,38800.0,0.03,0,9.3,Unemployed,Graduate,RENT,Business,0
813,35800.0,0.0,54600.0,60,14200.0,0.82,0,8.1,Self-Employed,Graduate,RENT,Personal,1
675,15000.0,0.0,22600.0,48,3200.0,0.29,2,0.5,Business,Graduate,MORTGAGE,Personal,0
627,94700.0,21300.0,343900.0,180,8300.0,0.45,2,0.5,Salaried,Post Graduate,MORTGAGE,Personal,0
553,36800.0,0.0,138400.0,48,21300.0,0.76,0,10.9,Business,Graduate,OWN,Personal,0
750,29200.0,21500.0,117100.0,36,200.0,0.52,0,4.3,Self-Employed,Not Graduate,RENT,Home,1
675,74300.0,0.0,149900.0,120,30400.0,0.33,0,8.8,Self-Employed,Not Graduate,OWN,Personal,0
704,38700.0,27400.0,290500.0,36,20400.0,0.66,0,9.2,Salaried,Graduate,MORTGAGE,Personal,0
613,92600.0,0.0,89500.0,240,1400.0,0.18,0,14.0,Self-Employed,Post Graduate,RENT,Personal,1
662,71000.0,0.0,173700.0,36,30900.0,0.21,2,16.2,Salaried,Post Graduate,OWN,Vehicle,0
648,73900.0,0.0,157700.0,36,44300.0,0.14,0,2.3,Salaried,Graduate,RENT,Vehicle,0
681,21600.0,0.0,19300.0,48,8300.0,0.3,0,7.3,Salaried,Graduate,MORTGAGE,Personal,1
633,101400.0,23800.0,196900.0,24,25200.0,0.19,0,7.4,Salaried,Graduate,MORTGAGE,Business,1
559,57300.0,15300.0,44600.0,12,30100.0,0.88,0,15.6,Salaried,Not Graduate,OWN,Personal,0
850,39300.0,0.0,157500.0,48,13100.0,0.12,4,0.8,Self-Employed,Graduate,RENT,Personal,0
574,53400.0,0.0,156500.0,36,24000.0,0.14,0,15.2,Business,Not Graduate,MORTGAGE,Personal,0
705,16900.0,25300.0,158700.0,12,6000.0,0.2,0,10.8,Salaried,Graduate,MORTGAGE,Personal,1
539,62600.0,15700.0,202500.0,36,1400.0,0.76,0,5.3,Business,Graduate,MORTGAGE,Education,0
520,26400.0,17600.0,127500.0,48,3400.0,0.14,0,12.4,Salaried,Graduate,MORTGAGE,Personal,0
698,21800.0,14000.0,118300.0,36,1000.0,0.39,0,6.1,Unemployed,Post Graduate,RENT,Education,0
704,19700.0,24900.0,184300.0,24,1300.0,0.17,0,0.5,Salaried,Graduate,MORTGAGE,Personal,1
797,95600.0,17400.0,98000.0,60,900.0,0.2,0,8.6,Salaried,Post Graduate,OWN,Personal,1
723,33600.0,42300.0,138400.0,60,8500.0,0.55,0,6.7,Business,Post Graduate,MORTGAGE,Business,1
677,123000.0,33000.0,520400.0,60,13200.0,0.32,0,5.6,Salaried,Graduate,OWN,Personal,0
609,35500.0,0.0,153800.0,36,18200.0,0.75,0,4.0,Salaried,Graduate,RENT,Business,0
817,17600.0,0.0,77800.0,24,7900.0,0.21,0,11.1,Salaried,Post Graduate,RENT,Home,1
768,25100.0,0.0,76600.0,48,8600.0,0.74,1,7.9,Business,Not Graduate,MORTGAGE,Business,0
584,102900.0,38000.0,179600.0,180,30200.0,0.12,0,5.6,Salaried,Graduate,OWN,Business,0
693,44600.0,28900.0,71800.0,48,6800.0,0.2,2,5.0,Self-Employed,Post Graduate,MORTGAGE,Vehicle,0
702,35300.0,60000.0,408300.0,36,10100.0,0.23,0,5.7,Salaried,Graduate,RENT,Business,0
660,54000.0,0.0,120700.0,24,20800.0,0.37,0,5.1,Salaried,Graduate,RENT,Vehicle,0
755,66200.0,42500.0,139100.0,240,31100.0,0.23,0,6.0,Salaried,Graduate,MORTGAGE,Education,1
760,95800.0,28800.0,527800.0,60,4700.0,0.54,0,11.6,Business,Not Graduate,RENT,Vehicle,1
673,116900.0,0.0,107300.0,36,49700.0,0.6,0,6.1,Salaried,Graduate,MORTGAGE,Education,0
666,39500.0,18100.0,196900.0,36,17600.0,0.5,0,8.8,Salaried,Post Graduate,RENT,Vehicle,0
817,22100.0,21400.0,130500.0,180,7400.0,0.17,0,6.1,Salaried,Graduate,RENT,Business,1
769,38300.0,32000.0,59800.0,36,4900.0,0.36,1,0.5,Self-Employed,Graduate,MORTGAGE,Vehicle,1
696,57300.0,31900.0,165500.0,48,18500.0,0.47,2,9.1,Salaried,Post Graduate,MORTGAGE,Business,0
551,27500.0,34700.0,68400.0,60,8300.0,0.43,0,4.4,Self-Employed,Post Graduate,OWN,Home,0
719,27600.0,46600.0,216500.0,36,7900.0,0.13,1,11.3,Salaried,Graduate,OWN,Business,1
749,60300.0,13200.0,177000.0,12,16700.0,0.06,0,16.3,Self-Employed,Graduate,RENT,Personal,1
455,47600.0,16500.0,33100.0,36,3200.0,0.32,0,4.7,Salaried,Not Graduate,MORTGAGE,Personal,0
711,50000.0,0.0,220100.0,240,5500.0,0.05,0,12.5,Salaried,Not Graduate,RENT,Personal,1
654,31100.0,18700.0,94500.0,48,1800.0,0.69,0,5.9,Business,Graduate,RENT,Personal,0
671,42700.0,0.0,65500.0,120,6200.0,0.34,0,6.5,Self-Employed,Post Graduate,OWN,Vehicle,1
612,28200.0,0.0,39200.0,60,4500.0,0.68,0,9.9,Self-Employed,Post Graduate,RENT,Home,0
677,83600.0,25900.0,124300.0,240,12300.0,0.48,0,0.5,Salaried,Post Graduate,OWN,Personal,1
808,91200.0,20800.0,503600.0,240,11500.0,0.26,0,0.5,Salaried,Graduate,OWN,Vehicle,1
652,16200.0,21200.0,62800.0,48,7100.0,0.1,0,8.3,Business,Graduate,OWN,Personal,1
772,28100.0,0.0,59600.0,36,13800.0,0.31,2,0.5,Salaried,Graduate,OWN,Personal,1
621,20000.0,0.0,79700.0,60,3900.0,0.37,0,13.4,Salaried,Post Graduate,MORTGAGE,Home,1
754,33200.0,0.0,101800.0,60,6100.0,0.3,1,14.7,Business,Graduate,OWN,Personal,1
690,46600.0,0.0,92000.0,48,23600.0,0.69,0,9.8,Self-Employed,Graduate,RENT,Personal,0
719,20500.0,52700.0,299600.0,120,7700.0,0.58,0,7.3,Salaried,Post Graduate,OWN,Vehicle,0
690,28200.0,0.0,98700.0,36,5000.0,0.53,0,13.5,Self-Employed,Graduate,MORTGAGE,Home,0
744,26800.0,30500.0,80900.0,36,11500.0,0.45,0,5.7,Unemployed,Graduate,RENT,Personal,1
471,55500.0,0.0,170700.0,60,11500.0,0.32,0,6.1,Salaried,Post Graduate,OWN,Home,0
569,51100.0,35200.0,361600.0,36,18000.0,0.49,0,7.3,Salaried,Graduate,OWN,Home,0
725,31800.0,0.0,79000.0,48,18900.0,0.75,0,3.9,Salaried,Post Graduate,OWN,Personal,0
516,54500.0,0.0,187200.0,360,9900.0,0.33,0,14.5,Salaried,Graduate,RENT,Personal,0
644,35300.0,0.0,154800.0,60,19700.0,0.57,0,14.3,Self-Employed,Graduate,OWN,Vehicle,0
685,41600.0,54800.0,314400.0,240,8000.0,0.5,1,3.3,Salaried,Graduate,OWN,Personal,0
619,133800.0,27600.0,146800.0,60,43400.0,0.39,0,4.3,Salaried,Post Graduate,RENT,Business,1
631,109600.0,36800.0,216400.0,60,30200.0,0.3,0,6.3,Salaried,Post Graduate,OWN,Personal,1
713,22500.0,19100.0,119800.0,60,10600.0,0.55,0,14.0,Salaried,Graduate,RENT,Education,1
775,80600.0,0.0,129100.0,24,3000.0,0.27,0,6.2,Salaried,Not Graduate,OWN,Personal,1
608,79800.0,52300.0,572000.0,48,30000.0,0.27,2,8.8,Salaried,Graduate,MORTGAGE,Home,0
641,24600.0,20000.0,94600.0,36,11200.0,0.22,0,2.7,Self-Employed,Graduate,RENT,Personal,0
627,80100.0,0.0,186500.0,360,22700.0,0.57,0,15.6,Salaried,Graduate,OWN,Personal,1
484,123300.0,0.0,407700.0,36,7800.0,0.31,1,2.2,Salaried,Post Graduate,OWN,Business,0
702,25000.0,0.0,64900.0,36,3700.0,0.57,0,5.9,Salaried,Graduate,RENT,Home,0
769,28300.0,0.0,57400.0,60,11500.0,0.19,1,0.5,Unemployed,Post Graduate,MORTGAGE,Personal,0
776,90300.0,21400.0,90100.0,48,48500.0,0.5,0,14.2,Salaried,Graduate,RENT,Business,1
615,57700.0,0.0,166500.0,12,14600.0,0.55,0,7.8,Salaried,Graduate,OWN,Personal,0
583,68200.0,0.0,270800.0,24,22900.0,0.5,0,16.9,Salaried,Not Graduate,RENT,Home,0
691,60100.0,0.0,194900.0,120,8200.0,0.26,0,3.1,Unemployed,Post Graduate,OWN,Personal,0
760,62000.0,18400.0,162900.0,48,15300.0,0.67,0,13.2,Salaried,Graduate,RENT,Business,1
703,22100.0,11000.0,33500.0,24,4500.0,0.29,1,10.0,Self-Employed,Graduate,RENT,Home,1
714,91900.0,0.0,346000.0,48,36100.0,0.28,0,4.0,Salaried,Post Graduate,RENT,Vehicle,0
787,98900.0,0.0,422000.0,36,58400.0,0.72,0,4.7,Salaried,Graduate,MORTGAGE,Personal,0
627,42700.0,0.0,87700.0,36,20800.0,0.4,0,10.7,Salaried,Graduate,MORTGAGE,Home,0
671,47800.0,11600.0,202800.0,360,5500.0,0.2,3,7.8,Self-Employed,Graduate,RENT,Education,0
828,19600.0,0.0,42000.0,36,6800.0,0.16,1,4.6,Self-Employed,Post Graduate,RENT,Personal,1
673,66700.0,43800.0,277300.0,12,2700.0,0.38,0,16.7,Self-Employed,Graduate,RENT,Home,1
582,69100.0,36000.0,404200.0,360,10200.0,0.14,2,8.2,Business,Graduate,RENT,Business,0
633,47200.0,27700.0,62400.0,120,4900.0,0.6,2,6.1,Salaried,Graduate,OWN,Business,0
610,96200.0,0.0,252200.0,36,19400.0,0.47,0,2.6,Salaried,Graduate,RENT,Home,0
720,40100.0,26500.0,90500.0,48,16300.0,0.29,0,5.4,Self-Employed,Graduate,RENT,Home,1
613,68800.0,13200.0,152500.0,180,20600.0,0.19,0,0.5,Salaried,Post Graduate,RENT,Personal,0
713,26600.0,0.0,81900.0,36,14900.0,0.16,0,8.0,Business,Graduate,OWN,Business,1
627,48300.0,0.0,29400.0,60,6200.0,0.49,0,11.7,Business,Graduate,RENT,Home,0
509,44200.0,0.0,127100.0,48,9700.0,0.14,2,15.2,Salaried,Post Graduate,OWN,Personal,0
716,56100.0,0.0,91700.0,48,11100.0,0.45,0,5.9,Self-Employed,Post Graduate,OWN,Vehicle,1
702,39300.0,0.0,124900.0,60,5600.0,0.37,1,10.4,Salaried,Not Graduate,MORTGAGE,Home,1
734,45300.0,36400.0,87100.0,48,27000.0,0.15,2,6.3,Salaried,Post Graduate,RENT,Education,0
632,80500.0,23400.0,357800.0,12,18700.0,0.89,1,0.5,Business,Graduate,RENT,Vehicle,0
623,37700.0,13500.0,157800.0,120,21300.0,0.22,0,0.5,Salaried,Post Graduate,OWN,Home,0
724,18700.0,0.0,82000.0,24,4400.0,0.22,0,7.5,Salaried,Post Graduate,OWN,Education,1
819,140000.0,35000.0,725400.0,48,17100.0,0.64,1,0.5,Salaried,Graduate,MORTGAGE,Personal,0
690,112300.0,0.0,183400.0,60,8000.0,0.37,0,6.7,Salaried,Graduate,MORTGAGE,Personal,1
726,22600.0,17700.0,24600.0,60,11600.0,0.24,0,5.9,Salaried,Not Graduate,MORTGAGE,Personal,1
662,74100.0,0.0,231300.0,48,1400.0,0.49,0,0.5,Self-Employed,Graduate,MORTGAGE,Education,0
558,36300.0,0.0,105700.0,60,21000.0,0.5,0,0.5,Self-Employed,Graduate,RENT,Personal,0
772,57400.0,18000.0,46000.0,24,14400.0,0.69,1,4.3,Self-Employed,Post Graduate,MORTGAGE,Vehicle,1
767,58500.0,0.0,58000.0,60,8700.0,0.08,0,15.3,Salaried,Graduate,OWN,Vehicle,1
750,42600.0,24200.0,189600.0,120,15800.0,0.31,1,9.2,Salaried,Graduate,OWN,Vehicle,1
674,30600.0,24800.0,229800.0,180,2400.0,0.15,0,4.3,Salaried,Post Graduate,RENT,Personal,1
740,32400.0,18800.0,211300.0,60,1400.0,0.4,0,3.9,Business,Graduate,OWN,Home,1
765,28300.0,19500.0,52900.0,36,14100.0,0.08,0,9.7,Salaried,Post Graduate,RENT,Education,1
827,29800.0,15700.0,92700.0,36,7600.0,0.37,0,8.3,Salaried,Graduate,OWN,Home,1
774,47100.0,0.0,31700.0,36,14600.0,0.5,0,11.3,Salaried,Post Graduate,RENT,Personal,1
695,31900.0,35800.0,160900.0,48,3400.0,0.3,0,16.7,Salaried,Post Graduate,MORTGAGE,Vehicle,1
578,73800.0,18300.0,323500.0,36,2700.0,0.36,0,13.4,Business,Graduate,RENT,Home,0
703,119700.0,0.0,438100.0,360,26400.0,0.38,0,13.3,Salaried,Post Graduate,OWN,Personal,1
711,34600.0,0.0,86400.0,180,10500.0,0.16,1,7.3,Self-Employed,Not Graduate,RENT,Education,0
750,56600.0,57800.0,101100.0,12,26000.0,0.23,0,0.5,Unemployed,Graduate,MORTGAGE,Education,1
805,66200.0,19500.0,173600.0,60,19900.0,0.08,0,0.5,Business,Graduate,OWN,Vehicle,1
681,65100.0,9800.0,316700.0,120,30600.0,0.42,0,10.2,Salaried,Graduate,RENT,Personal,0
850,51300.0,0.0,72800.0,36,3600.0,0.48,0,5.0,Salaried,Post Graduate,RENT,Personal,1
540,76500.0,30500.0,190400.0,48,2900.0,0.2,1,16.0,Self-Employed,Graduate,RENT,Vehicle,0
725,65500.0,0.0,228400.0,48,6200.0,0.4,0,15.1,Unemployed,Graduate,MORTGAGE,Home,0
622,23300.0,19500.0,147000.0,36,10800.0,0.2,0,8.4,Self-Employed,Not Graduate,OWN,Vehicle,0
527,82600.0,26400.0,452200.0,60,37600.0,0.05,0,5.4,Salaried,Graduate,RENT,Home,0
672,83500.0,0.0,171400.0,360,7100.0,0.59,0,3.2,Salaried,Graduate,OWN,Home,1
566,31000.0,23100.0,138400.0,36,600.0,0.27,0,15.9,Salaried,Graduate,MORTGAGE,Home,1
676,50100.0,41000.0,215900.0,60,20600.0,0.32,0,8.6,Salaried,Graduate,MORTGAGE,Education,1
692,73900.0,29500.0,435400.0,36,37900.0,0.38,0,4.3,Salaried,Graduate,OWN,Education,0
785,43200.0,36500.0,285100.0,180,19500.0,0.09,0,7.4,Self-Employed,Post Graduate,OWN,Home,1
561,93300.0,24000.0,448800.0,180,11400.0,0.57,0,6.6,Salaried,Not Graduate,MORTGAGE,Personal,0
767,202500.0,22700.0,232500.0,36,70900.0,0.54,0,16.8,Salaried,Graduate,MORTGAGE,Personal,1
698,30600.0,0.0,112200.0,180,13900.0,0.23,0,8.9,Salaried,Graduate,MORTGAGE,Personal,1
777,21400.0,0.0,47800.0,36,3300.0,0.37,0,8.1,Salaried,Graduate,MORTGAGE,Personal,1
653,58800.0,0.0,34900.0,24,18600.0,0.36,0,1.2,Salaried,Graduate,RENT,Education,0
576,75600.0,20000.0,70800.0,60,14300.0,0.08,0,10.3,Business,Post Graduate,MORTGAGE,Vehicle,1
586,42700.0,25800.0,220000.0,36,5800.0,0.3,0,8.2,Self-Employed,Graduate,MORTGAGE,Home,0
580,117200.0,0.0,233000.0,48,68200.0,0.1,1,10.6,Salaried,Post Graduate,OWN,Home,0
730,22000.0,23500.0,180700.0,60,12000.0,0.34,1,8.3,Self-Employed,Post Graduate,MORTGAGE,Personal,0
815,74300.0,32000.0,365400.0,24,19900.0,0.09,1,6.3,Salaried,Graduate,RENT,Business,1
641,34100.0,9000.0,25300.0,36,2800.0,0.53,0,8.2,Self-Employed,Post Graduate,OWN,Vehicle,1
743,137500.0,0.0,446500.0,48,60100.0,0.53,4,4.1,Salaried,Post Graduate,RENT,Home,0
560,162000.0,11600.0,220400.0,36,24900.0,0.33,0,8.8,Salaried,Not Graduate,RENT,Personal,0
705,30900.0,0.0,67700.0,12,3100.0,0.34,0,14.5,Salaried,Graduate,MORTGAGE,Vehicle,1
746,35300.0,0.0,105900.0,24,8100.0,0.55,1,12.4,Salaried,Graduate,MORTGAGE,Personal,1
566,82100.0,50900.0,530800.0,120,26100.0,0.4,1,6.5,Salaried,Graduate,MORTGAGE,Education,0
672,38900.0,0.0,90400.0,240,2300.0,0.1,1,7.0,Self-Employed,Graduate,OWN,Home,1
750,47700.0,0.0,178100.0,36,16400.0,0.49,1,10.9,Salaried,Graduate,RENT,Business,0
440,49800.0,26600.0,277500.0,36,500.0,0.39,0,9.9,Salaried,Graduate,RENT,Education,0
803,15500.0,0.0,33500.0,60,8300.0,0.1,2,8.0,Self-Employed,Graduate,MORTGAGE,Personal,0
720,48600.0,20500.0,173000.0,360,26800.0,0.53,0,5.2,Self-Employed,Graduate,RENT,Personal,0
750,32400.0,0.0,107000.0,36,14300.0,0.29,2,3.6,Salaried,Graduate,RENT,Personal,0
654,36500.0,0.0,22800.0,180,10200.0,0.2,0,3.5,Salaried,Graduate,OWN,Home,1
543,116600.0,0.0,473800.0,48,17800.0,0.09,0,7.2,Business,Graduate,RENT,Vehicle,0
735,23100.0,0.0,82700.0,360,10300.0,0.59,0,9.7,Self-Employed,Graduate,RENT,Personal,0
682,79900.0,40700.0,180600.0,24,44700.0,0.62,0,0.5,Self-Employed,Graduate,OWN,Personal,0
692,41500.0,43500.0,376100.0,360,3900.0,0.44,0,11.7,Salaried,Graduate,MORTGAGE,Home,0
782,41400.0,11700.0,64700.0,48,11600.0,0.54,0,2.7,Salaried,Graduate,RENT,Personal,1
754,78800.0,20100.0,411100.0,360,14900.0,0.37,0,4.6,Salaried,Graduate,RENT,Vehicle,0
850,60100.0,0.0,108100.0,48,12900.0,0.56,1,6.7,Salaried,Graduate,MORTGAGE,Personal,1
703,69000.0,10900.0,283900.0,48,16800.0,0.68,0,9.9,Self-Employed,Graduate,OWN,Vehicle,0
631,87600.0,16100.0,241200.0,120,50000.0,0.07,3,15.5,Self-Employed,Not Graduate,RENT,Personal,0
673,40200.0,91200.0,452800.0,60,6200.0,0.2,0,5.7,Self-Employed,Graduate,MORTGAGE,Home,0
725,34000.0,0.0,38200.0,60,10100.0,0.24,1,13.4,Self-Employed,Not Graduate,OWN,Home,1
776,25600.0,70200.0,151200.0,48,14600.0,0.2,3,6.0,Self-Employed,Post Graduate,OWN,Personal,1
565,29900.0,40700.0,63500.0,120,8500.0,0.29,0,14.6,Self-Employed,Graduate,OWN,Personal,0
690,287600.0,0.0,1000000.0,240,149000.0,0.2,0,7.6,Self-Employed,Graduate,MORTGAGE,Business,0
826,103400.0,22200.0,211700.0,12,3600.0,0.68,0,0.6,Salaried,Not Graduate,RENT,Home,1
669,21800.0,0.0,71500.0,60,12500.0,0.33,1,4.4,Self-Employed,Post Graduate,RENT,Personal,0
769,22200.0,33500.0,210600.0,180,2500.0,0.2,1,8.0,Self-Employed,Graduate,OWN,Personal,1
731,65500.0,20200.0,351900.0,60,38500.0,0.15,0,7.0,Salaried,Graduate,RENT,Education,0
771,68100.0,12600.0,74700.0,120,7200.0,0.22,0,2.9,Salaried,Post Graduate,MORTGAGE,Home,1
621,68100.0,139200.0,844100.0,180,18200.0,0.4,1,1.4,Salaried,Graduate,MORTGAGE,Personal,0
621,42100.0,0.0,54300.0,120,7800.0,0.32,0,12.0,Salaried,Graduate,OWN,Home,1
691,45500.0,22900.0,235800.0,60,11800.0,0.39,0,0.5,Self-Employed,Graduate,OWN,Personal,0
559,59700.0,28500.0,301200.0,360,9000.0,0.04,1,10.5,Business,Graduate,OWN,Home,0
667,51600.0,0.0,27600.0,180,29900.0,0.51,2,2.5,Salaried,Post Graduate,RENT,Business,0
711,15000.0,28600.0,60300.0,120,2800.0,0.56,0,17.5,Business,Not Graduate,RENT,Home,1
841,42700.0,51200.0,231700.0,24,16700.0,0.65,0,0.5,Self-Employed,Post Graduate,RENT,Home,1
724,29400.0,0.0,64100.0,36,2400.0,0.61,1,0.5,Business,Graduate,MORTGAGE,Vehicle,0
743,54500.0,0.0,227500.0,60,27000.0,0.39,0,5.9,Salaried,Not Graduate,RENT,Home,0
788,293900.0,0.0,569900.0,60,95700.0,0.77,3,13.1,Salaried,Graduate,RENT,Personal,0
608,61100.0,21300.0,350000.0,36,35900.0,0.05,2,18.9,Business,Post Graduate,RENT,Personal,0
675,40600.0,54800.0,223000.0,24,10300.0,0.2,0,12.9,Business,Graduate,MORTGAGE,Business,1
850,85200.0,48300.0,581700.0,36,10000.0,0.61,0,8.7,Salaried,Post Graduate,RENT,Vehicle,1
683,65500.0,28400.0,323900.0,120,13600.0,0.35,0,3.1,Business,Not Graduate,MORTGAGE,Vehicle,1
784,63100.0,14200.0,295100.0,180,27900.0,0.7,0,4.2,Salaried,Not Graduate,RENT,Home,0
771,70600.0,14600.0,78300.0,240,27900.0,0.32,0,4.7,Self-Employed,Post Graduate,MORTGAGE,Home,1
564,168400.0,0.0,479000.0,36,78600.0,0.22,0,6.0,Self-Employed,Graduate,MORTGAGE,Education,0
716,24900.0,31800.0,60700.0,36,1100.0,0.28,0,6.7,Salaried,Not Graduate,OWN,Education,1
702,65100.0,22300.0,147700.0,48,22700.0,0.82,0,9.0,Self-Employed,Not Graduate,MORTGAGE,Education,0
718,28100.0,21200.0,147600.0,36,15700.0,0.39,0,5.1,Salaried,Graduate,RENT,Home,1
625,68400.0,20000.0,301000.0,60,4400.0,0.36,0,8.8,Salaried,Graduate,MORTGAGE,Personal,0
595,28200.0,0.0,18500.0,36,1600.0,0.45,0,9.9,Salaried,Graduate,MORTGAGE,Home,0
649,38200.0,8200.0,121700.0,12,16400.0,0.33,1,2.5,Business,Not Graduate,RENT,Home,0
681,41100.0,0.0,113500.0,48,7800.0,0.25,0,1.7,Salaried,Graduate,RENT,Personal,1
790,88000.0,19700.0,87800.0,36,34800.0,0.53,1,13.5,Self-Employed,Post Graduate,OWN,Personal,1
844,85100.0,0.0,213000.0,12,27800.0,0.68,0,8.6,Self-Employed,Graduate,OWN,Vehicle,1
808,23200.0,17900.0,137900.0,48,13700.0,0.26,0,7.2,Self-Employed,Graduate,RENT,Home,1
763,50700.0,0.0,36100.0,36,27000.0,0.39,0,0.9,Self-Employed,Graduate,OWN,Business,1
604,32000.0,0.0,113300.0,48,13000.0,0.07,1,11.8,Business,Graduate,MORTGAGE,Home,0
655,23000.0,0.0,64500.0,36,3600.0,0.08,1,8.0,Salaried,Graduate,RENT,Education,0
707,43000.0,0.0,164800.0,60,6800.0,0.23,1,15.5,Business,Post Graduate,RENT,Home,0
636,40700.0,0.0,55900.0,360,21500.0,0.4,0,9.0,Self-Employed,Graduate,MORTGAGE,Home,0
739,210200.0,21200.0,887000.0,48,73800.0,0.36,0,6.7,Self-Employed,Graduate,RENT,Business,0
751,63600.0,19300.0,72800.0,60,30100.0,0.48,0,4.9,Salaried,Post Graduate,MORTGAGE,Personal,1
735,21400.0,0.0,45300.0,240,5800.0,0.59,2,15.9,Salaried,Graduate,RENT,Home,0
777,34900.0,0.0,45300.0,36,2200.0,0.37,0,13.0,Salaried,Not Graduate,RENT,Personal,1
613,90500.0,35500.0,504500.0,36,18100.0,0.4,2,9.1,Self-Employed,Post Graduate,MORTGAGE,Home,0
769,171600.0,33200.0,679900.0,36,16600.0,0.22,0,12.7,Salaried,Post Graduate,RENT,Business,1
630,18900.0,36200.0,33100.0,48,8900.0,0.52,1,9.7,Self-Employed,Post Graduate,OWN,Personal,0
610,15900.0,50500.0,35700.0,60,6700.0,0.2,0,0.5,Self-Employed,Graduate,MORTGAGE,Personal,0
735,150600.0,0.0,250700.0,12,8000.0,0.48,1,12.7,Self-Employed,Not Graduate,RENT,Vehicle,1
793,61900.0,0.0,66400.0,180,23100.0,0.51,0,11.5,Salaried,Post Graduate,OWN,Personal,1
731,29100.0,0.0,87900.0,24,15300.0,0.41,0,2.5,Salaried,Post Graduate,MORTGAGE,Vehicle,0
691,67600.0,22600.0,284600.0,240,28300.0,0.74,0,10.9,Self-Employed,Not Graduate,RENT,Home,0
716,15000.0,48700.0,271900.0,240,4600.0,0.33,2,3.8,Salaried,Graduate,RENT,Personal,0
701,49100.0,45700.0,408400.0,360,9200.0,0.37,0,5.9,Business,Post Graduate,OWN,Home,0
594,59700.0,0.0,187200.0,120,31800.0,0.58,2,8.8,Business,Graduate,RENT,Home,0
584,85400.0,0.0,44600.0,24,21700.0,0.39,0,8.5,Self-Employed,Graduate,RENT,Personal,0
683,26700.0,0.0,51700.0,60,13700.0,0.38,0,7.6,Salaried,Graduate,RENT,Vehicle,0
696,51600.0,13400.0,165900.0,36,24200.0,0.48,0,0.5,Salaried,Graduate,OWN,Personal,0
690,28100.0,0.0,70200.0,180,13800.0,0.47,1,8.2,Business,Post Graduate,RENT,Personal,0
747,57100.0,57900.0,335000.0,36,33900.0,0.23,0,16.4,Salaried,Graduate,RENT,Education,1
671,28600.0,0.0,124200.0,36,12800.0,0.8,0,9.4,Self-Employed,Graduate,OWN,Business,0
737,38400.0,39800.0,316000.0,240,800.0,0.57,0,7.1,Salaried,Graduate,OWN,Personal,1
677,27000.0,41000.0,63600.0,12,3300.0,0.7,0,11.5,Self-Employed,Graduate,MORTGAGE,Vehicle,1
844,72500.0,23300.0,149800.0,36,1500.0,0.32,0,8.7,Self-Employed,Not Graduate,RENT,Vehicle,1
696,82000.0,52000.0,513500.0,48,9300.0,0.62,0,5.9,Salaried,Not Graduate,RENT,Personal,0
850,42600.0,6300.0,185700.0,60,1600.0,0.34,0,12.6,Self-Employed,Not Graduate,MORTGAGE,Home,1
719,50200.0,14600.0,103800.0,60,15100.0,0.44,0,9.3,Business,Not Graduate,MORTGAGE,Business,1
671,20600.0,17000.0,128700.0,60,300.0,0.22,0,10.0,Self-Employed,Graduate,OWN,Personal,1
613,41000.0,17900.0,187800.0,180,11600.0,0.49,3,7.0,Salaried,Not Graduate,MORTGAGE,Personal,0
567,47600.0,31800.0,190100.0,24,25700.0,0.68,1,7.5,Salaried,Not Graduate,OWN,Vehicle,0
605,236200.0,31100.0,349000.0,48,106100.0,0.13,0,12.0,Business,Graduate,OWN,Home,0
615,25200.0,32800.0,235200.0,60,14300.0,0.43,0,5.5,Salaried,Graduate,OWN,Personal,0
723,118000.0,36200.0,495200.0,60,16000.0,0.36,0,19.6,Self-Employed,Graduate,RENT,Personal,1
645,89200.0,0.0,104900.0,48,28400.0,0.2,0,5.0,Unemployed,Graduate,RENT,Vehicle,1
705,58000.0,0.0,192500.0,12,11100.0,0.18,2,5.0,Self-Employed,Graduate,MORTGAGE,Home,0
798,140800.0,32800.0,601700.0,24,41700.0,0.15,1,13.2,Salaried,Graduate,OWN,Personal,1
682,61300.0,19600.0,327400.0,24,20500.0,0.4,0,7.9,Business,Graduate,OWN,Business,0
850,61900.0,12300.0,103200.0,36,1300.0,0.33,0,11.0,Salaried,Graduate,RENT,Education,1
590,47500.0,43700.0,406300.0,24,6600.0,0.46,3,15.6,Salaried,Graduate,RENT,Home,0
677,102100.0,54000.0,173800.0,48,43200.0,0.47,0,10.0,Salaried,Graduate,OWN,Vehicle,1
644,94600.0,58600.0,444700.0,36,43900.0,0.13,0,9.7,Salaried,Not Graduate,MORTGAGE,Home,0
769,33700.0,0.0,105400.0,120,11500.0,0.11,0,5.2,Business,Graduate,MORTGAGE,Personal,1
499,22200.0,36800.0,128400.0,180,3600.0,0.52,1,3.7,Salaried,Post Graduate,RENT,Vehicle,0
567,43400.0,53400.0,232300.0,36,10500.0,0.6,0,0.5,Salaried,Post Graduate,RENT,Personal,0
680,30300.0,0.0,123100.0,48,1700.0,0.7,0,4.4,Salaried,Not Graduate,RENT,Business,0
821,47200.0,46900.0,289900.0,360,27000.0,0.85,0,5.6,Self-Employed,Graduate,RENT,Home,1
709,103000.0,30900.0,333100.0,48,53700.0,0.44,0,4.3,Salaried,Post Graduate,RENT,Home,0
575,37300.0,0.0,37800.0,360,1500.0,0.23,0,6.7,Salaried,Graduate,RENT,Business,0
588,47800.0,0.0,25300.0,24,4800.0,0.65,0,5.6,Salaried,Graduate,RENT,Personal,0
832,50800.0,51400.0,102200.0,180,17700.0,0.65,0,12.2,Salaried,Post Graduate,RENT,Home,1
637,81600.0,0.0,352900.0,48,11400.0,0.45,0,1.4,Salaried,Graduate,RENT,Vehicle,0
609,15000.0,0.0,53300.0,12,8400.0,0.15,0,12.9,Unemployed,Graduate,OWN,Home,0
815,34100.0,0.0,149000.0,360,15500.0,0.27,3,11.4,Self-Employed,Not Graduate,OWN,Home,0
775,55600.0,16800.0,46500.0,360,9100.0,0.43,0,3.4,Salaried,Graduate,OWN,Personal,1
798,100700.0,50300.0,486400.0,36,400.0,0.27,1,1.6,Self-Employed,Graduate,RENT,Home,0
609,36500.0,25700.0,42100.0,360,17500.0,0.21,0,10.8,Salaried,Post Graduate,MORTGAGE,Education,1
560,15900.0,0.0,57700.0,24,4000.0,0.48,0,10.8,Business,Not Graduate,RENT,Personal,0
701,71100.0,47400.0,239800.0,60,27400.0,0.45,0,4.0,Salaried,Graduate,OWN,Home,1
718,33500.0,0.0,29600.0,36,5800.0,0.56,0,1.4,Salaried,Graduate,OWN,Personal,1
720,24000.0,0.0,66500.0,36,2100.0,0.85,0,6.0,Self-Employed,Graduate,RENT,Home,0
815,33700.0,33200.0,108400.0,120,13700.0,0.5,0,0.5,Business,Post Graduate,MORTGAGE,Vehicle,1
542,43900.0,0.0,137800.0,36,11900.0,0.27,0,10.7,Salaried,Graduate,MORTGAGE,Home,0
763,34100.0,28500.0,196100.0,12,4800.0,0.32,1,4.8,Salaried,Post Graduate,OWN,Personal,1
596,15000.0,15400.0,100900.0,48,1200.0,0.56,2,9.0,Business,Post Graduate,MORTGAGE,Vehicle,0
762,84000.0,0.0,375500.0,36,29300.0,0.41,0,17.0,Salaried,Post Graduate,OWN,Vehicle,1
649,105300.0,15200.0,246600.0,60,45800.0,0.42,0,6.0,Salaried,Graduate,MORTGAGE,Vehicle,0
620,72500.0,14900.0,206400.0,36,12300.0,0.28,0,11.4,Business,Post Graduate,MORTGAGE,Vehicle,0
638,24800.0,60000.0,315300.0,120,10900.0,0.57,1,6.7,Salaried,Graduate,OWN,Business,0
567,43400.0,0.0,122100.0,36,4800.0,0.48,2,5.8,Salaried,Graduate,OWN,Vehicle,0
693,48800.0,26800.0,49100.0,36,9900.0,0.2,0,15.6,Business,Graduate,OWN,Personal,1
624,70200.0,0.0,271800.0,36,31400.0,0.18,1,5.2,Salaried,Not Graduate,RENT,Personal,0
756,73200.0,23800.0,68500.0,60,29000.0,0.55,1,10.7,Self-Employed,Not Graduate,OWN,Personal,1
744,31600.0,0.0,37400.0,24,5100.0,0.41,1,9.6,Business,Post Graduate,RENT,Home,1
833,51500.0,19200.0,64200.0,48,3800.0,0.27,1,10.1,Salaried,Post Graduate,RENT,Personal,1
721,64500.0,0.0,52400.0,36,1600.0,0.6,0,11.1,Salaried,Graduate,RENT,Vehicle,1
734,117400.0,0.0,70800.0,180,59000.0,0.17,1,10.6,Unemployed,Graduate,RENT,Education,1
809,74800.0,21800.0,69600.0,24,3400.0,0.11,0,5.2,Salaried,Not Graduate,MORTGAGE,Vehicle,1
636,78700.0,27200.0,240400.0,120,5400.0,0.1,0,5.8,Unemployed,Not Graduate,OWN,Personal,1
563,51500.0,20000.0,108100.0,36,7300.0,0.42,0,9.4,Salaried,Graduate,RENT,Home,0
707,114300.0,31700.0,146900.0,24,30600.0,0.8,2,0.5,Salaried,Post Graduate,RENT,Home,0
569,62700.0,0.0,196600.0,36,29700.0,0.17,1,9.8,Self-Employed,Graduate,RENT,Education,0
850,29200.0,34000.0,88800.0,24,4300.0,0.45,0,5.1,Business,Post Graduate,OWN,Vehicle,1
813,113800.0,49400.0,94000.0,48,37100.0,0.26,0,13.2,Self-Employed,Graduate,OWN,Business,1
850,74500.0,0.0,161900.0,360,4000.0,0.27,1,0.5,Salaried,Graduate,RENT,Personal,1
695,37600.0,25200.0,109400.0,12,10500.0,0.61,1,10.3,Salaried,Post Graduate,MORTGAGE,Education,0
736,36800.0,33900.0,125500.0,48,3900.0,0.45,0,9.4,Salaried,Graduate,MORTGAGE,Personal,1
650,58600.0,21600.0,182900.0,36,7400.0,0.27,3,8.8,Salaried,Post Graduate,RENT,Personal,0
765,64700.0,33900.0,313100.0,36,14200.0,0.04,0,14.6,Self-Employed,Graduate,RENT,Vehicle,1
586,55200.0,35500.0,269000.0,36,25200.0,0.28,0,8.1,Business,Not Graduate,OWN,Business,0
473,59100.0,0.0,251100.0,180,26400.0,0.12,0,9.3,Self-Employed,Not Graduate,MORTGAGE,Home,0
622,135900.0,0.0,349400.0,12,33800.0,0.15,0,1.9,Salaried,Graduate,OWN,Home,0
566,93200.0,16800.0,262900.0,120,6600.0,0.24,0,8.6,Salaried,Post Graduate,RENT,Personal,0
815,55000.0,0.0,74500.0,36,9300.0,0.24,1,6.7,Self-Employed,Graduate,OWN,Vehicle,1
844,86200.0,0.0,303600.0,36,26100.0,0.72,0,6.6,Self-Employed,Graduate,MORTGAGE,Business,1
570,26400.0,35700.0,66000.0,48,13800.0,0.41,1,0.5,Self-Employed,Post Graduate,OWN,Vehicle,0
799,62200.0,15000.0,190300.0,36,36100.0,0.39,0,16.6,Self-Employed,Graduate,RENT,Home,1
770,145200.0,0.0,317300.0,24,55500.0,0.72,0,3.2,Self-Employed,Graduate,RENT,Education,0
556,43000.0,51400.0,295800.0,24,9000.0,0.52,1,6.5,Unemployed,Graduate,OWN,Vehicle,0
656,29500.0,27100.0,236000.0,36,12300.0,0.4,0,0.6,Business,Graduate,OWN,Business,0
640,33100.0,0.0,141900.0,120,6700.0,0.65,0,0.8,Business,Graduate,MORTGAGE,Business,0
753,25500.0,11900.0,43800.0,24,9600.0,0.56,0,0.8,Salaried,Post Graduate,RENT,Education,1
585,30600.0,95000.0,194300.0,60,4500.0,0.63,0,15.7,Self-Employed,Graduate,RENT,Personal,0
681,39200.0,20000.0,221800.0,36,6300.0,0.42,0,0.5,Salaried,Graduate,MORTGAGE,Home,0
631,21100.0,25300.0,119400.0,180,1000.0,0.38,0,5.1,Self-Employed,Post Graduate,RENT,Personal,0
730,49500.0,0.0,114500.0,48,12500.0,0.26,0,6.0,Self-Employed,Graduate,MORTGAGE,Personal,1
671,84200.0,34300.0,396100.0,36,31200.0,0.48,1,4.3,Self-Employed,Not Graduate,RENT,Personal,0
644,28400.0,0.0,82600.0,360,13400.0,0.37,0,3.7,Business,Graduate,RENT,Business,0
671,122000.0,28300.0,658700.0,36,59300.0,0.3,0,5.9,Business,Not Graduate,OWN,Vehicle,0
850,66600.0,20500.0,247000.0,60,39700.0,0.68,0,1.8,Self-Employed,Graduate,MORTGAGE,Personal,1
654,91000.0,15700.0,252200.0,60,4800.0,0.38,0,12.7,Business,Not Graduate,OWN,Personal,1
601,33000.0,0.0,88200.0,36,9800.0,0.82,0,15.8,Self-Employed,Post Graduate,RENT,Business,0
739,81900.0,0.0,305800.0,360,25600.0,0.23,0,14.3,Salaried,Graduate,MORTGAGE,Personal,1
677,25500.0,0.0,75200.0,120,12300.0,0.13,0,0.5,Salaried,Graduate,RENT,Education,0
569,83600.0,18500.0,315300.0,120,13400.0,0.57,0,0.5,Salaried,Post Graduate,OWN,Personal,0
850,54300.0,0.0,238100.0,360,2300.0,0.47,0,0.5,Self-Employed,Graduate,MORTGAGE,Personal,1
660,68300.0,98800.0,496900.0,48,12900.0,0.41,0,10.7,Salaried,Graduate,OWN,Home,0
657,24200.0,0.0,48900.0,24,14300.0,0.11,0,5.4,Self-Employed,Graduate,OWN,Home,0
703,28700.0,17000.0,149200.0,120,15500.0,0.03,0,20.0,Business,Graduate,OWN,Education,1
837,70100.0,0.0,220000.0,36,16600.0,0.24,0,8.1,Salaried,Graduate,RENT,Personal,1
547,27800.0,27300.0,30600.0,36,14600.0,0.39,0,13.3,Business,Graduate,MORTGAGE,Personal,0
713,64700.0,22600.0,206800.0,48,1300.0,0.68,0,13.4,Salaried,Graduate,MORTGAGE,Education,1
850,21600.0,42300.0,221800.0,240,4100.0,0.11,0,3.0,Business,Post Graduate,RENT,Personal,1
700,81500.0,30000.0,278300.0,36,35500.0,0.45,2,3.8,Business,Post Graduate,RENT,Business,0
584,23400.0,42400.0,238100.0,120,3100.0,0.14,0,15.7,Self-Employed,Graduate,RENT,Personal,0
637,68300.0,23000.0,210300.0,48,8100.0,0.39,0,0.5,Salaried,Graduate,RENT,Home,0
707,71400.0,0.0,316500.0,24,36900.0,0.83,0,7.2,Salaried,Post Graduate,MORTGAGE,Personal,0
803,32300.0,0.0,54000.0,120,11900.0,0.31,0,11.5,Self-Employed,Post Graduate,OWN,Education,1
661,69500.0,16600.0,74800.0,360,41200.0,0.15,0,10.4,Salaried,Post Graduate,OWN,Home,1
760,57300.0,79900.0,304600.0,36,4600.0,0.2,0,6.0,Salaried,Post Graduate,OWN,Personal,1
567,35500.0,10800.0,123500.0,36,7600.0,0.36,0,5.8,Salaried,Not Graduate,OWN,Education,0
567,26800.0,0.0,50800.0,36,5000.0,0.21,0,1.7,Self-Employed,Graduate,MORTGAGE,Business,0
648,15100.0,0.0,22200.0,120,8000.0,0.61,0,3.4,Salaried,Post Graduate,RENT,Business,0
812,60500.0,0.0,192900.0,12,9300.0,0.51,1,16.2,Self-Employed,Not Graduate,OWN,Vehicle,1
695,19200.0,0.0,38600.0,36,4100.0,0.78,0,9.0,Business,Not Graduate,OWN,Personal,1
714,51900.0,0.0,157000.0,60,4400.0,0.26,0,4.9,Self-Employed,Post Graduate,MORTGAGE,Business,1
713,41900.0,0.0,151500.0,48,19500.0,0.61,1,11.1,Salaried,Graduate,MORTGAGE,Business,0
784,73700.0,0.0,261200.0,36,10500.0,0.26,2,5.7,Business,Graduate,RENT,Personal,0
638,40900.0,32300.0,146500.0,180,1700.0,0.37,1,2.5,Self-Employed,Graduate,OWN,Personal,0
748,40200.0,0.0,111400.0,240,10500.0,0.08,0,5.1,Salaried,Graduate,OWN,Home,1
619,76000.0,29400.0,242300.0,240,17900.0,0.23,0,0.9,Self-Employed,Graduate,RENT,Home,0
850,59900.0,0.0,238600.0,36,6400.0,0.65,0,16.0,Salaried,Graduate,MORTGAGE,Personal,1
621,59300.0,23700.0,333200.0,240,4800.0,0.35,0,11.1,Self-Employed,Post Graduate,OWN,Personal,0
614,65000.0,24200.0,167200.0,60,35000.0,0.65,0,11.1,Salaried,Graduate,OWN,Home,0
736,19500.0,0.0,16900.0,36,800.0,0.75,0,5.3,Self-Employed,Post Graduate,RENT,Vehicle,1
696,77200.0,32300.0,128200.0,60,4600.0,0.54,1,7.7,Self-Employed,Graduate,RENT,Business,1
717,70800.0,0.0,139300.0,12,10400.0,0.81,1,5.5,Salaried,Post Graduate,MORTGAGE,Home,1
709,26600.0,57200.0,231000.0,60,15200.0,0.45,0,0.9,Salaried,Graduate,MORTGAGE,Vehicle,1
597,42300.0,0.0,132300.0,60,2200.0,0.32,0,12.5,Business,Graduate,RENT,Vehicle,1
827,47900.0,34700.0,150800.0,120,23500.0,0.32,0,12.0,Salaried,Graduate,MORTGAGE,Home,1
765,45200.0,38500.0,265300.0,36,24200.0,0.46,0,10.0,Salaried,Graduate,RENT,Business,1
805,59900.0,0.0,254600.0,60,13600.0,0.58,0,8.1,Salaried,Graduate,OWN,Personal,1
645,115700.0,26000.0,440400.0,36,20400.0,0.38,0,3.6,Salaried,Not Graduate,OWN,Business,0
725,93800.0,0.0,106400.0,240,38100.0,0.4,0,9.7,Salaried,Graduate,OWN,Business,1
706,22300.0,44000.0,186900.0,60,9400.0,0.46,1,3.1,Salaried,Post Graduate,MORTGAGE,Personal,0
785,71200.0,56700.0,341200.0,24,33300.0,0.6,0,3.8,Self-Employed,Not Graduate,MORTGAGE,Home,1
788,108800.0,23100.0,525300.0,36,54200.0,0.2,0,3.2,Self-Employed,Graduate,OWN,Home,0
706,61800.0,0.0,117500.0,60,10000.0,0.14,0,4.7,Salaried,Not Graduate,RENT,Home,1
560,94300.0,62300.0,343200.0,48,38900.0,0.59,1,4.2,Salaried,Graduate,RENT,Business,0
841,164000.0,9300.0,501600.0,60,13300.0,0.21,0,11.6,Salaried,Graduate,RENT,Vehicle,1
737,90600.0,0.0,235400.0,36,27800.0,0.14,3,2.9,Salaried,Not Graduate,OWN,Personal,0
638,56900.0,0.0,192100.0,60,20900.0,0.29,0,7.9,Salaried,Graduate,OWN,Business,0
724,91800.0,0.0,60700.0,36,8900.0,0.33,2,11.0,Salaried,Not Graduate,MORTGAGE,Personal,1
561,53500.0,34900.0,243500.0,48,2500.0,0.71,0,14.1,Business,Graduate,MORTGAGE,Education,0
779,49700.0,0.0,49000.0,360,5800.0,0.54,0,9.9,Unemployed,Graduate,OWN,Home,1
564,39700.0,17300.0,100400.0,60,10000.0,0.69,0,0.5,Self-Employed,Not Graduate,OWN,Personal,0
671,125200.0,0.0,393900.0,12,66700.0,0.38,4,6.9,Salaried,Graduate,RENT,Education,0
710,30000.0,0.0,33900.0,360,9600.0,0.34,0,11.6,Self-Employed,Graduate,RENT,Business,1
778,122900.0,19600.0,247300.0,36,55200.0,0.37,0,3.1,Business,Graduate,OWN,Home,1
699,66200.0,28300.0,313000.0,60,6900.0,0.2,1,14.6,Salaried,Not Graduate,RENT,Home,1
743,21200.0,18500.0,123200.0,48,1300.0,0.24,0,14.5,Salaried,Graduate,MORTGAGE,Home,1
687,61100.0,41000.0,88200.0,36,8800.0,0.33,1,10.5,Self-Employed,Post Graduate,OWN,Business,1
687,15000.0,20600.0,100000.0,36,2800.0,0.49,0,12.8,Self-Employed,Graduate,OWN,Business,1
697,71300.0,0.0,77600.0,36,23400.0,0.62,0,14.0,Salaried,Not Graduate,MORTGAGE,Home,1
673,83400.0,0.0,125900.0,180,44100.0,0.71,0,8.3,Business,Graduate,MORTGAGE,Business,0
546,34400.0,12000.0,108400.0,180,8800.0,0.35,0,12.4,Self-Employed,Graduate,RENT,Personal,0
624,52800.0,27000.0,74800.0,48,16400.0,0.15,1,2.2,Salaried,Post Graduate,OWN,Home,1
710,158300.0,13900.0,770500.0,24,400.0,0.68,0,11.6,Salaried,Graduate,MORTGAGE,Personal,0
668,36200.0,0.0,42000.0,180,700.0,0.24,0,10.0,Unemployed,Graduate,OWN,Personal,1
676,26000.0,0.0,94300.0,48,1300.0,0.43,0,20.5,Self-Employed,Graduate,OWN,Business,1
662,119300.0,0.0,455600.0,48,50000.0,0.19,0,6.1,Salaried,Graduate,RENT,Vehicle,0
616,159100.0,27100.0,833800.0,48,46400.0,0.58,0,14.4,Salaried,Graduate,MORTGAGE,Personal,0
648,49100.0,22400.0,158300.0,36,5700.0,0.36,0,12.8,Salaried,Post Graduate,MORTGAGE,Vehicle,1
663,89900.0,15500.0,421200.0,48,32000.0,0.46,0,7.5,Self-Employed,Graduate,RENT,Education,0
690,109600.0,0.0,474600.0,60,35800.0,0.39,2,0.5,Salaried,Post Graduate,MORTGAGE,Vehicle,0
723,31400.0,16400.0,57000.0,48,1700.0,0.1,0,6.0,Salaried,Graduate,RENT,Education,1
674,36600.0,23300.0,144800.0,180,14100.0,0.02,1,7.4,Salaried,Post Graduate,OWN,Home,0
602,102600.0,0.0,75900.0,36,47200.0,0.59,3,12.8,Unemployed,Post Graduate,OWN,Home,0
571,134700.0,28000.0,485300.0,60,23200.0,0.27,1,9.4,Business,Graduate,OWN,Personal,0
850,68700.0,0.0,194100.0,36,28300.0,0.54,0,8.2,Self-Employed,Not Graduate,MORTGAGE,Home,1
593,28900.0,0.0,38000.0,120,3500.0,0.33,1,12.1,Salaried,Graduate,OWN,Personal,0
645,161500.0,47000.0,769700.0,24,73300.0,0.19,0,11.9,Salaried,Post Graduate,OWN,Home,0
733,35600.0,6600.0,27400.0,36,19500.0,0.64,0,12.8,Self-Employed,Post Graduate,RENT,Personal,1
720,40100.0,23100.0,235400.0,120,10600.0,0.92,4,3.7,Self-Employed,Graduate,OWN,Education,0
734,60200.0,51700.0,67900.0,36,8800.0,0.36,0,12.9,Self-Employed,Graduate,RENT,Business,1
652,124600.0,0.0,389700.0,60,29800.0,0.55,0,14.5,Salaried,Graduate,OWN,Vehicle,0
710,81800.0,64900.0,119600.0,360,12300.0,0.3,0,21.4,Self-Employed,Graduate,RENT,Personal,1
695,62900.0,56500.0,179700.0,48,0.0,0.54,0,10.5,Business,Graduate,MORTGAGE,Home,1
663,64700.0,21300.0,291300.0,36,25300.0,0.23,0,13.5,Salaried,Graduate,MORTGAGE,Vehicle,1
710,50300.0,20900.0,115500.0,36,1300.0,0.4,2,10.3,Self-Employed,Post Graduate,OWN,Vehicle,0
779,68500.0,0.0,174300.0,120,8600.0,0.3,0,11.2,Business,Graduate,RENT,Personal,1
688,15000.0,0.0,62400.0,36,6500.0,0.49,0,13.5,Salaried,Graduate,OWN,Home,1
688,41000.0,14500.0,38800.0,60,16400.0,0.41,0,0.5,Self-Employed,Graduate,OWN,Personal,1
780,56700.0,0.0,212300.0,120,2500.0,0.25,0,9.5,Salaried,Graduate,RENT,Vehicle,1
771,24600.0,13000.0,28600.0,48,9700.0,0.46,0,9.6,Self-Employed,Not Graduate,RENT,Home,1
824,61800.0,0.0,62200.0,120,34500.0,0.29,0,5.0,Salaried,Graduate,OWN,Personal,1
540,43400.0,0.0,42400.0,36,1900.0,0.27,0,0.5,Business,Graduate,RENT,Home,0
766,140500.0,0.0,628900.0,48,35000.0,0.39,0,5.7,Salaried,Not Graduate,OWN,Vehicle,0
741,126000.0,58400.0,225100.0,60,55100.0,0.24,0,9.6,Salaried,Post Graduate,OWN,Personal,1
614,37100.0,0.0,151600.0,36,14900.0,0.65,0,6.9,Business,Graduate,OWN,Home,0
711,44800.0,39100.0,374500.0,36,6100.0,0.04,2,9.4,Business,Graduate,MORTGAGE,Home,0
779,46900.0,18400.0,132900.0,60,4600.0,0.32,0,3.3,Salaried,Graduate,RENT,Business,1
619,37400.0,0.0,113100.0,60,17600.0,0.46,0,8.8,Salaried,Post Graduate,OWN,Personal,0
727,55100.0,47200.0,370000.0,48,31600.0,0.57,1,9.7,Salaried,Graduate,OWN,Vehicle,0
764,31100.0,25600.0,117400.0,120,14300.0,0.38,0,1.7,Salaried,Graduate,MORTGAGE,Personal,1
598,24900.0,73200.0,112500.0,48,14400.0,0.62,1,1.2,Self-Employed,Graduate,RENT,Business,0
677,71200.0,27500.0,220600.0,180,25800.0,0.15,0,12.0,Salaried,Post Graduate,OWN,Home,1
715,71500.0,0.0,256500.0,60,39900.0,0.34,0,8.7,Salaried,Graduate,RENT,Personal,0
622,30300.0,0.0,109800.0,36,12600.0,0.35,0,2.9,Self-Employed,Graduate,MORTGAGE,Home,0
615,83900.0,36100.0,170700.0,36,45800.0,0.38,0,5.9,Self-Employed,Not Graduate,OWN,Personal,0
678,33600.0,0.0,40300.0,60,3300.0,0.57,0,10.4,Business,Post Graduate,RENT,Personal,0
758,57100.0,32400.0,374300.0,180,27900.0,0.06,0,3.4,Salaried,Graduate,OWN,Home,1
744,80200.0,18600.0,66800.0,36,9500.0,0.75,0,15.7,Business,Post Graduate,MORTGAGE,Business,1
616,48000.0,0.0,165100.0,48,800.0,0.61,0,10.8,Self-Employed,Graduate,RENT,Home,0
745,64400.0,64300.0,88200.0,24,20000.0,0.14,0,12.1,Salaried,Not Graduate,OWN,Education,1
618,36000.0,0.0,138700.0,36,6900.0,0.08,0,8.9,Self-Employed,Graduate,RENT,Vehicle,1
553,43600.0,0.0,179700.0,60,1100.0,0.86,0,11.0,Self-Employed,Post Graduate,RENT,Personal,0
658,43300.0,0.0,73200.0,24,25500.0,0.55,0,18.6,Salaried,Graduate,RENT,Home,0
785,31300.0,14000.0,36000.0,60,12500.0,0.22,0,5.8,Salaried,Post Graduate,MORTGAGE,Business,1
745,44100.0,0.0,106800.0,240,23900.0,0.29,1,6.1,Self-Employed,Not Graduate,RENT,Personal,0
689,19400.0,19000.0,65000.0,360,11600.0,0.19,2,18.5,Salaried,Post Graduate,MORTGAGE,Home,1
654,36500.0,35100.0,155300.0,36,8600.0,0.5,0,14.5,Salaried,Not Graduate,MORTGAGE,Vehicle,1
656,41300.0,53000.0,298000.0,60,6300.0,0.7,0,7.1,Unemployed,Graduate,MORTGAGE,Personal,0
699,42000.0,21000.0,84400.0,240,4600.0,0.69,0,4.1,Salaried,Graduate,OWN,Business,1
599,42400.0,35100.0,149400.0,24,13100.0,0.3,0,5.9,Self-Employed,Post Graduate,OWN,Home,0
660,47200.0,0.0,171300.0,48,17200.0,0.56,4,18.2,Business,Post Graduate,RENT,Business,0
671,65400.0,91400.0,482200.0,240,18500.0,0.49,0,8.5,Salaried,Graduate,OWN,Home,0
575,82800.0,43000.0,227100.0,36,19200.0,0.63,0,13.3,Salaried,Graduate,OWN,Home,0
618,33200.0,24400.0,181900.0,240,3400.0,0.43,3,9.2,Salaried,Not Graduate,OWN,Vehicle,0
724,23800.0,18300.0,149900.0,48,6300.0,0.51,0,9.6,Salaried,Graduate,OWN,Business,1
690,26200.0,25400.0,148100.0,24,1300.0,0.53,0,11.0,Self-Employed,Graduate,RENT,Home,0
663,36600.0,22700.0,86500.0,48,19000.0,0.34,1,7.4,Self-Employed,Graduate,MORTGAGE,Business,0
612,39700.0,71400.0,55700.0,36,1100.0,0.46,0,6.7,Business,Not Graduate,RENT,Education,1
824,30900.0,14600.0,168900.0,36,7100.0,0.72,0,15.9,Salaried,Post Graduate,RENT,Home,1
618,22500.0,28800.0,194500.0,48,1400.0,0.31,0,6.9,Salaried,Graduate,MORTGAGE,Personal,0
711,37300.0,0.0,122700.0,48,17300.0,0.64,0,10.6,Self-Employed,Post Graduate,RENT,Home,0
648,54700.0,25400.0,64600.0,48,10300.0,0.09,0,13.4,Self-Employed,Graduate,RENT,Vehicle,1
693,70100.0,25500.0,271600.0,24,4800.0,0.8,1,10.9,Salaried,Post Graduate,OWN,Personal,0
728,35100.0,25400.0,228900.0,120,11200.0,0.38,0,11.8,Salaried,Graduate,MORTGAGE,Education,1
573,38300.0,41600.0,164500.0,48,21100.0,0.49,0,0.5,Self-Employed,Graduate,RENT,Home,0
689,28100.0,36500.0,83500.0,120,15300.0,0.33,0,9.2,Salaried,Graduate,RENT,Education,1
791,48100.0,0.0,137100.0,120,7200.0,0.12,0,14.4,Self-Employed,Graduate,RENT,Business,1
839,29500.0,5900.0,134700.0,36,12700.0,0.34,0,19.3,Salaried,Post Graduate,MORTGAGE,Vehicle,1
678,69100.0,31300.0,69800.0,12,1300.0,0.66,0,13.8,Salaried,Post Graduate,OWN,Home,1
693,16800.0,0.0,48500.0,240,1300.0,0.64,0,9.3,Salaried,Post Graduate,RENT,Vehicle,0
850,39500.0,37200.0,235700.0,120,11800.0,0.69,1,10.9,Self-Employed,Graduate,OWN,Vehicle,1
786,58700.0,56200.0,334300.0,24,8100.0,0.58,0,11.6,Self-Employed,Graduate,OWN,Business,1
637,54700.0,16900.0,222000.0,60,26200.0,0.73,0,0.5,Salaried,Graduate,RENT,Vehicle,0
637,246700.0,0.0,746400.0,12,137800.0,0.29,0,2.2,Salaried,Post Graduate,RENT,Vehicle,0
771,60500.0,19900.0,82100.0,12,200.0,0.59,0,8.7,Salaried,Graduate,RENT,Personal,1
604,26800.0,49900.0,110400.0,48,3700.0,0.31,0,7.6,Salaried,Post Graduate,MORTGAGE,Personal,1
782,46300.0,28200.0,221700.0,24,12200.0,0.19,1,6.1,Salaried,Graduate,MORTGAGE,Business,1
718,16900.0,0.0,9600.0,360,5700.0,0.54,0,9.9,Salaried,Graduate,RENT,Personal,1
734,46700.0,33100.0,242500.0,180,25700.0,0.33,1,10.5,Salaried,Post Graduate,RENT,Personal,1
668,29700.0,30400.0,190000.0,60,15900.0,0.72,0,0.5,Self-Employed,Post Graduate,RENT,Personal,0
636,84900.0,27800.0,164200.0,24,32500.0,0.29,0,1.1,Business,Graduate,OWN,Vehicle,1
814,35300.0,40500.0,219300.0,36,5500.0,0.64,1,5.9,Salaried,Post Graduate,MORTGAGE,Personal,1
669,45700.0,0.0,120500.0,36,21500.0,0.28,0,10.8,Salaried,Post Graduate,MORTGAGE,Education,0
655,33500.0,28100.0,95000.0,48,4100.0,0.3,0,7.0,Salaried,Post Graduate,MORTGAGE,Education,1
683,139200.0,26000.0,388500.0,36,80600.0,0.69,1,5.3,Salaried,Post Graduate,RENT,Personal,0
706,40400.0,38700.0,327400.0,60,100.0,0.57,0,15.1,Business,Graduate,RENT,Personal,0
602,147200.0,24500.0,378800.0,48,50300.0,0.43,0,11.3,Salaried,Graduate,RENT,Personal,0
641,79900.0,16000.0,289600.0,240,4200.0,0.75,0,7.1,Salaried,Post Graduate,OWN,Personal,0
637,65500.0,0.0,42000.0,240,16000.0,0.52,0,17.0,Self-Employed,Graduate,MORTGAGE,Education,0
761,61200.0,15700.0,62400.0,60,23300.0,0.42,1,8.5,Salaried,Not Graduate,OWN,Personal,1
614,62100.0,0.0,51200.0,60,25700.0,0.34,0,12.8,Self-Employed,Post Graduate,MORTGAGE,Education,0
540,15400.0,0.0,55600.0,24,7300.0,0.43,0,3.2,Unemployed,Graduate,MORTGAGE,Business,0
522,41500.0,35900.0,147100.0,36,14800.0,0.22,1,1.0,Salaried,Graduate,OWN,Business,0
565,81400.0,34000.0,162800.0,240,12300.0,0.52,0,4.0,Salaried,Graduate,RENT,Vehicle,0
805,47600.0,51600.0,346100.0,60,25400.0,0.27,1,10.7,Salaried,Graduate,MORTGAGE,Business,1
691,21100.0,19300.0,47700.0,36,10300.0,0.53,0,7.4,Self-Employed,Graduate,MORTGAGE,Education,1
732,47500.0,13200.0,90200.0,60,4600.0,0.14,2,7.1,Self-Employed,Post Graduate,MORTGAGE,Vehicle,1
735,136300.0,26000.0,360900.0,240,67600.0,0.26,0,9.2,Salaried,Post Graduate,MORTGAGE,Vehicle,1
694,103600.0,22600.0,230400.0,36,60500.0,0.41,0,8.8,Salaried,Not Graduate,MORTGAGE,Business,1
683,47200.0,0.0,134100.0,36,18000.0,0.84,0,14.1,Salaried,Graduate,MORTGAGE,Education,0
778,86800.0,25900.0,208600.0,240,14700.0,0.37,0,5.2,Self-Employed,Post Graduate,RENT,Personal,1
702,39300.0,19800.0,122400.0,48,14300.0,0.61,0,0.9,Self-Employed,Post Graduate,OWN,Personal,1
808,17600.0,10700.0,111800.0,48,3600.0,0.45,0,16.2,Self-Employed,Graduate,RENT,Home,1
742,28200.0,0.0,113900.0,36,11400.0,0.55,0,5.7,Salaried,Not Graduate,OWN,Vehicle,1
637,125200.0,0.0,477100.0,180,40900.0,0.43,1,14.0,Business,Graduate,RENT,Education,0
647,41600.0,0.0,164700.0,120,23200.0,0.63,1,10.0,Salaried,Not Graduate,RENT,Personal,0
628,42400.0,0.0,117800.0,48,15700.0,0.36,1,15.3,Self-Employed,Graduate,MORTGAGE,Business,0
793,40900.0,46900.0,270900.0,12,5300.0,0.43,0,4.9,Business,Post Graduate,RENT,Business,0
655,153700.0,0.0,419400.0,48,66900.0,0.11,0,12.4,Business,Graduate,RENT,Vehicle,0
622,130000.0,0.0,473500.0,36,23500.0,0.14,0,6.6,Salaried,Graduate,MORTGAGE,Personal,0
717,185600.0,0.0,501900.0,24,30300.0,0.26,0,4.7,Salaried,Graduate,RENT,Education,0
681,44600.0,0.0,42100.0,36,10500.0,0.44,0,16.4,Salaried,Not Graduate,RENT,Business,1
715,58500.0,0.0,218700.0,24,400.0,0.62,1,4.3,Self-Employed,Not Graduate,MORTGAGE,Home,0
850,19700.0,27200.0,166100.0,360,11500.0,0.5,1,4.0,Salaried,Graduate,OWN,Education,1
767,118900.0,52100.0,646600.0,12,38000.0,0.37,1,2.4,Salaried,Graduate,OWN,Personal,0
692,24300.0,0.0,30700.0,48,11300.0,0.76,0,5.8,Unemployed,Graduate,RENT,Business,0
570,55800.0,10600.0,105300.0,36,8600.0,0.4,4,8.8,Business,Not Graduate,RENT,Business,0
647,25400.0,18400.0,73700.0,60,11400.0,0.89,0,7.2,Salaried,Post Graduate,RENT,Home,0
750,34400.0,0.0,87100.0,24,11700.0,0.09,1,9.9,Salaried,Graduate,MORTGAGE,Home,1
590,29700.0,12800.0,44000.0,48,7600.0,0.18,0,0.5,Salaried,Graduate,RENT,Personal,0
850,34000.0,26900.0,124300.0,120,19800.0,0.17,0,7.8,Self-Employed,Graduate,MORTGAGE,Home,1
691,35500.0,27400.0,77300.0,360,10500.0,0.36,0,0.9,Self-Employed,Graduate,OWN,Vehicle,1
694,35300.0,20800.0,87500.0,60,13900.0,0.53,0,5.8,Salaried,Not Graduate,OWN,Personal,1
633,80800.0,0.0,268700.0,24,700.0,0.77,0,6.8,Salaried,Graduate,RENT,Personal,0
732,25300.0,27900.0,208500.0,24,4600.0,0.25,0,7.8,Salaried,Graduate,OWN,Vehicle,1
591,56000.0,20300.0,45100.0,60,29900.0,0.05,1,9.8,Salaried,Post Graduate,RENT,Education,0
850,101800.0,13200.0,317800.0,36,46400.0,0.59,2,1.7,Business,Post Graduate,MORTGAGE,Business,0
801,36000.0,0.0,23200.0,48,11600.0,0.4,0,5.8,Salaried,Post Graduate,MORTGAGE,Home,1
773,31900.0,46000.0,65500.0,360,17200.0,0.06,3,19.4,Self-Employed,Graduate,OWN,Personal,1
571,42700.0,41600.0,279900.0,120,12500.0,0.08,1,7.6,Business,Graduate,RENT,Education,0
707,99500.0,17900.0,404100.0,120,33800.0,0.69,0,7.0,Self-Employed,Not Graduate,RENT,Personal,0
792,55100.0,0.0,207000.0,180,12600.0,0.62,0,0.5,Salaried,Post Graduate,RENT,Personal,1
740,35600.0,23300.0,141200.0,60,13200.0,0.31,3,8.8,Salaried,Post Graduate,OWN,Education,0
604,65500.0,58900.0,490000.0,60,12500.0,0.31,1,0.5,Business,Graduate,RENT,Home,0
634,25300.0,37200.0,73000.0,36,5900.0,0.34,0,0.5,Salaried,Post Graduate,OWN,Personal,1
651,73800.0,38300.0,168000.0,360,42800.0,0.63,0,10.2,Unemployed,Graduate,RENT,Home,0
638,62600.0,42000.0,108600.0,36,4200.0,0.27,1,10.2,Salaried,Graduate,OWN,Business,1
819,40800.0,33200.0,273100.0,60,2600.0,0.64,0,0.5,Salaried,Graduate,OWN,Vehicle,1
526,29600.0,28600.0,82300.0,36,800.0,0.28,0,1.0,Business,Post Graduate,OWN,Home,0
745,28800.0,37500.0,74400.0,24,5500.0,0.36,0,4.1,Business,Graduate,MORTGAGE,Home,1
580,67600.0,20500.0,263600.0,60,16200.0,0.45,0,17.7,Salaried,Not Graduate,OWN,Education,0
608,102500.0,0.0,82900.0,36,5800.0,0.44,0,9.4,Salaried,Graduate,RENT,Personal,1
519,33400.0,38600.0,48900.0,60,11000.0,0.18,0,10.9,Business,Graduate,RENT,Vehicle,0
643,64500.0,50000.0,106100.0,60,22600.0,0.1,0,14.1,Salaried,Post Graduate,MORTGAGE,Vehicle,1
818,15000.0,15400.0,15200.0,48,6800.0,0.19,0,15.6,Salaried,Graduate,OWN,Personal,1
712,34500.0,40600.0,246900.0,24,20200.0,0.45,0,8.7,Salaried,Post Graduate,MORTGAGE,Home,1
588,48100.0,62300.0,303500.0,48,17900.0,0.08,2,10.3,Self-Employed,Graduate,OWN,Personal,0
776,28400.0,26900.0,74100.0,120,1900.0,0.22,0,8.1,Business,Graduate,RENT,Business,1
794,27900.0,0.0,40000.0,36,1500.0,0.37,1,0.5,Salaried,Post Graduate,RENT,Vehicle,1
698,32800.0,28600.0,229900.0,48,15300.0,0.47,0,9.4,Salaried,Post Graduate,RENT,Personal,0
850,58400.0,0.0,146400.0,48,22800.0,0.1,0,5.3,Salaried,Graduate,MORTGAGE,Business,1
759,43800.0,0.0,144300.0,180,4300.0,0.08,0,0.5,Self-Employed,Graduate,OWN,Personal,1
748,15000.0,33400.0,111900.0,60,2300.0,0.09,1,4.1,Self-Employed,Graduate,RENT,Personal,1
621,15000.0,12100.0,39300.0,24,6800.0,0.29,0,5.5,Salaried,Post Graduate,RENT,Personal,0
743,34100.0,13100.0,206800.0,180,11600.0,0.14,0,12.6,Salaried,Post Graduate,RENT,Vehicle,1
708,64500.0,0.0,178200.0,120,22600.0,0.34,0,7.2,Salaried,Graduate,OWN,Business,1
734,15000.0,0.0,15400.0,120,1900.0,0.51,0,4.3,Salaried,Graduate,OWN,Personal,1
631,36300.0,31900.0,144900.0,48,13700.0,0.38,3,1.4,Salaried,Post Graduate,RENT,Business,0
700,35700.0,68700.0,189700.0,120,16500.0,0.11,0,6.8,Unemployed,Graduate,OWN,Home,1
620,112800.0,0.0,153000.0,48,59900.0,0.72,0,8.7,Salaried,Graduate,MORTGAGE,Education,0
507,38900.0,36300.0,318400.0,60,17200.0,0.18,1,10.8,Business,Graduate,RENT,Business,0
774,61700.0,16500.0,314700.0,180,21300.0,0.27,0,12.1,Salaried,Not Graduate,RENT,Personal,1
562,53400.0,39500.0,120500.0,180,21600.0,0.59,0,0.8,Unemployed,Not Graduate,OWN,Home,0
699,15000.0,20700.0,68100.0,48,4400.0,0.37,0,9.2,Salaried,Graduate,OWN,Education,1
718,77700.0,0.0,275800.0,180,10600.0,0.72,0,7.1,Salaried,Graduate,OWN,Home,0
717,55800.0,25500.0,108500.0,24,29500.0,0.64,2,6.7,Salaried,Graduate,MORTGAGE,Personal,0
665,66500.0,45100.0,319900.0,24,21300.0,0.61,0,9.0,Self-Employed,Graduate,RENT,Education,0
713,500000.0,0.0,1000000.0,48,178300.0,0.61,0,16.5,Salaried,Graduate,OWN,Personal,0
730,15000.0,8600.0,73500.0,60,8900.0,0.39,0,6.5,Business,Graduate,MORTGAGE,Business,1
752,138000.0,24200.0,539400.0,36,81600.0,0.65,0,8.5,Self-Employed,Graduate,OWN,Home,0
837,41300.0,34000.0,250500.0,48,14500.0,0.25,0,3.0,Self-Employed,Post Graduate,OWN,Business,1
709,58200.0,0.0,253700.0,24,1200.0,0.37,0,2.5,Salaried,Graduate,MORTGAGE,Vehicle,1
695,47700.0,0.0,90000.0,60,11300.0,0.27,0,2.2,Salaried,Post Graduate,OWN,Personal,1
612,38000.0,0.0,152500.0,180,21400.0,0.71,0,0.5,Salaried,Graduate,OWN,Home,0
727,34800.0,20300.0,32400.0,60,6000.0,0.79,0,4.6,Salaried,Not Graduate,RENT,Business,1
746,59700.0,8400.0,112600.0,36,35800.0,0.2,0,16.8,Salaried,Post Graduate,MORTGAGE,Home,1
673,19700.0,0.0,13700.0,360,1000.0,0.56,0,4.0,Business,Graduate,OWN,Home,1
736,76900.0,45000.0,378500.0,60,26200.0,0.27,0,6.3,Business,Not Graduate,OWN,Education,1
665,38200.0,22100.0,54500.0,120,11800.0,0.38,0,0.9,Self-Employed,Not Graduate,MORTGAGE,Vehicle,1
747,24900.0,27300.0,202700.0,60,3800.0,0.79,0,6.9,Salaried,Post Graduate,RENT,Education,1
767,37400.0,33200.0,217900.0,360,21300.0,0.19,0,2.5,Salaried,Graduate,OWN,Home,1
766,104200.0,16200.0,74100.0,120,38700.0,0.23,0,6.3,Salaried,Graduate,OWN,Personal,1
700,35600.0,36700.0,242900.0,48,4900.0,0.56,1,6.2,Self-Employed,Post Graduate,RENT,Business,0
601,60800.0,61000.0,480900.0,36,14000.0,0.68,3,7.4,Salaried,Graduate,OWN,Home,0
637,31600.0,0.0,99400.0,60,13700.0,0.85,0,13.5,Salaried,Post Graduate,RENT,Vehicle,0
740,77200.0,0.0,48000.0,60,13800.0,0.19,0,16.9,Business,Post Graduate,RENT,Home,1
850,74000.0,0.0,290900.0,60,39100.0,0.77,0,16.9,Salaried,Graduate,RENT,Home,0
661,148600.0,8800.0,539900.0,36,14800.0,0.59,0,8.5,Salaried,Graduate,OWN,Home,0
728,44100.0,0.0,88800.0,48,7000.0,0.26,0,8.9,Salaried,Graduate,RENT,Personal,1
642,73200.0,0.0,132800.0,60,6400.0,0.23,0,8.5,Self-Employed,Graduate,MORTGAGE,Home,1
607,52000.0,62200.0,276300.0,120,3300.0,0.38,3,11.8,Business,Graduate,OWN,Business,0
632,106700.0,0.0,423400.0,120,19200.0,0.37,0,4.6,Business,Post Graduate,OWN,Personal,0
512,31800.0,0.0,48000.0,24,19100.0,0.38,0,2.9,Business,Graduate,MORTGAGE,Education,0
805,76600.0,0.0,69200.0,36,4300.0,0.31,2,0.5,Unemployed,Graduate,OWN,Business,1
500,43600.0,22500.0,261700.0,12,5600.0,0.2,0,12.5,Salaried,Graduate,MORTGAGE,Personal,0
667,47200.0,0.0,28600.0,12,7700.0,0.2,0,9.1,Salaried,Not Graduate,MORTGAGE,Personal,1
589,51800.0,24400.0,315800.0,36,19200.0,0.31,0,3.9,Salaried,Graduate,RENT,Business,0
614,57000.0,23100.0,138000.0,120,25500.0,0.4,0,16.0,Self-Employed,Post Graduate,RENT,Vehicle,0
807,45700.0,31200.0,194800.0,240,20600.0,0.43,0,4.7,Salaried,Graduate,OWN,Home,1
707,55800.0,19700.0,77700.0,36,300.0,0.32,0,15.5,Salaried,Post Graduate,MORTGAGE,Home,1
607,126400.0,28000.0,634400.0,60,49400.0,0.26,0,3.6,Salaried,Post Graduate,MORTGAGE,Business,0
639,88500.0,0.0,309700.0,60,33500.0,0.3,0,8.9,Salaried,Graduate,OWN,Personal,1
624,82600.0,0.0,346600.0,360,25700.0,0.12,0,10.2,Self-Employed,Graduate,RENT,Personal,0
686,37300.0,0.0,120600.0,240,8500.0,0.41,1,5.3,Salaried,Graduate,MORTGAGE,Home,0
704,28800.0,0.0,35700.0,24,13800.0,0.27,0,1.5,Unemployed,Graduate,MORTGAGE,Personal,0
850,87000.0,0.0,150800.0,36,18000.0,0.12,0,8.2,Business,Graduate,MORTGAGE,Home,1
527,82900.0,0.0,202900.0,12,11400.0,0.67,0,4.1,Business,Graduate,RENT,Home,0
687,118600.0,22600.0,413600.0,60,22100.0,0.44,4,0.5,Self-Employed,Graduate,OWN,Business,0
663,34100.0,24600.0,246900.0,60,9000.0,0.49,0,0.5,Self-Employed,Graduate,RENT,Home,0
770,42700.0,0.0,86900.0,36,5500.0,0.49,1,8.9,Salaried,Graduate,RENT,Business,1
720,18300.0,22500.0,135100.0,180,6700.0,0.75,0,0.5,Self-Employed,Graduate,OWN,Vehicle,1
740,38700.0,0.0,168100.0,48,20500.0,0.43,3,6.5,Self-Employed,Post Graduate,MORTGAGE,Vehicle,0
719,89100.0,0.0,98900.0,360,31800.0,0.16,0,11.8,Salaried,Not Graduate,MORTGAGE,Home,1
610,37100.0,23400.0,239000.0,12,9900.0,0.47,0,0.5,Self-Employed,Graduate,MORTGAGE,Home,0
792,72000.0,0.0,157200.0,24,34400.0,0.08,1,1.2,Salaried,Post Graduate,OWN,Personal,1
757,43700.0,0.0,149900.0,36,19600.0,0.43,0,9.6,Salaried,Graduate,RENT,Home,1
767,59500.0,22800.0,137800.0,12,13100.0,0.22,1,0.5,Salaried,Graduate,OWN,Business,1
797,24600.0,30900.0,101900.0,120,8900.0,0.29,0,7.6,Self-Employed,Post Graduate,OWN,Vehicle,1
725,51600.0,11400.0,38300.0,24,22600.0,0.4,1,5.5,Business,Post Graduate,MORTGAGE,Vehicle,0
815,15000.0,0.0,65800.0,60,2200.0,0.55,0,15.2,Self-Employed,Graduate,MORTGAGE,Personal,1
722,43800.0,36900.0,302900.0,24,9600.0,0.22,0,16.0,Salaried,Graduate,OWN,Personal,1
671,18400.0,14500.0,28800.0,36,1200.0,0.22,0,9.6,Unemployed,Graduate,MORTGAGE,Education,1
689,101100.0,8700.0,493900.0,120,59900.0,0.65,1,4.5,Salaried,Post Graduate,OWN,Education,0
687,78200.0,16500.0,276500.0,360,4000.0,0.45,0,8.4,Salaried,Graduate,RENT,Personal,0
645,64900.0,23800.0,347300.0,48,6600.0,0.33,0,12.4,Unemployed,Graduate,MORTGAGE,Vehicle,0
828,122100.0,0.0,93600.0,360,35200.0,0.38,0,11.5,Self-Employed,Graduate,RENT,Home,1
715,27700.0,35300.0,129600.0,60,14400.0,0.28,1,0.5,Self-Employed,Graduate,RENT,Business,0
698,139900.0,10900.0,479300.0,48,29900.0,0.16,0,0.6,Salaried,Graduate,OWN,Home,0
723,85800.0,19100.0,97100.0,120,39600.0,0.41,0,11.7,Salaried,Graduate,OWN,Personal,1
850,42500.0,26200.0,168700.0,36,17200.0,0.28,0,1.6,Salaried,Graduate,OWN,Personal,1
593,96900.0,30500.0,289300.0,36,37100.0,0.69,0,9.7,Self-Employed,Not Graduate,RENT,Business,0
618,25200.0,13900.0,53300.0,60,12800.0,0.22,0,12.1,Salaried,Post Graduate,RENT,Business,1
572,29900.0,25100.0,93600.0,36,300.0,0.23,0,11.0,Salaried,Not Graduate,MORTGAGE,Home,1
670,34000.0,18800.0,230700.0,24,19000.0,0.14,1,10.4,Salaried,Not Graduate,OWN,Personal,0
710,35700.0,15500.0,84700.0,24,17800.0,0.87,0,5.5,Self-Employed,Post Graduate,MORTGAGE,Personal,0
650,26000.0,0.0,35200.0,120,14600.0,0.41,1,1.1,Salaried,Graduate,RENT,Home,0
644,102100.0,0.0,270000.0,60,48600.0,0.25,0,17.0,Business,Graduate,RENT,Personal,0
702,42000.0,41000.0,264300.0,48,22100.0,0.22,0,0.5,Salaried,Graduate,OWN,Personal,1
647,60600.0,35900.0,328100.0,180,7400.0,0.05,0,8.6,Business,Graduate,OWN,Business,1
716,34800.0,21000.0,196200.0,48,6700.0,0.64,1,5.1,Salaried,Graduate,MORTGAGE,Vehicle,0
784,16400.0,38500.0,35500.0,60,3100.0,0.7,0,14.6,Self-Employed,Post Graduate,OWN,Vehicle,1
747,57600.0,0.0,119500.0,240,3800.0,0.62,0,8.1,Salaried,Graduate,OWN,Home,1
764,15600.0,0.0,56100.0,120,6800.0,0.15,2,3.6,Self-Employed,Graduate,MORTGAGE,Home,0
782,47000.0,19800.0,275200.0,48,3800.0,0.26,0,5.6,Salaried,Graduate,MORTGAGE,Personal,1
714,21600.0,0.0,62800.0,60,700.0,0.19,0,12.4,Self-Employed,Graduate,OWN,Education,1
676,161500.0,0.0,114500.0,48,75100.0,0.49,0,13.3,Salaried,Graduate,RENT,Vehicle,0
624,84700.0,0.0,176700.0,60,46000.0,0.27,0,11.2,Salaried,Graduate,RENT,Personal,0
656,52200.0,0.0,41600.0,36,23900.0,0.41,0,8.5,Salaried,Post Graduate,RENT,Home,0
645,104600.0,19800.0,434700.0,48,51800.0,0.25,0,3.1,Business,Graduate,OWN,Business,0
752,29500.0,0.0,22200.0,36,10500.0,0.48,0,4.3,Salaried,Graduate,RENT,Vehicle,1
719,67900.0,21000.0,110500.0,12,36200.0,0.41,1,10.3,Salaried,Post Graduate,RENT,Vehicle,1
749,55300.0,0.0,119900.0,60,16500.0,0.22,0,13.0,Salaried,Graduate,RENT,Personal,1
591,57400.0,22000.0,186600.0,180,34000.0,0.09,0,0.6,Self-Employed,Graduate,MORTGAGE,Personal,0
811,105200.0,0.0,223600.0,12,6500.0,0.76,0,0.5,Salaried,Graduate,OWN,Home,1
653,76100.0,22300.0,231600.0,36,36900.0,0.72,0,6.9,Salaried,Post Graduate,RENT,Home,0
596,58300.0,30700.0,298400.0,48,22400.0,0.35,0,9.1,Salaried,Not Graduate,MORTGAGE,Personal,0
652,18200.0,0.0,36000.0,60,6300.0,0.36,0,8.8,Salaried,Graduate,MORTGAGE,Personal,1
850,27600.0,20200.0,128600.0,36,12000.0,0.25,0,10.6,Salaried,Post Graduate,RENT,Home,1
657,45500.0,19500.0,111400.0,24,22900.0,0.49,0,5.3,Business,Graduate,RENT,Personal,0
662,51800.0,61700.0,217300.0,48,26800.0,0.32,0,14.1,Salaried,Post Graduate,MORTGAGE,Home,1
673,24900.0,0.0,73600.0,120,2600.0,0.49,0,15.5,Salaried,Post Graduate,OWN,Home,1
677,208400.0,39900.0,611300.0,12,24600.0,0.2,1,10.6,Unemployed,Graduate,RENT,Personal,0
623,121800.0,39900.0,548500.0,36,1200.0,0.19,0,5.4,Business,Not Graduate,OWN,Education,0
702,70400.0,0.0,193000.0,60,5600.0,0.31,0,0.5,Salaried,Graduate,RENT,Personal,0
781,51200.0,0.0,190200.0,24,8100.0,0.46,0,4.6,Self-Employed,Graduate,MORTGAGE,Education,1
716,43200.0,27500.0,160700.0,36,18700.0,0.76,0,8.6,Self-Employed,Graduate,OWN,Business,1
595,27700.0,35900.0,156700.0,48,7900.0,0.53,1,11.1,Salaried,Graduate,MORTGAGE,Personal,0
660,51400.0,13000.0,204800.0,360,23400.0,0.51,0,6.2,Self-Employed,Post Graduate,OWN,Personal,0
643,57200.0,17800.0,103900.0,36,16700.0,0.46,1,7.4,Unemployed,Post Graduate,OWN,Personal,0
694,23300.0,14800.0,77900.0,48,7800.0,0.32,0,16.4,Salaried,Graduate,MORTGAGE,Home,1
803,59900.0,0.0,179700.0,36,4000.0,0.25,0,2.5,Salaried,Graduate,OWN,Vehicle,1
677,44700.0,0.0,27500.0,180,20800.0,0.35,0,0.5,Self-Employed,Graduate,RENT,Business,0
682,15600.0,22000.0,84500.0,24,7100.0,0.17,0,0.5,Self-Employed,Graduate,OWN,Vehicle,1
841,29300.0,6000.0,102200.0,60,5400.0,0.53,0,12.7,Self-Employed,Not Graduate,OWN,Education,1
764,38200.0,0.0,166900.0,120,7500.0,0.53,0,1.3,Salaried,Graduate,RENT,Vehicle,1
738,152100.0,21000.0,693800.0,360,20000.0,0.15,0,6.2,Business,Graduate,OWN,Personal,0
850,68500.0,53800.0,198500.0,60,33400.0,0.12,0,12.1,Business,Not Graduate,RENT,Personal,1
731,22000.0,32800.0,138600.0,36,9900.0,0.42,0,15.7,Salaried,Graduate,MORTGAGE,Home,1
521,65600.0,17700.0,60400.0,48,24000.0,0.21,0,8.2,Salaried,Graduate,MORTGAGE,Personal,0
760,19400.0,45800.0,95400.0,36,2800.0,0.22,0,2.9,Self-Employed,Graduate,MORTGAGE,Vehicle,1
554,93900.0,0.0,338000.0,60,9700.0,0.32,0,9.7,Salaried,Not Graduate,OWN,Personal,0
728,37000.0,27400.0,64000.0,60,1100.0,0.27,0,2.7,Unemployed,Graduate,RENT,Personal,1
544,46300.0,14700.0,93400.0,120,1300.0,0.08,0,7.6,Salaried,Post Graduate,MORTGAGE,Personal,0
650,108600.0,16400.0,534500.0,48,12200.0,0.33,0,1.0,Self-Employed,Graduate,MORTGAGE,Business,0
659,22600.0,17800.0,153300.0,60,1400.0,0.71,0,3.8,Salaried,Graduate,OWN,Business,0
624,21200.0,27500.0,176700.0,240,7100.0,0.48,0,19.2,Salaried,Graduate,MORTGAGE,Business,1
660,34500.0,0.0,136600.0,240,7400.0,0.41,0,13.3,Self-Employed,Post Graduate,OWN,Business,0
777,91400.0,0.0,319800.0,60,24400.0,0.46,2,4.6,Salaried,Graduate,OWN,Vehicle,1
629,19700.0,32600.0,51400.0,60,7000.0,0.7,2,5.8,Salaried,Graduate,RENT,Personal,0
736,15000.0,0.0,38500.0,48,5900.0,0.24,0,11.6,Business,Post Graduate,MORTGAGE,Home,1
607,37400.0,0.0,85200.0,36,14500.0,0.67,0,5.9,Salaried,Graduate,OWN,Home,0
673,68300.0,13000.0,141800.0,24,10700.0,0.67,2,14.1,Salaried,Graduate,OWN,Vehicle,0
717,100700.0,16600.0,450000.0,48,48900.0,0.24,0,0.5,Self-Employed,Graduate,RENT,Business,0
605,37100.0,0.0,87400.0,36,20400.0,0.25,0,7.6,Salaried,Graduate,OWN,Home,0
578,38300.0,19300.0,42700.0,60,7300.0,0.34,0,4.0,Self-Employed,Not Graduate,RENT,Home,0
731,98000.0,13500.0,178400.0,60,1000.0,0.65,0,9.3,Salaried,Graduate,MORTGAGE,Personal,1
785,16000.0,29800.0,64800.0,48,8600.0,0.46,0,8.6,Salaried,Graduate,RENT,Personal,1
683,38800.0,13300.0,211000.0,12,21500.0,0.32,0,8.1,Salaried,Not Graduate,RENT,Personal,0
651,55000.0,32200.0,269400.0,24,1700.0,0.42,0,10.1,Salaried,Graduate,OWN,Personal,0
703,64200.0,0.0,176000.0,24,200.0,0.31,0,9.4,Unemployed,Graduate,MORTGAGE,Personal,1
694,36100.0,0.0,91200.0,36,17700.0,0.64,0,2.3,Self-Employed,Post Graduate,MORTGAGE,Vehicle,0
710,50000.0,23300.0,227300.0,360,9000.0,0.57,0,7.4,Salaried,Graduate,RENT,Home,0
475,15000.0,7600.0,79500.0,36,8200.0,0.38,2,7.4,Self-Employed,Post Graduate,RENT,Home,0
599,33000.0,23100.0,152500.0,36,4300.0,0.19,1,7.7,Business,Post Graduate,MORTGAGE,Education,0
618,64400.0,37100.0,431700.0,24,33300.0,0.76,0,19.0,Salaried,Graduate,RENT,Vehicle,0
702,27200.0,38600.0,290000.0,60,1100.0,0.53,0,8.1,Salaried,Post Graduate,RENT,Education,0
705,50800.0,28000.0,353100.0,60,7900.0,0.38,0,16.2,Salaried,Graduate,RENT,Personal,0
744,64100.0,0.0,203700.0,36,37400.0,0.34,0,0.5,Salaried,Graduate,OWN,Personal,1
711,39900.0,0.0,168800.0,240,5500.0,0.4,0,5.1,Business,Not Graduate,MORTGAGE,Personal,1
579,54300.0,63300.0,249100.0,120,4300.0,0.52,0,6.7,Self-Employed,Post Graduate,MORTGAGE,Home,0
812,27500.0,0.0,108300.0,36,14100.0,0.41,0,15.7,Salaried,Graduate,RENT,Personal,1
798,43300.0,0.0,179100.0,48,3100.0,0.27,0,0.5,Unemployed,Post Graduate,MORTGAGE,Vehicle,1
583,70700.0,22000.0,381600.0,48,4100.0,0.07,1,12.8,Self-Employed,Graduate,MORTGAGE,Home,0
718,53900.0,16800.0,270300.0,36,10500.0,0.29,0,10.7,Business,Graduate,MORTGAGE,Business,1
639,34500.0,33700.0,145000.0,120,13200.0,0.78,0,10.7,Salaried,Not Graduate,MORTGAGE,Home,0
701,56100.0,0.0,63700.0,24,23900.0,0.3,0,7.0,Self-Employed,Graduate,OWN,Business,1
779,75300.0,0.0,138200.0,48,39800.0,0.07,4,8.8,Salaried,Graduate,OWN,Vehicle,0
850,15000.0,0.0,53500.0,48,4900.0,0.57,0,7.7,Salaried,Graduate,OWN,Business,1
753,98300.0,25600.0,177400.0,48,23200.0,0.63,3,4.6,Salaried,Post Graduate,OWN,Business,0
715,40100.0,0.0,96800.0,180,8600.0,0.23,0,12.5,Unemployed,Graduate,RENT,Home,1
661,63300.0,48400.0,308500.0,36,32200.0,0.55,0,8.4,Salaried,Graduate,RENT,Education,0
705,100500.0,10500.0,323600.0,24,43600.0,0.48,2,4.1,Salaried,Graduate,OWN,Business,0
805,21500.0,22800.0,188000.0,60,11700.0,0.18,0,10.0,Salaried,Graduate,OWN,Education,1
686,32000.0,0.0,100700.0,36,18500.0,0.2,0,6.9,Unemployed,Graduate,OWN,Personal,0
614,41200.0,27100.0,249000.0,24,7400.0,0.55,0,5.8,Self-Employed,Post Graduate,OWN,Education,0
552,30600.0,29400.0,169700.0,48,9700.0,0.31,0,0.5,Business,Post Graduate,OWN,Business,0
733,138800.0,36500.0,672200.0,36,52600.0,0.72,0,5.4,Self-Employed,Post Graduate,MORTGAGE,Vehicle,0
711,29300.0,26400.0,86600.0,36,2900.0,0.36,0,5.1,Business,Not Graduate,MORTGAGE,Vehicle,1
635,35100.0,0.0,47000.0,36,1100.0,0.67,1,9.5,Salaried,Not Graduate,OWN,Personal,0
777,55400.0,21900.0,325100.0,24,28800.0,0.31,0,6.1,Salaried,Graduate,RENT,Vehicle,0
654,23800.0,0.0,77900.0,60,7600.0,0.58,0,21.4,Salaried,Graduate,MORTGAGE,Personal,1
678,38700.0,0.0,123300.0,12,13300.0,0.36,1,0.5,Salaried,Post Graduate,RENT,Business,0
688,59300.0,0.0,140500.0,360,19700.0,0.48,0,1.8,Salaried,Graduate,MORTGAGE,Business,0
660,40100.0,41100.0,163000.0,36,18200.0,0.14,0,5.3,Unemployed,Graduate,MORTGAGE,Business,1
710,46300.0,27200.0,200100.0,60,4000.0,0.31,0,9.8,Self-Employed,Post Graduate,OWN,Home,1
787,35700.0,0.0,35100.0,120,13200.0,0.4,0,6.4,Business,Graduate,OWN,Home,1
592,19800.0,36700.0,131000.0,36,5600.0,0.29,0,4.9,Salaried,Graduate,RENT,Education,0
731,59500.0,0.0,138100.0,60,32000.0,0.42,2,2.0,Salaried,Post Graduate,RENT,Education,0
704,140500.0,37000.0,471000.0,120,43800.0,0.69,0,10.1,Salaried,Post Graduate,OWN,Home,0
703,49600.0,0.0,150700.0,36,28100.0,0.03,0,21.7,Self-Employed,Graduate,MORTGAGE,Business,0
764,56100.0,0.0,242900.0,360,11900.0,0.15,2,2.7,Self-Employed,Not Graduate,MORTGAGE,Business,0
694,74300.0,35000.0,339800.0,12,43100.0,0.53,0,10.9,Self-Employed,Graduate,OWN,Education,0
730,22900.0,0.0,92400.0,36,12000.0,0.25,0,15.8,Salaried,Graduate,MORTGAGE,Education,1
750,136100.0,48000.0,501700.0,120,47700.0,0.32,0,8.7,Salaried,Post Graduate,MORTGAGE,Vehicle,1
647,55300.0,0.0,166300.0,36,11700.0,0.48,0,9.7,Self-Employed,Not Graduate,OWN,Education,0
715,130500.0,34400.0,128500.0,60,29400.0,0.49,2,7.6,Self-Employed,Post Graduate,OWN,Vehicle,1
668,31600.0,0.0,32600.0,180,14700.0,0.47,0,16.9,Salaried,Post Graduate,MORTGAGE,Vehicle,1
678,145900.0,91500.0,669200.0,360,50800.0,0.16,1,12.0,Salaried,Graduate,OWN,Business,0
662,78000.0,13300.0,190200.0,48,18800.0,0.41,3,13.7,Salaried,Post Graduate,RENT,Vehicle,0
730,68300.0,0.0,252400.0,360,26100.0,0.73,0,7.3,Salaried,Post Graduate,OWN,Personal,1
696,56400.0,33400.0,240000.0,48,24800.0,0.45,1,11.4,Self-Employed,Graduate,MORTGAGE,Home,0
723,42200.0,0.0,170000.0,36,600.0,0.18,0,7.6,Self-Employed,Not Graduate,OWN,Education,1
688,100700.0,25300.0,553100.0,48,5400.0,0.31,3,11.9,Salaried,Graduate,OWN,Personal,0
553,53300.0,0.0,58100.0,60,3000.0,0.1,0,6.0,Self-Employed,Graduate,RENT,Home,0
692,15100.0,51700.0,138900.0,48,2100.0,0.7,0,13.8,Salaried,Graduate,OWN,Business,1
695,25100.0,18800.0,138700.0,60,6400.0,0.91,0,10.7,Self-Employed,Graduate,OWN,Personal,0
710,43800.0,23600.0,116100.0,48,21100.0,0.42,0,5.7,Salaried,Graduate,OWN,Home,1
639,59000.0,8400.0,105700.0,48,12400.0,0.3,0,12.4,Business,Graduate,RENT,Business,0
588,47400.0,64000.0,418300.0,360,500.0,0.71,0,6.4,Salaried,Not Graduate,OWN,Personal,0
743,101900.0,15800.0,520400.0,48,29600.0,0.41,0,1.8,Salaried,Not Graduate,RENT,Business,0
666,15200.0,31700.0,168600.0,36,9100.0,0.6,0,6.6,Business,Graduate,MORTGAGE,Home,0
704,53400.0,25600.0,205000.0,120,11200.0,0.33,0,6.6,Self-Employed,Post Graduate,OWN,Home,1
666,16500.0,0.0,37500.0,36,9500.0,0.75,0,2.2,Salaried,Post Graduate,MORTGAGE,Education,0
689,77300.0,40300.0,312700.0,120,4700.0,0.3,0,10.5,Salaried,Post Graduate,MORTGAGE,Education,1
651,46300.0,62000.0,254700.0,24,4800.0,0.4,0,10.1,Salaried,Graduate,MORTGAGE,Business,0
607,63100.0,30500.0,235100.0,36,27400.0,0.39,0,7.9,Business,Post Graduate,OWN,Personal,0
730,29200.0,37300.0,87400.0,24,8800.0,0.56,0,12.1,Salaried,Post Graduate,RENT,Vehicle,1
638,105600.0,0.0,434500.0,24,48500.0,0.5,0,6.2,Salaried,Graduate,RENT,Vehicle,0
703,91600.0,44700.0,479500.0,60,47500.0,0.18,0,0.6,Self-Employed,Post Graduate,OWN,Education,0
724,69600.0,0.0,224400.0,36,10500.0,0.44,1,4.8,Self-Employed,Not Graduate,RENT,Business,0
640,45400.0,0.0,195200.0,180,18600.0,0.45,1,3.8,Business,Graduate,OWN,Home,0
587,69400.0,0.0,113600.0,48,25300.0,0.43,2,6.2,Salaried,Post Graduate,OWN,Vehicle,0
850,32100.0,46200.0,64600.0,36,16600.0,0.7,0,8.5,Salaried,Graduate,MORTGAGE,Education,1
645,81900.0,0.0,311600.0,60,21100.0,0.15,0,18.1,Salaried,Graduate,RENT,Personal,0
742,131900.0,0.0,592700.0,60,4100.0,0.21,3,0.5,Self-Employed,Graduate,RENT,Education,0
850,93200.0,30300.0,347500.0,120,32100.0,0.63,0,12.4,Salaried,Graduate,OWN,Personal,1
757,31600.0,0.0,23200.0,60,18200.0,0.59,0,3.0,Salaried,Not Graduate,RENT,Home,1
664,60900.0,0.0,220600.0,36,500.0,0.73,1,10.3,Salaried,Post Graduate,OWN,Business,0
684,22600.0,0.0,18000.0,60,3300.0,0.07,0,4.8,Self-Employed,Graduate,MORTGAGE,Education,1
619,69100.0,0.0,183800.0,36,13100.0,0.59,0,9.2,Self-Employed,Graduate,OWN,Education,0
764,64200.0,20200.0,135900.0,48,29500.0,0.69,0,16.2,Salaried,Not Graduate,MORTGAGE,Education,1
738,16000.0,0.0,66600.0,240,3100.0,0.49,0,0.6,Salaried,Graduate,MORTGAGE,Home,1
646,24400.0,19900.0,102100.0,36,3500.0,0.47,0,9.6,Self-Employed,Not Graduate,OWN,Home,0
601,41400.0,30000.0,292300.0,60,16100.0,0.38,0,9.8,Self-Employed,Not Graduate,OWN,Home,0
577,40900.0,0.0,69400.0,36,1100.0,0.3,1,13.1,Salaried,Post Graduate,MORTGAGE,Vehicle,0
773,23700.0,0.0,48600.0,24,2400.0,0.53,0,8.4,Salaried,Not Graduate,MORTGAGE,Vehicle,1
700,61900.0,32000.0,402700.0,48,15200.0,0.7,0,25.2,Salaried,Not Graduate,OWN,Home,1
708,57000.0,22700.0,104000.0,60,12200.0,0.33,0,13.9,Salaried,Post Graduate,MORTGAGE,Personal,1
620,43600.0,0.0,122700.0,48,9100.0,0.21,0,11.2,Business,Post Graduate,MORTGAGE,Home,0
565,31100.0,0.0,63900.0,36,2000.0,0.67,1,9.8,Self-Employed,Graduate,RENT,Education,0
771,92000.0,38300.0,468600.0,120,19900.0,0.85,0,11.0,Business,Graduate,MORTGAGE,Home,0
693,132400.0,0.0,134700.0,12,63400.0,0.03,1,8.7,Business,Post Graduate,RENT,Home,0
767,36700.0,0.0,82500.0,36,9100.0,0.74,2,8.7,Salaried,Post Graduate,RENT,Business,0
657,34000.0,12700.0,153900.0,120,12000.0,0.37,0,0.5,Salaried,Graduate,OWN,Home,0
669,65800.0,16000.0,174100.0,240,6500.0,0.45,2,10.9,Salaried,Graduate,MORTGAGE,Vehicle,0
750,39500.0,0.0,29000.0,48,1700.0,0.71,0,10.9,Self-Employed,Graduate,OWN,Education,1
752,45100.0,26800.0,238700.0,180,23800.0,0.68,1,9.8,Salaried,Post Graduate,OWN,Vehicle,1
757,76400.0,0.0,192000.0,36,15200.0,0.4,0,9.9,Salaried,Post Graduate,RENT,Business,1
664,15600.0,62200.0,42400.0,36,3300.0,0.5,0,11.8,Salaried,Graduate,OWN,Personal,1
742,108100.0,38700.0,433200.0,120,56900.0,0.34,0,10.3,Self-Employed,Not Graduate,RENT,Vehicle,0
784,51200.0,50500.0,425100.0,240,21700.0,0.72,1,8.4,Salaried,Post Graduate,OWN,Vehicle,0
681,38300.0,28200.0,62800.0,36,17400.0,0.2,0,9.7,Salaried,Not Graduate,OWN,Education,1
646,46500.0,18000.0,184600.0,24,19000.0,0.81,0,14.2,Business,Graduate,RENT,Home,0
804,47900.0,26100.0,252700.0,24,3000.0,0.43,0,15.3,Self-Employed,Not Graduate,RENT,Home,1
634,17300.0,18000.0,27600.0,36,9900.0,0.32,0,3.1,Salaried,Graduate,RENT,Home,1
743,120200.0,0.0,71000.0,120,65600.0,0.09,1,6.0,Salaried,Not Graduate,RENT,Home,1
685,50300.0,39900.0,212600.0,48,7100.0,0.32,1,12.8,Self-Employed,Graduate,RENT,Business,0
533,63900.0,34900.0,362100.0,48,30800.0,0.33,1,10.8,Salaried,Graduate,RENT,Education,0
785,86800.0,49900.0,156200.0,60,21300.0,0.64,0,4.8,Self-Employed,Graduate,OWN,Personal,1
455,26600.0,0.0,102300.0,180,10900.0,0.18,3,8.3,Salaried,Graduate,OWN,Personal,0
521,65100.0,36100.0,316400.0,24,6500.0,0.73,0,11.9,Self-Employed,Post Graduate,MORTGAGE,Education,0
734,41700.0,14000.0,101900.0,60,13500.0,0.37,0,17.6,Business,Graduate,RENT,Education,0
734,81500.0,26800.0,277600.0,240,6200.0,0.57,0,19.8,Self-Employed,Post Graduate,OWN,Home,1
635,15000.0,23000.0,165800.0,36,4800.0,0.86,3,0.5,Salaried,Graduate,OWN,Personal,0
702,46200.0,0.0,63100.0,120,6800.0,0.5,0,12.3,Salaried,Post Graduate,MORTGAGE,Vehicle,1
474,34100.0,0.0,85200.0,60,9300.0,0.32,0,4.9,Salaried,Post Graduate,MORTGAGE,Personal,0
750,63500.0,0.0,190400.0,12,25400.0,0.4,0,13.8,Salaried,Graduate,MORTGAGE,Business,1
711,65000.0,0.0,68400.0,36,34200.0,0.07,0,1.1,Unemployed,Post Graduate,RENT,Vehicle,0
686,32100.0,38400.0,47500.0,60,3200.0,0.19,2,4.6,Salaried,Graduate,MORTGAGE,Business,1
691,32000.0,29200.0,33900.0,48,17200.0,0.67,0,7.1,Business,Not Graduate,RENT,Business,0
731,45900.0,11900.0,104000.0,48,10700.0,0.77,0,11.4,Unemployed,Post Graduate,RENT,Home,0
687,28600.0,17000.0,36300.0,36,14500.0,0.32,1,6.1,Unemployed,Graduate,MORTGAGE,Home,0
530,81200.0,0.0,301700.0,60,25000.0,0.47,0,4.4,Self-Employed,Post Graduate,RENT,Home,0
850,39300.0,0.0,176400.0,36,20300.0,0.32,0,0.5,Salaried,Graduate,MORTGAGE,Personal,1
792,15000.0,0.0,11200.0,36,6000.0,0.41,1,4.7,Salaried,Not Graduate,OWN,Home,1
580,39100.0,0.0,87200.0,36,11900.0,0.4,2,11.4,Self-Employed,Graduate,OWN,Home,0
660,26300.0,25100.0,31000.0,60,4900.0,0.61,0,15.4,Self-Employed,Not Graduate,MORTGAGE,Personal,1
669,18400.0,0.0,19100.0,24,10700.0,0.17,1,2.8,Salaried,Not Graduate,RENT,Business,0
781,23300.0,0.0,41700.0,36,11200.0,0.23,0,3.3,Self-Employed,Post Graduate,RENT,Personal,1
506,52300.0,0.0,108500.0,36,12000.0,0.12,0,4.3,Salaried,Post Graduate,RENT,Vehicle,0
647,108800.0,34400.0,609900.0,24,10900.0,0.65,0,7.4,Self-Employed,Graduate,MORTGAGE,Personal,0
540,59200.0,39400.0,205400.0,36,27700.0,0.16,0,9.0,Business,Graduate,MORTGAGE,Personal,0
665,34100.0,21400.0,137900.0,60,20300.0,0.31,0,6.5,Salaried,Graduate,RENT,Business,0
649,64400.0,34600.0,146800.0,60,10800.0,0.52,0,0.5,Self-Employed,Post Graduate,RENT,Personal,0
696,37200.0,22800.0,30000.0,60,20400.0,0.26,0,0.5,Self-Employed,Post Graduate,RENT,Vehicle,0
638,32300.0,0.0,132300.0,48,2400.0,0.53,0,5.5,Salaried,Graduate,MORTGAGE,Education,0
626,24500.0,29300.0,44500.0,24,14000.0,0.2,0,10.7,Salaried,Graduate,MORTGAGE,Home,1
742,17100.0,34200.0,223500.0,360,7600.0,0.08,1,8.0,Self-Employed,Post Graduate,OWN,Personal,1
728,38800.0,18400.0,58500.0,36,8100.0,0.09,0,16.4,Salaried,Not Graduate,RENT,Home,1
736,53900.0,17800.0,209300.0,60,9900.0,0.26,0,0.5,Unemployed,Post Graduate,OWN,Business,1
674,46300.0,0.0,208200.0,240,17900.0,0.74,0,8.5,Business,Graduate,RENT,Business,0
641,38200.0,25900.0,67600.0,60,13600.0,0.32,0,15.0,Salaried,Post Graduate,OWN,Education,1
679,27800.0,0.0,61000.0,36,15300.0,0.29,1,6.5,Salaried,Graduate,MORTGAGE,Education,0
732,70600.0,23100.0,339400.0,36,32500.0,0.81,0,1.6,Self-Employed,Graduate,RENT,Home,0
504,22200.0,0.0,14000.0,12,7200.0,0.62,2,0.5,Self-Employed,Graduate,MORTGAGE,Vehicle,0
723,78100.0,0.0,254500.0,60,43500.0,0.48,0,6.4,Salaried,Post Graduate,MORTGAGE,Business,0
716,26900.0,25100.0,42700.0,60,9600.0,0.07,0,5.4,Salaried,Graduate,MORTGAGE,Vehicle,1
695,31200.0,39900.0,102800.0,60,15900.0,0.69,0,4.8,Self-Employed,Graduate,OWN,Home,1
677,20300.0,0.0,23100.0,12,10200.0,0.31,0,9.5,Business,Post Graduate,RENT,Education,0
471,36300.0,20700.0,235400.0,120,20000.0,0.87,0,17.1,Salaried,Graduate,RENT,Personal,0
652,88000.0,71700.0,195100.0,60,3600.0,0.12,0,1.1,Self-Employed,Post Graduate,MORTGAGE,Business,0
842,66800.0,0.0,44200.0,24,23400.0,0.39,0,3.2,Business,Not Graduate,OWN,Business,1
691,88200.0,16000.0,297000.0,36,24800.0,0.39,0,7.3,Salaried,Graduate,MORTGAGE,Business,0
663,67100.0,32400.0,187500.0,60,19700.0,0.39,1,11.6,Salaried,Graduate,RENT,Personal,0
691,25300.0,22200.0,100800.0,48,7000.0,0.75,0,6.1,Business,Graduate,RENT,Education,0
720,40200.0,0.0,39200.0,24,20200.0,0.53,0,10.9,Salaried,Graduate,MORTGAGE,Education,1
745,30700.0,0.0,107200.0,24,5900.0,0.31,0,0.8,Salaried,Graduate,MORTGAGE,Home,1
670,108900.0,27900.0,397600.0,120,30200.0,0.23,0,8.2,Self-Employed,Post Graduate,RENT,Business,1
726,23900.0,17100.0,80200.0,36,2900.0,0.62,0,7.9,Salaried,Graduate,RENT,Vehicle,1
832,83800.0,44100.0,151700.0,36,12700.0,0.79,1,15.8,Self-Employed,Graduate,MORTGAGE,Vehicle,1
775,83800.0,0.0,240800.0,120,33200.0,0.26,0,13.7,Salaried,Post Graduate,RENT,Personal,1
850,146900.0,15500.0,587000.0,60,10300.0,0.08,0,8.6,Self-Employed,Graduate,RENT,Business,1
634,38300.0,32300.0,123500.0,60,4300.0,0.39,4,3.2,Salaried,Graduate,OWN,Vehicle,0
832,75200.0,0.0,45400.0,48,23800.0,0.62,0,0.5,Unemployed,Post Graduate,OWN,Business,1
622,192700.0,22600.0,292200.0,60,5100.0,0.38,0,3.6,Self-Employed,Not Graduate,OWN,Personal,1
720,33800.0,38200.0,232500.0,60,2600.0,0.21,4,18.9,Self-Employed,Post Graduate,OWN,Education,0
752,19500.0,0.0,86900.0,360,10100.0,0.29,3,0.5,Salaried,Post Graduate,OWN,Vehicle,0
646,15900.0,40400.0,31200.0,36,8100.0,0.15,0,3.4,Unemployed,Not Graduate,MORTGAGE,Personal,0
697,75200.0,0.0,129700.0,36,15700.0,0.32,0,8.6,Salaried,Not Graduate,OWN,Personal,1
767,15800.0,15600.0,23500.0,24,3300.0,0.53,0,14.3,Salaried,Graduate,MORTGAGE,Vehicle,1
629,39200.0,8900.0,84900.0,60,22000.0,0.42,0,1.6,Salaried,Graduate,MORTGAGE,Vehicle,0
831,63700.0,23600.0,185400.0,48,1000.0,0.43,1,10.3,Business,Graduate,OWN,Business,1
572,54800.0,48500.0,432200.0,24,19100.0,0.13,0,4.1,Self-Employed,Graduate,RENT,Vehicle,0
850,63300.0,15300.0,64600.0,36,22700.0,0.42,0,1.9,Unemployed,Graduate,OWN,Personal,1
775,56000.0,0.0,202100.0,36,26500.0,0.26,0,5.0,Salaried,Graduate,OWN,Business,1
682,105600.0,16700.0,254600.0,36,60300.0,0.28,1,7.8,Self-Employed,Graduate,RENT,Personal,0
655,27700.0,0.0,103700.0,360,5900.0,0.5,0,1.7,Salaried,Not Graduate,OWN,Vehicle,1
646,32700.0,0.0,83500.0,60,8600.0,0.79,3,13.6,Self-Employed,Post Graduate,RENT,Home,0
678,30800.0,0.0,20200.0,12,12400.0,0.7,1,15.2,Salaried,Not Graduate,OWN,Personal,0
685,80700.0,29300.0,471300.0,36,46800.0,0.3,0,4.4,Self-Employed,Graduate,MORTGAGE,Business,0
796,84100.0,0.0,69900.0,12,44900.0,0.19,0,11.9,Business,Graduate,RENT,Education,1
850,64300.0,0.0,185900.0,60,25700.0,0.41,0,0.5,Self-Employed,Graduate,OWN,Personal,1
706,99700.0,0.0,399900.0,48,51200.0,0.44,0,7.1,Business,Post Graduate,RENT,Home,0
618,24200.0,0.0,19800.0,360,1200.0,0.74,2,12.2,Self-Employed,Graduate,OWN,Vehicle,0
643,133300.0,58600.0,521100.0,60,30200.0,0.47,0,11.6,Business,Post Graduate,RENT,Education,0
674,122300.0,37500.0,606800.0,48,1000.0,0.56,1,8.7,Self-Employed,Graduate,RENT,Personal,0
602,76200.0,0.0,338700.0,120,8100.0,0.51,0,14.0,Salaried,Not Graduate,MORTGAGE,Education,0
589,142800.0,25800.0,572800.0,60,54000.0,0.77,0,4.3,Salaried,Not Graduate,RENT,Home,0
850,18100.0,25900.0,71000.0,36,9600.0,0.02,0,8.4,Business,Post Graduate,OWN,Home,1
715,35800.0,28000.0,210400.0,48,13600.0,0.06,0,8.3,Salaried,Graduate,MORTGAGE,Home,1
619,31500.0,95100.0,420700.0,60,12600.0,0.39,0,10.1,Salaried,Post Graduate,RENT,Home,0
759,75600.0,32400.0,356400.0,48,4700.0,0.06,0,11.0,Salaried,Post Graduate,OWN,Vehicle,1
589,26100.0,0.0,102200.0,36,10400.0,0.58,0,1.5,Self-Employed,Post Graduate,MORTGAGE,Personal,0
596,77200.0,20500.0,83000.0,36,21000.0,0.3,0,11.4,Self-Employed,Graduate,OWN,Personal,1
621,111600.0,10200.0,113700.0,36,43600.0,0.17,0,2.0,Self-Employed,Not Graduate,RENT,Personal,0
830,74400.0,22800.0,297700.0,12,14600.0,0.2,1,12.6,Self-Employed,Graduate,MORTGAGE,Vehicle,1
668,58100.0,10000.0,293900.0,240,20300.0,0.72,0,16.8,Business,Post Graduate,RENT,Home,0
482,27100.0,0.0,64000.0,60,6900.0,0.38,0,5.5,Self-Employed,Post Graduate,OWN,Vehicle,0
792,29500.0,12600.0,182800.0,60,9900.0,0.36,0,3.3,Business,Graduate,RENT,Personal,1
663,103800.0,32600.0,580000.0,60,9200.0,0.2,0,16.3,Salaried,Post Graduate,RENT,Personal,0
532,78200.0,0.0,321500.0,60,18600.0,0.32,0,7.7,Salaried,Post Graduate,MORTGAGE,Education,0
663,47900.0,0.0,198300.0,360,10800.0,0.36,1,1.3,Self-Employed,Not Graduate,OWN,Vehicle,0
734,38100.0,25500.0,260300.0,36,16800.0,0.29,1,3.4,Salaried,Graduate,RENT,Vehicle,0
724,15000.0,13400.0,107300.0,60,6400.0,0.12,1,3.7,Business,Graduate,MORTGAGE,Education,1
842,25800.0,34800.0,198800.0,36,14100.0,0.46,0,14.0,Self-Employed,Post Graduate,RENT,Vehicle,1
617,154300.0,70300.0,134200.0,180,58500.0,0.07,3,2.9,Self-Employed,Graduate,RENT,Personal,0
693,22700.0,33000.0,57300.0,180,4300.0,0.77,0,0.5,Salaried,Post Graduate,MORTGAGE,Education,0
630,54900.0,0.0,56900.0,240,25800.0,0.35,1,7.7,Self-Employed,Graduate,RENT,Home,0
558,89700.0,0.0,53300.0,12,26700.0,0.27,0,9.5,Salaried,Post Graduate,MORTGAGE,Business,1
765,23100.0,0.0,22300.0,36,2700.0,0.18,0,10.9,Salaried,Graduate,OWN,Education,1
729,54800.0,0.0,229000.0,24,24600.0,0.67,0,0.5,Business,Graduate,RENT,Home,0
714,86100.0,0.0,271700.0,48,6800.0,0.75,0,7.1,Salaried,Post Graduate,OWN,Education,1
726,49400.0,30700.0,140000.0,48,5300.0,0.52,0,5.8,Salaried,Graduate,MORTGAGE,Vehicle,1
631,274000.0,40100.0,1000000.0,36,124700.0,0.43,0,10.1,Salaried,Graduate,MORTGAGE,Personal,0
604,18000.0,0.0,44200.0,60,8300.0,0.16,0,0.5,Salaried,Post Graduate,RENT,Business,0
693,92500.0,0.0,98800.0,36,43900.0,0.37,0,8.8,Salaried,Graduate,RENT,Personal,1
788,44200.0,0.0,178500.0,180,7800.0,0.26,0,8.9,Salaried,Graduate,RENT,Education,1
826,77900.0,29300.0,198800.0,36,40500.0,0.14,0,13.7,Salaried,Graduate,OWN,Home,1
757,63900.0,0.0,210600.0,36,27700.0,0.53,1,9.8,Self-Employed,Post Graduate,RENT,Home,0
692,31600.0,0.0,52500.0,60,15800.0,0.13,0,11.5,Unemployed,Post Graduate,OWN,Personal,1
712,56200.0,31700.0,219800.0,60,23900.0,0.28,0,1.8,Salaried,Graduate,RENT,Personal,0
690,16100.0,62300.0,295200.0,24,5600.0,0.26,3,7.5,Salaried,Post Graduate,MORTGAGE,Vehicle,0
602,70400.0,0.0,79300.0,120,4600.0,0.24,0,14.5,Salaried,Graduate,RENT,Personal,1
692,58600.0,34200.0,409200.0,60,25000.0,0.39,0,5.5,Salaried,Graduate,RENT,Education,0
576,71900.0,0.0,56100.0,180,29800.0,0.37,0,11.9,Salaried,Post Graduate,MORTGAGE,Business,0
679,92500.0,39300.0,347400.0,180,17300.0,0.37,1,3.2,Salaried,Graduate,OWN,Education,0
829,61100.0,40800.0,424300.0,48,27000.0,0.68,0,6.8,Salaried,Graduate,RENT,Personal,1
759,53600.0,0.0,229600.0,240,17700.0,0.34,0,0.5,Salaried,Graduate,OWN,Home,1
611,28900.0,51500.0,114800.0,120,9700.0,0.44,0,7.5,Self-Employed,Post Graduate,RENT,Vehicle,0
683,32000.0,0.0,34400.0,360,7100.0,0.37,0,3.8,Salaried,Post Graduate,RENT,Business,1
619,99900.0,0.0,339400.0,180,7000.0,0.19,0,13.7,Salaried,Graduate,MORTGAGE,Vehicle,0
684,116100.0,0.0,77500.0,120,15100.0,0.62,0,18.1,Business,Graduate,RENT,Home,1
778,42500.0,9100.0,126000.0,48,19600.0,0.34,0,0.5,Self-Employed,Graduate,OWN,Personal,1
745,50400.0,0.0,185700.0,36,8200.0,0.54,0,1.8,Salaried,Graduate,OWN,Vehicle,1
850,28500.0,0.0,78100.0,240,0.0,0.27,1,12.6,Salaried,Post Graduate,RENT,Vehicle,1
791,99100.0,0.0,124100.0,60,59300.0,0.56,0,4.1,Salaried,Post Graduate,MORTGAGE,Home,1
707,73100.0,0.0,179000.0,36,9200.0,0.22,0,7.5,Business,Post Graduate,OWN,Personal,1
747,157100.0,25900.0,765900.0,36,61800.0,0.64,0,15.5,Unemployed,Graduate,OWN,Education,0
672,28900.0,0.0,85800.0,60,16100.0,0.14,0,15.7,Salaried,Not Graduate,MORTGAGE,Education,1
594,39100.0,0.0,132400.0,48,14100.0,0.18,0,1.4,Salaried,Graduate,MORTGAGE,Personal,0
800,56300.0,35600.0,169600.0,24,27000.0,0.87,0,17.6,Business,Graduate,RENT,Education,1
775,72300.0,24700.0,121600.0,24,42400.0,0.6,0,11.3,Salaried,Post Graduate,OWN,Personal,1
669,43100.0,43100.0,131200.0,60,22200.0,0.31,0,13.0,Salaried,Graduate,OWN,Vehicle,1
713,29000.0,33600.0,164800.0,36,9700.0,0.39,1,4.6,Salaried,Graduate,MORTGAGE,Education,0
795,83200.0,0.0,134900.0,48,18200.0,0.53,0,4.1,Self-Employed,Graduate,RENT,Personal,1
761,75600.0,52400.0,341500.0,120,21900.0,0.42,0,0.5,Salaried,Not Graduate,OWN,Home,1
565,28300.0,13600.0,139600.0,120,14300.0,0.69,0,1.8,Salaried,Graduate,OWN,Vehicle,0
710,110600.0,0.0,380200.0,36,56600.0,0.25,1,11.4,Self-Employed,Graduate,MORTGAGE,Vehicle,0
675,98900.0,43600.0,165100.0,24,50200.0,0.36,0,10.3,Self-Employed,Not Graduate,OWN,Personal,0
784,53100.0,0.0,185900.0,60,19000.0,0.5,1,11.9,Unemployed,Not Graduate,RENT,Personal,1
777,51400.0,31400.0,264200.0,60,14700.0,0.38,0,9.2,Salaried,Post Graduate,MORTGAGE,Vehicle,1
802,68400.0,35300.0,56800.0,24,12800.0,0.29,0,7.9,Business,Graduate,MORTGAGE,Personal,1
594,29200.0,17500.0,34300.0,36,100.0,0.39,0,4.5,Salaried,Graduate,MORTGAGE,Education,1
623,49900.0,25900.0,233800.0,180,22900.0,0.41,0,6.6,Salaried,Post Graduate,OWN,Education,0
784,15000.0,24900.0,81200.0,240,2500.0,0.7,0,12.5,Salaried,Graduate,OWN,Education,1
639,82900.0,0.0,89900.0,48,16400.0,0.28,1,12.1,Salaried,Graduate,OWN,Home,1
560,19200.0,85000.0,70600.0,24,9700.0,0.69,0,9.2,Business,Graduate,OWN,Personal,0
735,120800.0,0.0,137400.0,36,3800.0,0.66,0,3.3,Salaried,Graduate,OWN,Home,1
643,40200.0,0.0,174100.0,36,22400.0,0.58,0,5.6,Business,Graduate,OWN,Home,0
842,43200.0,22100.0,222700.0,36,0.0,0.2,2,1.2,Self-Employed,Post Graduate,RENT,Home,1
715,33600.0,0.0,87700.0,48,18900.0,0.38,0,6.2,Salaried,Graduate,RENT,Personal,1
703,41200.0,0.0,175800.0,60,11200.0,0.45,0,0.5,Salaried,Graduate,OWN,Vehicle,1
658,114800.0,37200.0,452400.0,24,7000.0,0.53,0,6.3,Salaried,Graduate,OWN,Home,0
825,15000.0,42600.0,196000.0,180,6100.0,0.53,0,4.6,Self-Employed,Post Graduate,RENT,Personal,1
720,105500.0,0.0,172000.0,60,56700.0,0.55,1,7.9,Self-Employed,Graduate,OWN,Vehicle,0
655,60000.0,0.0,171400.0,60,15800.0,0.21,0,4.1,Salaried,Graduate,OWN,Education,0
622,23800.0,0.0,25600.0,360,9900.0,0.21,0,11.7,Salaried,Graduate,RENT,Home,0
683,25700.0,19300.0,95300.0,60,15100.0,0.27,0,0.5,Salaried,Graduate,RENT,Personal,0
606,134000.0,0.0,84800.0,240,19400.0,0.41,0,0.5,Self-Employed,Graduate,RENT,Home,0
777,27800.0,23600.0,70200.0,36,13700.0,0.48,0,6.6,Salaried,Not Graduate,RENT,Personal,1
536,24500.0,0.0,19600.0,36,4300.0,0.24,0,9.3,Business,Graduate,RENT,Personal,0
678,97000.0,0.0,199000.0,48,24800.0,0.66,1,5.9,Salaried,Post Graduate,RENT,Business,0
741,60100.0,87900.0,573100.0,48,10200.0,0.62,1,6.4,Self-Employed,Graduate,OWN,Personal,0
719,27900.0,0.0,56100.0,36,7500.0,0.69,1,8.5,Salaried,Not Graduate,RENT,Personal,0
629,55800.0,11600.0,257900.0,60,200.0,0.85,1,10.5,Salaried,Graduate,RENT,Personal,0
746,26500.0,0.0,82800.0,12,4800.0,0.27,0,5.9,Salaried,Not Graduate,RENT,Business,1
614,94900.0,40500.0,343700.0,60,25400.0,0.52,0,8.9,Self-Employed,Post Graduate,OWN,Business,0
688,92700.0,48400.0,204300.0,48,35200.0,0.3,0,12.9,Salaried,Post Graduate,OWN,Personal,1
745,67500.0,0.0,282700.0,60,25800.0,0.07,0,1.2,Salaried,Not Graduate,OWN,Business,1
729,60900.0,0.0,43700.0,48,21300.0,0.3,0,14.3,Salaried,Post Graduate,RENT,Personal,1
632,141000.0,0.0,459000.0,360,24800.0,0.84,0,13.9,Salaried,Not Graduate,RENT,Home,0
791,49000.0,25700.0,223000.0,36,27900.0,0.79,2,3.8,Business,Post Graduate,OWN,Education,0
697,24100.0,46900.0,160800.0,360,5700.0,0.29,0,10.6,Salaried,Post Graduate,RENT,Home,1
753,64200.0,20400.0,123600.0,24,8400.0,0.31,0,0.5,Unemployed,Graduate,MORTGAGE,Personal,1
819,171400.0,12700.0,409200.0,60,57000.0,0.3,0,9.5,Salaried,Graduate,OWN,Vehicle,1
784,26700.0,0.0,106600.0,48,12000.0,0.25,0,14.8,Business,Graduate,OWN,Education,1
785,39500.0,0.0,152000.0,120,300.0,0.45,0,2.8,Salaried,Graduate,MORTGAGE,Business,1
706,62900.0,0.0,268300.0,120,10400.0,0.54,0,4.2,Salaried,Graduate,RENT,Home,0
757,47500.0,0.0,82200.0,120,23500.0,0.42,0,9.8,Salaried,Graduate,OWN,Home,1
708,27200.0,0.0,55700.0,24,8300.0,0.03,4,6.3,Self-Employed,Graduate,RENT,Home,0
587,96100.0,9800.0,60900.0,120,23600.0,0.15,0,9.0,Business,Graduate,MORTGAGE,Personal,1
715,197200.0,29300.0,967600.0,36,110100.0,0.37,0,20.2,Salaried,Graduate,OWN,Personal,0
711,55100.0,24800.0,145200.0,12,3000.0,0.13,0,5.9,Self-Employed,Post Graduate,RENT,Vehicle,1
739,28500.0,0.0,60300.0,36,10500.0,0.19,1,0.5,Self-Employed,Post Graduate,OWN,Personal,1
679,19400.0,29600.0,202400.0,48,4000.0,0.37,1,4.7,Self-Employed,Post Graduate,OWN,Home,0
625,57200.0,45000.0,266400.0,60,2400.0,0.23,0,8.9,Salaried,Post Graduate,RENT,Business,0
745,95100.0,24200.0,329800.0,36,12200.0,0.04,0,1.6,Salaried,Not Graduate,RENT,Personal,1
578,65200.0,0.0,78600.0,24,24600.0,0.45,2,4.6,Salaried,Graduate,MORTGAGE,Home,0
813,49000.0,0.0,122200.0,60,800.0,0.14,0,13.9,Salaried,Graduate,MORTGAGE,Home,1
670,34400.0,0.0,143500.0,360,12200.0,0.12,0,16.2,Salaried,Graduate,OWN,Business,1
710,25500.0,0.0,69700.0,60,14600.0,0.31,0,6.0,Salaried,Not Graduate,RENT,Vehicle,0
737,80900.0,21300.0,155400.0,60,38600.0,0.37,0,6.2,Salaried,Graduate,MORTGAGE,Personal,1
740,84800.0,0.0,53000.0,60,17600.0,0.5,0,1.9,Salaried,Graduate,OWN,Personal,1
570,19400.0,0.0,35800.0,120,1600.0,0.34,2,9.3,Business,Graduate,RENT,Personal,0
760,127200.0,25100.0,425000.0,360,35500.0,0.52,0,20.0,Business,Graduate,OWN,Personal,1
715,69200.0,36400.0,70800.0,48,16300.0,0.36,1,6.2,Salaried,Graduate,OWN,Personal,1
636,113500.0,30400.0,422900.0,48,66200.0,0.28,1,6.3,Salaried,Post Graduate,RENT,Personal,0
626,21900.0,13200.0,91000.0,180,13000.0,0.55,0,10.5,Unemployed,Not Graduate,RENT,Home,0
661,21600.0,0.0,78500.0,360,5300.0,0.16,3,5.7,Salaried,Graduate,OWN,Business,0
579,44800.0,0.0,27600.0,24,4000.0,0.02,0,5.8,Unemployed,Graduate,OWN,Vehicle,1
836,66300.0,0.0,240200.0,60,36200.0,0.13,0,14.9,Salaried,Graduate,OWN,Personal,1
816,144000.0,14000.0,408200.0,120,68600.0,0.42,0,1.5,Business,Graduate,RENT,Vehicle,0
728,74900.0,47300.0,242200.0,48,23000.0,0.49,0,2.6,Salaried,Graduate,OWN,Business,1
671,42400.0,0.0,184900.0,48,9300.0,0.36,0,11.2,Self-Employed,Post Graduate,RENT,Vehicle,0
673,26500.0,43900.0,80300.0,60,7100.0,0.05,0,7.3,Salaried,Post Graduate,OWN,Home,1
754,102500.0,0.0,273200.0,36,55500.0,0.27,0,2.6,Salaried,Graduate,RENT,Personal,1
839,27500.0,22600.0,89400.0,36,3000.0,0.42,0,9.5,Self-Employed,Not Graduate,RENT,Vehicle,1
641,130200.0,0.0,339800.0,360,63000.0,0.38,1,6.3,Salaried,Graduate,MORTGAGE,Vehicle,0
595,41300.0,0.0,111900.0,60,500.0,0.2,0,8.9,Salaried,Post Graduate,MORTGAGE,Personal,1
821,127300.0,37100.0,141000.0,180,70300.0,0.56,0,6.6,Business,Post Graduate,MORTGAGE,Personal,1
538,73700.0,30100.0,326400.0,120,22100.0,0.26,1,0.6,Salaried,Graduate,RENT,Education,0
604,45200.0,25900.0,216000.0,60,6100.0,0.24,0,13.3,Salaried,Not Graduate,RENT,Business,0
669,35900.0,0.0,128400.0,120,100.0,0.47,0,16.5,Salaried,Graduate,MORTGAGE,Personal,1
557,40000.0,0.0,34500.0,36,13400.0,0.28,0,3.4,Salaried,Post Graduate,OWN,Business,0
784,63400.0,0.0,107100.0,60,9300.0,0.73,1,16.1,Salaried,Graduate,MORTGAGE,Personal,1
762,51300.0,19100.0,218300.0,60,19400.0,0.44,0,7.5,Salaried,Graduate,OWN,Home,1
641,34300.0,37800.0,75500.0,60,5800.0,0.44,0,0.5,Self-Employed,Graduate,RENT,Personal,0
798,44400.0,45300.0,288000.0,36,2300.0,0.42,0,10.1,Self-Employed,Graduate,MORTGAGE,Personal,1
813,51400.0,0.0,37800.0,36,15600.0,0.04,0,0.5,Salaried,Post Graduate,OWN,Personal,1
680,15000.0,69500.0,155500.0,36,5100.0,0.52,1,5.6,Salaried,Post Graduate,MORTGAGE,Education,0
651,64500.0,60900.0,487400.0,60,17500.0,0.39,2,11.5,Salaried,Graduate,MORTGAGE,Business,0
850,27200.0,33500.0,218300.0,360,7500.0,0.13,0,10.4,Salaried,Graduate,RENT,Personal,1
751,24500.0,0.0,75400.0,360,8700.0,0.06,0,4.4,Self-Employed,Graduate,OWN,Home,1
711,17800.0,14000.0,126600.0,36,5600.0,0.56,0,11.1,Business,Graduate,RENT,Home,1
805,16700.0,22200.0,129800.0,36,1300.0,0.34,4,12.5,Business,Graduate,OWN,Business,1
715,21700.0,39200.0,157000.0,12,2600.0,0.37,2,5.0,Salaried,Post Graduate,MORTGAGE,Personal,0
647,32000.0,67100.0,437900.0,36,2700.0,0.8,4,6.3,Salaried,Not Graduate,RENT,Home,0
696,158300.0,0.0,519100.0,120,65800.0,0.42,0,9.0,Salaried,Graduate,RENT,Personal,0
778,35800.0,48300.0,244300.0,240,11400.0,0.09,0,2.2,Salaried,Post Graduate,RENT,Business,1
520,54500.0,23800.0,167200.0,36,14100.0,0.48,1,3.9,Salaried,Post Graduate,OWN,Education,0
665,62300.0,0.0,256000.0,36,29800.0,0.67,1,13.0,Self-Employed,Graduate,RENT,Education,0
807,53000.0,0.0,89200.0,36,10400.0,0.27,0,19.5,Self-Employed,Graduate,RENT,Personal,1
646,46800.0,0.0,25100.0,36,16000.0,0.39,1,11.0,Salaried,Graduate,RENT,Personal,0
821,23900.0,21900.0,58900.0,120,1100.0,0.44,2,9.3,Salaried,Graduate,MORTGAGE,Vehicle,1
810,117100.0,0.0,109800.0,60,52300.0,0.19,1,17.1,Business,Post Graduate,OWN,Home,1
684,145000.0,30900.0,312400.0,120,60500.0,0.71,0,3.4,Self-Employed,Post Graduate,RENT,Personal,0
641,17900.0,0.0,68100.0,60,8600.0,0.65,0,8.4,Business,Graduate,OWN,Home,0
665,26500.0,8000.0,107200.0,36,14100.0,0.19,1,12.1,Unemployed,Graduate,OWN,Business,0
850,41400.0,0.0,48700.0,36,18800.0,0.59,0,3.8,Business,Graduate,RENT,Personal,1
849,27500.0,0.0,100500.0,12,13900.0,0.2,0,0.5,Business,Graduate,OWN,Business,1
700,66400.0,17300.0,210700.0,120,13800.0,0.37,0,12.1,Self-Employed,Graduate,OWN,Vehicle,1
638,31700.0,28900.0,154600.0,120,6500.0,0.58,0,12.8,Salaried,Post Graduate,MORTGAGE,Personal,0
699,179700.0,0.0,350100.0,120,101800.0,0.46,0,12.2,Salaried,Graduate,RENT,Vehicle,0
710,100100.0,0.0,396200.0,24,54900.0,0.71,0,12.3,Salaried,Post Graduate,OWN,Vehicle,0
584,55700.0,0.0,98800.0,120,18300.0,0.14,0,8.4,Salaried,Post Graduate,MORTGAGE,Education,0
696,90800.0,13900.0,91800.0,12,20000.0,0.59,0,8.7,Salaried,Not Graduate,MORTGAGE,Vehicle,1
802,95200.0,23100.0,202400.0,24,49500.0,0.42,0,9.1,Business,Post Graduate,OWN,Personal,1
537,34900.0,35800.0,237700.0,48,6800.0,0.09,1,13.5,Salaried,Graduate,MORTGAGE,Vehicle,0
760,30000.0,34400.0,201600.0,48,2800.0,0.51,0,9.4,Self-Employed,Post Graduate,RENT,Education,1
806,51400.0,34100.0,107100.0,120,19700.0,0.38,1,8.4,Business,Graduate,MORTGAGE,Personal,1
642,82200.0,0.0,77900.0,60,2100.0,0.12,0,9.7,Salaried,Post Graduate,MORTGAGE,Education,1
834,53300.0,22800.0,239200.0,36,12100.0,0.18,0,10.2,Salaried,Post Graduate,RENT,Education,1
631,19000.0,18700.0,120800.0,36,9200.0,0.4,0,2.7,Business,Post Graduate,OWN,Personal,0
727,30300.0,0.0,59500.0,36,5400.0,0.46,1,14.9,Salaried,Post Graduate,MORTGAGE,Personal,1
663,46900.0,0.0,181600.0,24,26200.0,0.39,0,4.7,Salaried,Graduate,RENT,Home,0
663,46800.0,0.0,206500.0,36,26800.0,0.68,0,8.4,Salaried,Post Graduate,OWN,Home,0
637,160100.0,0.0,211700.0,60,78400.0,0.3,1,3.3,Salaried,Graduate,RENT,Vehicle,0
749,21300.0,26300.0,133700.0,36,12600.0,0.19,0,7.0,Self-Employed,Not Graduate,RENT,Home,1
762,66400.0,19400.0,44700.0,120,21100.0,0.5,0,10.7,Self-Employed,Post Graduate,MORTGAGE,Vehicle,1
684,119800.0,13700.0,447500.0,48,40900.0,0.84,0,9.6,Salaried,Graduate,MORTGAGE,Home,0
574,191500.0,19500.0,455200.0,36,96100.0,0.1,0,5.3,Self-Employed,Graduate,OWN,Personal,0
724,38500.0,22800.0,78000.0,48,11400.0,0.19,0,4.6,Salaried,Post Graduate,OWN,Education,1
725,65800.0,8200.0,259700.0,60,16100.0,0.27,3,9.3,Salaried,Graduate,OWN,Business,0
671,69000.0,0.0,258200.0,48,25500.0,0.63,0,13.4,Self-Employed,Graduate,RENT,Home,0
848,55100.0,0.0,52100.0,12,21700.0,0.4,0,15.2,Self-Employed,Graduate,MORTGAGE,Vehicle,1
557,46200.0,35700.0,54400.0,240,20800.0,0.44,0,18.1,Salaried,Post Graduate,RENT,Vehicle,0
501,63700.0,0.0,117000.0,24,25500.0,0.5,0,4.5,Self-Employed,Post Graduate,RENT,Home,0
627,15000.0,0.0,45100.0,240,6700.0,0.24,3,4.1,Business,Graduate,OWN,Personal,0
750,73800.0,20400.0,346100.0,12,29900.0,0.37,3,7.4,Business,Graduate,RENT,Business,0
600,52900.0,29000.0,219800.0,120,15200.0,0.16,1,7.1,Self-Employed,Post Graduate,OWN,Vehicle,0
606,42900.0,0.0,121100.0,48,3500.0,0.44,0,0.8,Salaried,Graduate,OWN,Business,0
770,167400.0,43700.0,781000.0,48,78900.0,0.65,1,12.2,Self-Employed,Graduate,RENT,Vehicle,0
729,32700.0,34900.0,176800.0,24,600.0,0.4,0,4.1,Salaried,Graduate,OWN,Personal,1
722,38500.0,0.0,113400.0,36,22900.0,0.58,0,4.8,Salaried,Post Graduate,MORTGAGE,Home,0
756,161900.0,0.0,415300.0,120,80500.0,0.51,0,10.2,Business,Graduate,MORTGAGE,Personal,0
653,29800.0,11600.0,166500.0,180,12000.0,0.13,0,2.0,Business,Not Graduate,MORTGAGE,Personal,0
657,35200.0,0.0,50800.0,48,20400.0,0.28,2,6.7,Salaried,Graduate,RENT,Vehicle,0
758,44900.0,0.0,69900.0,36,16500.0,0.79,3,11.7,Salaried,Not Graduate,MORTGAGE,Home,0
575,81200.0,39000.0,121600.0,24,2700.0,0.73,2,8.2,Self-Employed,Graduate,MORTGAGE,Personal,0
507,55500.0,37600.0,351700.0,60,18600.0,0.38,0,11.7,Business,Graduate,OWN,Home,0
653,22600.0,0.0,48500.0,36,3800.0,0.1,0,12.9,Self-Employed,Post Graduate,RENT,Business,1
769,35600.0,0.0,67300.0,24,7900.0,0.4,2,7.6,Business,Post Graduate,RENT,Personal,1
711,34100.0,0.0,150900.0,60,9400.0,0.32,0,0.5,Business,Graduate,RENT,Home,0
762,46800.0,16700.0,267200.0,48,21800.0,0.29,0,14.1,Salaried,Graduate,MORTGAGE,Education,1
518,63300.0,0.0,277800.0,12,19100.0,0.35,0,7.8,Self-Employed,Graduate,OWN,Personal,0
716,63000.0,27700.0,97000.0,24,17900.0,0.1,0,12.0,Self-Employed,Graduate,OWN,Business,1
745,16900.0,29300.0,187800.0,60,3100.0,0.1,1,14.8,Self-Employed,Graduate,RENT,Education,1
575,92800.0,0.0,168400.0,24,30100.0,0.53,0,0.5,Salaried,Not Graduate,OWN,Personal,0
763,57000.0,33800.0,50000.0,180,8500.0,0.05,0,8.0,Self-Employed,Graduate,OWN,Home,1
680,112500.0,39600.0,314100.0,36,17600.0,0.27,0,15.7,Self-Employed,Graduate,OWN,Home,1
850,64000.0,25900.0,228100.0,24,29100.0,0.52,0,7.0,Self-Employed,Not Graduate,OWN,Personal,1
504,94900.0,0.0,88500.0,120,19500.0,0.47,0,12.9,Salaried,Post Graduate,OWN,Personal,0
806,64900.0,19100.0,222700.0,48,2000.0,0.94,0,2.5,Salaried,Post Graduate,MORTGAGE,Education,1
656,109900.0,22500.0,500200.0,36,22700.0,0.51,3,10.4,Self-Employed,Post Graduate,RENT,Personal,0
552,67100.0,22100.0,179300.0,48,25700.0,0.6,1,1.7,Salaried,Graduate,RENT,Personal,0
645,46200.0,0.0,88300.0,12,22600.0,0.57,0,12.5,Salaried,Graduate,OWN,Home,1
713,191700.0,22800.0,397900.0,60,110600.0,0.11,1,5.7,Business,Not Graduate,OWN,Home,0
778,83600.0,0.0,350500.0,36,37400.0,0.41,1,15.1,Salaried,Graduate,OWN,Personal,1
836,69200.0,0.0,48100.0,60,17800.0,0.55,0,15.3,Salaried,Graduate,MORTGAGE,Vehicle,1
810,22800.0,25600.0,110400.0,60,4100.0,0.16,0,5.0,Self-Employed,Post Graduate,OWN,Personal,1
607,22600.0,49700.0,112700.0,60,1800.0,0.3,1,16.4,Self-Employed,Graduate,OWN,Personal,1
786,58400.0,80900.0,567700.0,120,22000.0,0.45,0,5.1,Salaried,Post Graduate,RENT,Personal,0
723,53500.0,52500.0,93700.0,60,16400.0,0.4,0,11.4,Salaried,Graduate,OWN,Vehicle,1
634,33900.0,18300.0,112000.0,48,13800.0,0.23,1,7.8,Salaried,Graduate,MORTGAGE,Education,0
671,53300.0,0.0,113400.0,36,7600.0,0.61,0,5.9,Salaried,Graduate,MORTGAGE,Personal,1
629,127200.0,24800.0,616100.0,24,24700.0,0.4,1,12.0,Salaried,Graduate,MORTGAGE,Education,0
693,74400.0,0.0,101300.0,120,13000.0,0.41,1,5.4,Salaried,Post Graduate,RENT,Education,1
627,24700.0,0.0,76100.0,120,11800.0,0.69,1,5.2,Salaried,Graduate,OWN,Personal,0
602,45800.0,13900.0,61900.0,36,4700.0,0.28,0,8.0,Unemployed,Not Graduate,OWN,Education,0
730,30200.0,20900.0,220500.0,180,11000.0,0.28,3,12.5,Self-Employed,Not Graduate,OWN,Home,0
743,38800.0,39300.0,224300.0,60,1200.0,0.27,0,9.2,Self-Employed,Post Graduate,MORTGAGE,Personal,1
674,38200.0,38000.0,229000.0,48,12600.0,0.34,1,6.2,Self-Employed,Post Graduate,RENT,Vehicle,0
806,36800.0,0.0,82300.0,12,1400.0,0.23,0,5.4,Salaried,Graduate,MORTGAGE,Education,1
667,23100.0,0.0,43200.0,36,2400.0,0.42,0,7.0,Salaried,Post Graduate,RENT,Home,1
664,45400.0,8600.0,72900.0,60,3100.0,0.37,0,10.7,Business,Not Graduate,OWN,Vehicle,1
746,35000.0,0.0,102100.0,24,7300.0,0.56,0,2.6,Self-Employed,Not Graduate,OWN,Personal,1
678,15000.0,0.0,64800.0,48,3100.0,0.64,0,4.7,Self-Employed,Graduate,RENT,Personal,0
697,168000.0,17700.0,360100.0,360,83300.0,0.42,0,11.9,Unemployed,Graduate,OWN,Business,0
475,94200.0,0.0,379900.0,60,12800.0,0.57,0,3.9,Self-Employed,Not Graduate,RENT,Personal,0
691,39100.0,0.0,42800.0,48,2000.0,0.64,0,5.1,Salaried,Graduate,OWN,Education,1
534,49600.0,59600.0,463500.0,48,18000.0,0.49,0,7.8,Salaried,Graduate,MORTGAGE,Business,0
586,24300.0,18800.0,82000.0,12,10000.0,0.79,0,3.9,Salaried,Graduate,RENT,Personal,0
576,135600.0,30300.0,334900.0,360,24000.0,0.53,0,5.7,Business,Graduate,RENT,Business,0
601,153000.0,36400.0,445300.0,240,55300.0,0.54,1,8.7,Salaried,Graduate,MORTGAGE,Home,0
643,53900.0,57300.0,375100.0,60,25100.0,0.02,0,11.6,Salaried,Graduate,RENT,Business,0
648,90600.0,24900.0,390200.0,24,18900.0,0.25,0,4.2,Business,Graduate,MORTGAGE,Personal,0
746,54500.0,20500.0,181400.0,36,17200.0,0.57,0,3.9,Salaried,Graduate,OWN,Home,1
708,22000.0,0.0,57000.0,36,1900.0,0.71,0,13.7,Salaried,Graduate,MORTGAGE,Business,1
528,38300.0,0.0,23700.0,48,500.0,0.61,0,4.8,Business,Graduate,OWN,Personal,0
697,53100.0,24700.0,133600.0,36,31300.0,0.35,0,4.3,Self-Employed,Not Graduate,RENT,Personal,0
717,37300.0,16700.0,101700.0,60,6700.0,0.29,0,0.5,Salaried,Graduate,MORTGAGE,Personal,1
662,43000.0,12500.0,151800.0,48,7200.0,0.09,0,13.5,Salaried,Graduate,OWN,Business,1
684,46400.0,14600.0,166700.0,12,27100.0,0.37,0,14.9,Self-Employed,Graduate,OWN,Personal,1
706,46700.0,41400.0,294200.0,60,20400.0,0.27,0,7.9,Business,Post Graduate,OWN,Personal,0
754,50600.0,22900.0,247600.0,36,17800.0,0.39,0,9.0,Self-Employed,Graduate,OWN,Vehicle,1
556,25900.0,19900.0,66000.0,120,10900.0,0.39,0,8.0,Self-Employed,Graduate,RENT,Home,0
669,31900.0,0.0,114200.0,36,13600.0,0.38,1,2.5,Salaried,Graduate,OWN,Education,0
818,22700.0,28100.0,29400.0,36,10400.0,0.3,0,11.1,Business,Graduate,OWN,Education,1
810,88100.0,0.0,296400.0,12,3600.0,0.12,1,14.8,Self-Employed,Post Graduate,MORTGAGE,Education,1
762,15000.0,23500.0,35000.0,360,3700.0,0.5,2,8.0,Business,Post Graduate,OWN,Home,1
735,97900.0,52800.0,515200.0,60,17300.0,0.16,2,11.6,Salaried,Not Graduate,OWN,Business,0
830,112600.0,58000.0,445000.0,48,4800.0,0.59,0,3.6,Self-Employed,Graduate,OWN,Personal,1
850,40900.0,12000.0,119000.0,24,10100.0,0.11,0,3.2,Business,Graduate,OWN,Business,1
679,15000.0,31700.0,152400.0,60,5500.0,0.2,0,10.3,Salaried,Not Graduate,OWN,Personal,1
607,39500.0,0.0,25500.0,36,4200.0,0.2,1,15.6,Unemployed,Graduate,MORTGAGE,Personal,0
667,47200.0,0.0,65800.0,360,8600.0,0.04,0,5.0,Salaried,Graduate,OWN,Education,1
850,26700.0,31400.0,172300.0,360,10200.0,0.7,0,7.1,Salaried,Graduate,OWN,Business,1
556,36000.0,24200.0,234100.0,60,12500.0,0.37,0,10.6,Business,Graduate,RENT,Home,0
650,122800.0,30200.0,309700.0,360,64000.0,0.49,0,5.8,Salaried,Graduate,OWN,Personal,0
569,73100.0,0.0,112200.0,24,34700.0,0.3,1,10.4,Self-Employed,Post Graduate,RENT,Home,0
700,28100.0,31200.0,152700.0,36,16300.0,0.76,0,3.2,Salaried,Graduate,OWN,Business,0
587,18800.0,19500.0,114500.0,36,6700.0,0.2,0,10.2,Self-Employed,Post Graduate,RENT,Home,0
680,40300.0,19600.0,130600.0,24,16900.0,0.58,0,6.8,Self-Employed,Graduate,OWN,Personal,0
524,43100.0,13100.0,225200.0,360,22300.0,0.58,0,0.5,Salaried,Graduate,RENT,Home,0
742,66000.0,17600.0,216800.0,24,33300.0,0.41,0,2.8,Salaried,Post Graduate,RENT,Home,1
793,35600.0,71800.0,69100.0,180,15400.0,0.14,0,9.6,Business,Graduate,RENT,Personal,1
657,66600.0,18100.0,117900.0,120,20000.0,0.62,1,14.8,Business,Graduate,MORTGAGE,Business,0
678,156500.0,14800.0,394400.0,36,25700.0,0.49,1,1.4,Business,Graduate,MORTGAGE,Education,0
676,80000.0,0.0,263300.0,12,42100.0,0.26,0,13.1,Salaried,Graduate,MORTGAGE,Personal,1
705,47600.0,25500.0,100800.0,12,22200.0,0.83,1,10.1,Self-Employed,Not Graduate,OWN,Business,0
686,43900.0,0.0,193400.0,36,22100.0,0.09,0,12.8,Unemployed,Graduate,MORTGAGE,Education,1
755,39600.0,0.0,70300.0,48,3300.0,0.4,0,7.2,Salaried,Graduate,OWN,Education,1
794,99500.0,35400.0,354800.0,48,18800.0,0.41,0,11.2,Business,Graduate,OWN,Education,1
620,33600.0,0.0,19300.0,60,8600.0,0.51,0,17.2,Salaried,Graduate,RENT,Business,0
663,50400.0,21800.0,291700.0,120,25400.0,0.86,0,9.0,Salaried,Post Graduate,MORTGAGE,Business,0
766,50600.0,20900.0,261400.0,36,27100.0,0.29,0,3.1,Salaried,Post Graduate,MORTGAGE,Personal,1
569,36300.0,41700.0,100000.0,36,6200.0,0.19,0,15.2,Salaried,Post Graduate,RENT,Personal,0
522,21500.0,23100.0,188800.0,120,8900.0,0.28,0,10.7,Salaried,Graduate,OWN,Home,0
709,59500.0,0.0,104900.0,36,2800.0,0.44,0,9.2,Salaried,Post Graduate,OWN,Home,1
732,47300.0,26300.0,240600.0,36,11600.0,0.92,0,16.9,Salaried,Not Graduate,RENT,Home,1
628,66200.0,0.0,250000.0,120,19300.0,0.13,0,15.0,Salaried,Post Graduate,RENT,Home,0
640,35600.0,80200.0,401100.0,240,16400.0,0.16,0,10.4,Salaried,Not Graduate,OWN,Business,0
625,102000.0,16600.0,494600.0,240,54600.0,0.9,3,3.5,Salaried,Not Graduate,MORTGAGE,Personal,0
616,29000.0,0.0,114800.0,24,5900.0,0.29,1,6.2,Business,Not Graduate,OWN,Personal,0
748,136900.0,30600.0,750100.0,48,43300.0,0.08,0,9.0,Salaried,Graduate,RENT,Home,0
589,17200.0,23300.0,49800.0,24,6700.0,0.46,0,7.9,Business,Graduate,RENT,Personal,0
667,63600.0,23300.0,149400.0,360,12500.0,0.34,0,5.6,Salaried,Post Graduate,MORTGAGE,Education,1
613,65200.0,33200.0,299600.0,36,38600.0,0.38,1,7.0,Salaried,Graduate,RENT,Home,0
566,30400.0,0.0,104300.0,36,16000.0,0.34,0,13.3,Salaried,Graduate,OWN,Vehicle,0
763,63200.0,39500.0,271000.0,180,11200.0,0.31,0,9.0,Business,Graduate,RENT,Personal,1
645,105600.0,56300.0,128800.0,360,32200.0,0.72,1,5.6,Business,Graduate,OWN,Vehicle,0
706,15000.0,15900.0,119500.0,60,2100.0,0.28,0,11.3,Salaried,Graduate,OWN,Personal,1
561,66300.0,0.0,288000.0,24,20500.0,0.09,0,10.8,Salaried,Not Graduate,RENT,Education,0
626,15000.0,29100.0,93600.0,48,6100.0,0.63,1,7.8,Self-Employed,Post Graduate,MORTGAGE,Personal,0
754,27500.0,0.0,38500.0,120,1400.0,0.14,1,2.5,Salaried,Graduate,MORTGAGE,Vehicle,1
850,130300.0,0.0,75200.0,60,68000.0,0.28,0,7.4,Business,Graduate,RENT,Vehicle,1
522,34600.0,24100.0,85100.0,24,12300.0,0.53,1,7.9,Self-Employed,Graduate,RENT,Home,0
672,24200.0,22000.0,152400.0,36,14400.0,0.45,0,12.4,Business,Graduate,RENT,Business,0
725,43500.0,35100.0,325900.0,180,700.0,0.16,0,4.4,Salaried,Post Graduate,MORTGAGE,Home,1
637,169500.0,11100.0,157900.0,48,84600.0,0.18,0,6.6,Salaried,Not Graduate,OWN,Business,1
762,16300.0,23900.0,109100.0,60,7700.0,0.39,0,15.7,Business,Graduate,RENT,Personal,1
616,26100.0,0.0,85700.0,36,2100.0,0.53,0,6.8,Salaried,Graduate,OWN,Personal,1
703,120400.0,17000.0,220600.0,48,24200.0,0.69,0,7.9,Salaried,Post Graduate,OWN,Business,1
645,149400.0,0.0,415300.0,360,79300.0,0.4,1,17.1,Self-Employed,Graduate,MORTGAGE,Personal,0
793,46100.0,15800.0,208000.0,36,14300.0,0.63,0,3.5,Salaried,Graduate,OWN,Vehicle,1
632,23300.0,0.0,89700.0,60,5600.0,0.73,0,14.6,Business,Not Graduate,OWN,Education,0
660,172400.0,0.0,398200.0,36,93700.0,0.49,0,6.1,Unemployed,Post Graduate,MORTGAGE,Business,0
770,127600.0,52900.0,630200.0,24,7100.0,0.11,0,9.1,Salaried,Graduate,RENT,Business,1
602,73700.0,0.0,125800.0,120,20900.0,0.24,0,9.5,Salaried,Graduate,RENT,Home,0
695,30100.0,0.0,40700.0,120,11800.0,0.3,0,6.8,Salaried,Graduate,OWN,Education,1
535,47600.0,38200.0,107200.0,60,17400.0,0.62,0,3.3,Salaried,Not Graduate,RENT,Personal,0
597,44500.0,0.0,86100.0,36,7100.0,0.38,0,4.7,Salaried,Graduate,OWN,Personal,0
722,59800.0,0.0,38500.0,36,20200.0,0.72,0,7.0,Salaried,Graduate,RENT,Education,1
605,117100.0,0.0,191100.0,240,49800.0,0.6,1,4.1,Salaried,Not Graduate,OWN,Personal,0
643,83100.0,28400.0,346600.0,36,29200.0,0.53,0,8.0,Salaried,Not Graduate,RENT,Personal,0
731,25700.0,20500.0,142800.0,120,10600.0,0.43,0,4.2,Self-Employed,Graduate,OWN,Personal,1
640,112000.0,42600.0,122800.0,36,17200.0,0.31,0,3.5,Unemployed,Not Graduate,RENT,Personal,0
759,59200.0,39100.0,162200.0,240,29600.0,0.52,0,0.5,Salaried,Post Graduate,MORTGAGE,Vehicle,1
708,74000.0,0.0,205600.0,240,20000.0,0.58,0,16.4,Self-Employed,Graduate,RENT,Personal,0
727,118200.0,15100.0,236500.0,12,70000.0,0.51,0,7.5,Self-Employed,Not Graduate,OWN,Business,1
795,25200.0,0.0,54700.0,120,400.0,0.24,0,4.6,Salaried,Graduate,MORTGAGE,Personal,1
717,48000.0,16200.0,215100.0,36,11000.0,0.08,2,3.1,Self-Employed,Graduate,RENT,Personal,0
820,35600.0,18400.0,29000.0,36,3900.0,0.4,0,5.3,Salaried,Graduate,OWN,Home,1
767,19100.0,16500.0,57200.0,48,6400.0,0.37,0,0.5,Salaried,Post Graduate,OWN,Vehicle,1
645,60400.0,0.0,64600.0,60,8800.0,0.54,2,5.0,Salaried,Graduate,OWN,Vehicle,0
799,221200.0,0.0,223500.0,36,97900.0,0.5,0,11.5,Salaried,Graduate,OWN,Personal,1
712,16300.0,26800.0,186900.0,60,8600.0,0.49,1,4.8,Salaried,Post Graduate,OWN,Home,0
656,48100.0,0.0,96500.0,36,6100.0,0.69,0,11.1,Salaried,Not Graduate,MORTGAGE,Vehicle,1
713,72000.0,12500.0,220400.0,12,6900.0,0.6,0,12.6,Salaried,Graduate,OWN,Home,1
784,52800.0,35500.0,303300.0,60,27700.0,0.44,0,11.2,Salaried,Not Graduate,RENT,Home,1
728,45800.0,18200.0,44100.0,48,9900.0,0.55,0,8.2,Salaried,Graduate,RENT,Education,1
844,22500.0,0.0,32900.0,60,5900.0,0.33,0,13.9,Salaried,Graduate,RENT,Home,1
782,56400.0,22500.0,302100.0,60,7500.0,0.48,0,13.6,Self-Employed,Graduate,MORTGAGE,Home,1
734,31100.0,40900.0,284300.0,180,7900.0,0.59,0,4.5,Salaried,Graduate,MORTGAGE,Vehicle,1
602,15000.0,24900.0,79500.0,48,2100.0,0.53,3,3.7,Unemployed,Post Graduate,RENT,Business,0
674,100400.0,0.0,200700.0,12,40100.0,0.04,0,5.8,Salaried,Graduate,MORTGAGE,Home,0
696,87100.0,0.0,307300.0,60,26100.0,0.39,0,6.4,Salaried,Graduate,RENT,Personal,0
749,50600.0,0.0,85000.0,60,23900.0,0.91,0,13.9,Salaried,Not Graduate,RENT,Business,1
744,56200.0,0.0,54400.0,48,10500.0,0.09,1,12.0,Self-Employed,Post Graduate,OWN,Vehicle,1
704,93400.0,25700.0,182200.0,60,28300.0,0.51,1,8.7,Self-Employed,Graduate,RENT,Education,0
700,56100.0,26900.0,170100.0,36,8700.0,0.45,0,8.9,Business,Post Graduate,OWN,Education,0
751,84300.0,0.0,59800.0,24,47300.0,0.57,0,2.5,Salaried,Graduate,OWN,Vehicle,1
617,41000.0,16700.0,139300.0,60,12800.0,0.72,1,13.5,Salaried,Graduate,OWN,Vehicle,0
834,107700.0,0.0,372600.0,36,11200.0,0.21,0,8.9,Business,Graduate,RENT,Vehicle,1
515,59400.0,0.0,151800.0,48,9700.0,0.48,0,2.8,Self-Employed,Graduate,OWN,Business,0
813,55100.0,0.0,43400.0,48,2700.0,0.19,0,0.5,Salaried,Post Graduate,MORTGAGE,Home,1
686,22900.0,0.0,51800.0,48,400.0,0.49,0,1.6,Business,Post Graduate,MORTGAGE,Personal,1
775,58200.0,52400.0,368900.0,60,18400.0,0.38,0,8.4,Self-Employed,Not Graduate,OWN,Home,1
720,29800.0,0.0,21800.0,12,6000.0,0.09,0,0.5,Salaried,Graduate,MORTGAGE,Vehicle,1
719,33400.0,27200.0,44800.0,360,19300.0,0.45,0,2.2,Salaried,Graduate,RENT,Home,1
737,30100.0,26900.0,113000.0,60,3100.0,0.53,0,10.4,Salaried,Not Graduate,MORTGAGE,Business,1
758,25900.0,20400.0,59300.0,48,12300.0,0.44,0,5.8,Self-Employed,Graduate,OWN,Personal,1
662,175400.0,0.0,743500.0,36,33300.0,0.16,0,0.5,Salaried,Graduate,MORTGAGE,Vehicle,0
777,109000.0,0.0,308000.0,24,14600.0,0.22,0,4.8,Salaried,Graduate,MORTGAGE,Personal,1
597,155200.0,0.0,256000.0,60,90300.0,0.8,0,7.5,Salaried,Graduate,RENT,Vehicle,0
689,23500.0,12500.0,119500.0,36,11300.0,0.27,0,12.7,Business,Graduate,OWN,Home,1
761,51200.0,0.0,102400.0,36,19400.0,0.12,0,10.3,Salaried,Graduate,RENT,Business,1
774,22600.0,31600.0,55700.0,36,9500.0,0.25,0,10.1,Self-Employed,Graduate,RENT,Education,1
729,32300.0,15400.0,69100.0,60,19200.0,0.37,0,11.6,Self-Employed,Graduate,MORTGAGE,Vehicle,1
656,28300.0,18600.0,144000.0,60,10100.0,0.44,1,0.5,Self-Employed,Graduate,MORTGAGE,Personal,0
766,103100.0,17500.0,85300.0,60,6300.0,0.58,0,14.2,Self-Employed,Graduate,MORTGAGE,Vehicle,1
633,38600.0,0.0,61400.0,180,1500.0,0.3,2,14.2,Self-Employed,Graduate,RENT,Home,0
838,93100.0,22900.0,154700.0,36,37200.0,0.35,0,4.9,Salaried,Graduate,RENT,Home,1
682,70400.0,23500.0,122500.0,60,27800.0,0.45,0,0.5,Salaried,Not Graduate,MORTGAGE,Vehicle,1
559,195300.0,19400.0,693700.0,24,87700.0,0.61,0,14.6,Salaried,Graduate,RENT,Personal,0
588,20200.0,18400.0,146800.0,48,1300.0,0.49,2,0.5,Salaried,Post Graduate,RENT,Personal,0
693,104400.0,24000.0,431900.0,60,59200.0,0.42,0,9.9,Salaried,Post Graduate,OWN,Home,0
701,97500.0,0.0,300600.0,36,32200.0,0.55,0,5.7,Salaried,Post Graduate,OWN,Education,1
850,27300.0,0.0,113700.0,36,10600.0,0.45,0,5.0,Self-Employed,Post Graduate,OWN,Personal,1
601,89700.0,0.0,65800.0,120,1900.0,0.56,0,5.8,Salaried,Not Graduate,RENT,Education,0
693,60000.0,0.0,70200.0,24,34600.0,0.19,0,8.7,Salaried,Post Graduate,RENT,Home,1
599,42800.0,0.0,92300.0,48,14400.0,0.23,0,0.5,Business,Not Graduate,RENT,Home,0
648,29900.0,35000.0,129100.0,240,10100.0,0.76,0,7.0,Self-Employed,Graduate,MORTGAGE,Personal,0
833,31800.0,36400.0,148100.0,48,18000.0,0.49,1,0.9,Salaried,Post Graduate,RENT,Home,1
593,167700.0,21600.0,251000.0,60,93500.0,0.75,0,5.5,Salaried,Not Graduate,OWN,Personal,0
739,49000.0,12700.0,67700.0,120,6500.0,0.38,0,8.8,Salaried,Graduate,RENT,Personal,1
723,78400.0,27000.0,267400.0,36,43800.0,0.17,4,12.4,Salaried,Post Graduate,RENT,Personal,0
687,30500.0,0.0,128500.0,36,13500.0,0.78,0,4.3,Self-Employed,Post Graduate,RENT,Home,0
734,30700.0,0.0,63500.0,120,300.0,0.55,0,17.0,Salaried,Graduate,OWN,Personal,1
591,93800.0,13000.0,71900.0,120,13500.0,0.61,0,3.5,Self-Employed,Graduate,OWN,Business,1
830,21800.0,0.0,72500.0,24,5400.0,0.21,0,3.7,Self-Employed,Graduate,OWN,Education,1
850,38200.0,0.0,63600.0,36,13400.0,0.71,0,13.1,Salaried,Not Graduate,MORTGAGE,Home,1
694,50000.0,0.0,74000.0,36,21000.0,0.38,0,6.8,Salaried,Graduate,RENT,Home,1
850,52400.0,0.0,94200.0,120,6600.0,0.69,0,8.9,Salaried,Post Graduate,RENT,Home,1
656,44000.0,15500.0,202000.0,48,22100.0,0.14,0,5.6,Salaried,Graduate,RENT,Home,0
724,62200.0,21600.0,316400.0,240,31600.0,0.3,1,6.1,Business,Graduate,OWN,Business,0
811,74300.0,35100.0,312000.0,360,28300.0,0.65,1,9.7,Salaried,Post Graduate,RENT,Personal,1
650,76200.0,22600.0,176800.0,120,42100.0,0.49,2,14.4,Self-Employed,Graduate,RENT,Personal,0
572,27100.0,0.0,47200.0,60,13200.0,0.07,1,8.7,Business,Post Graduate,OWN,Vehicle,0
553,41300.0,0.0,41200.0,36,5500.0,0.37,0,10.1,Salaried,Post Graduate,OWN,Business,0
850,100400.0,0.0,425000.0,24,48100.0,0.49,0,12.9,Salaried,Graduate,RENT,Education,1
645,83900.0,0.0,256100.0,60,48000.0,0.59,0,5.7,Self-Employed,Post Graduate,MORTGAGE,Personal,0
674,21500.0,31600.0,32300.0,36,1800.0,0.29,0,3.1,Salaried,Graduate,RENT,Business,1
595,60500.0,11700.0,227400.0,36,35500.0,0.13,0,2.9,Self-Employed,Graduate,MORTGAGE,Vehicle,0
770,15000.0,39300.0,124300.0,60,200.0,0.17,0,3.6,Business,Graduate,MORTGAGE,Personal,1
623,50400.0,0.0,221300.0,48,15800.0,0.12,0,2.8,Salaried,Post Graduate,RENT,Personal,0
648,153100.0,58700.0,799800.0,120,71100.0,0.69,0,13.5,Salaried,Not Graduate,RENT,Vehicle,0
715,27800.0,26300.0,64100.0,36,13200.0,0.27,0,0.5,Self-Employed,Graduate,MORTGAGE,Personal,1
599,29700.0,14400.0,149100.0,36,13100.0,0.47,0,11.0,Salaried,Graduate,RENT,Home,0
674,77500.0,15200.0,226400.0,48,24600.0,0.41,0,1.9,Business,Not Graduate,RENT,Personal,0
809,19400.0,32000.0,64200.0,360,7600.0,0.28,0,17.0,Business,Graduate,RENT,Education,1
726,33500.0,22100.0,183200.0,120,14100.0,0.26,4,10.0,Self-Employed,Graduate,RENT,Personal,0
701,70100.0,25600.0,257400.0,36,20800.0,0.65,2,3.6,Salaried,Not Graduate,RENT,Home,0
708,33500.0,0.0,20800.0,36,12000.0,0.34,0,5.3,Salaried,Graduate,RENT,Vehicle,1
656,42500.0,19000.0,189800.0,240,21600.0,0.49,2,7.6,Salaried,Graduate,OWN,Education,0
850,76600.0,0.0,232900.0,24,14400.0,0.3,0,11.2,Salaried,Not Graduate,RENT,Business,1
620,63100.0,0.0,67900.0,36,19800.0,0.51,0,9.7,Salaried,Graduate,MORTGAGE,Home,0
707,57500.0,30800.0,167400.0,36,300.0,0.66,0,7.9,Salaried,Post Graduate,RENT,Education,1
699,40000.0,12000.0,147900.0,60,16500.0,0.29,0,4.5,Self-Employed,Graduate,OWN,Home,1
775,61200.0,0.0,64600.0,48,7200.0,0.25,0,6.6,Self-Employed,Graduate,MORTGAGE,Personal,1
783,45500.0,15000.0,236600.0,24,13100.0,0.33,0,14.7,Unemployed,Not Graduate,MORTGAGE,Home,1
687,64500.0,0.0,39300.0,60,8100.0,0.35,0,18.6,Salaried,Graduate,RENT,Personal,1
714,36400.0,17800.0,49400.0,24,500.0,0.39,0,13.5,Salaried,Not Graduate,RENT,Personal,1
717,43900.0,118700.0,156800.0,60,12700.0,0.03,0,3.2,Salaried,Post Graduate,MORTGAGE,Home,1
496,27100.0,56000.0,217100.0,48,6900.0,0.06,1,15.2,Business,Post Graduate,MORTGAGE,Home,0
554,48000.0,18100.0,197000.0,48,12200.0,0.34,0,6.3,Salaried,Not Graduate,MORTGAGE,Home,0
638,30100.0,0.0,63700.0,24,3800.0,0.26,3,8.0,Business,Post Graduate,RENT,Home,0
642,25100.0,39200.0,106400.0,60,14300.0,0.68,4,1.7,Business,Graduate,RENT,Vehicle,0
588,57300.0,0.0,214100.0,48,100.0,0.53,0,8.6,Salaried,Graduate,OWN,Home,0
753,55700.0,33600.0,69000.0,48,29800.0,0.33,0,4.1,Salaried,Not Graduate,RENT,Education,1
690,78400.0,50300.0,208600.0,60,34700.0,0.39,0,14.9,Salaried,Post Graduate,OWN,Business,1
671,37800.0,25300.0,41400.0,60,3900.0,0.6,0,20.7,Salaried,Graduate,MORTGAGE,Home,1
583,62600.0,0.0,34800.0,12,17700.0,0.33,0,8.0,Salaried,Graduate,RENT,Education,0
686,68200.0,0.0,130500.0,24,40500.0,0.85,0,10.4,Salaried,Post Graduate,MORTGAGE,Education,0
466,64000.0,0.0,81900.0,36,24700.0,0.58,0,6.5,Self-Employed,Post Graduate,RENT,Home,0
676,29900.0,32300.0,97900.0,60,2300.0,0.68,0,8.6,Salaried,Graduate,RENT,Personal,1
695,53600.0,31100.0,320500.0,60,14700.0,0.5,0,5.0,Salaried,Graduate,RENT,Personal,0
710,61000.0,0.0,70300.0,120,17100.0,0.15,0,9.6,Self-Employed,Graduate,OWN,Personal,1
557,49200.0,9600.0,212900.0,60,23700.0,0.21,3,10.0,Salaried,Graduate,OWN,Education,0
709,15000.0,31400.0,148500.0,180,8200.0,0.48,0,9.5,Salaried,Graduate,RENT,Personal,1
601,54000.0,0.0,97500.0,36,2700.0,0.11,0,11.7,Salaried,Graduate,MORTGAGE,Vehicle,1
620,184900.0,62000.0,663200.0,36,34800.0,0.21,0,6.2,Salaried,Graduate,RENT,Education,0
751,39500.0,12500.0,118400.0,120,7100.0,0.39,0,21.4,Self-Employed,Graduate,MORTGAGE,Vehicle,1
850,31700.0,58600.0,91500.0,36,18900.0,0.26,0,4.7,Self-Employed,Post Graduate,MORTGAGE,Business,1
694,61300.0,0.0,253100.0,48,20600.0,0.29,0,4.7,Salaried,Post Graduate,OWN,Home,0
620,59100.0,0.0,164200.0,36,31200.0,0.77,0,0.5,Salaried,Graduate,RENT,Personal,0
706,100300.0,0.0,403300.0,240,25600.0,0.23,1,11.8,Salaried,Graduate,RENT,Business,0
769,23000.0,0.0,87300.0,48,10000.0,0.56,0,0.5,Salaried,Post Graduate,OWN,Business,0
742,76000.0,0.0,62300.0,36,13100.0,0.63,1,6.3,Self-Employed,Graduate,OWN,Personal,1
850,69900.0,30400.0,133300.0,60,38200.0,0.32,0,4.2,Salaried,Graduate,OWN,Vehicle,1
629,45000.0,21100.0,71500.0,36,12300.0,0.48,1,0.8,Salaried,Graduate,RENT,Personal,0
711,60100.0,26500.0,331100.0,240,29000.0,0.23,2,8.3,Salaried,Graduate,RENT,Personal,0
821,90900.0,0.0,359000.0,36,14000.0,0.72,0,16.8,Self-Employed,Post Graduate,OWN,Education,1
816,82700.0,26300.0,284700.0,60,34400.0,0.57,0,11.6,Salaried,Graduate,MORTGAGE,Personal,1
524,24700.0,8400.0,30300.0,36,6000.0,0.3,0,4.2,Business,Post Graduate,OWN,Business,0
689,80200.0,33300.0,118300.0,120,1500.0,0.04,0,18.0,Salaried,Post Graduate,RENT,Home,1
816,47200.0,25300.0,272200.0,180,11700.0,0.5,0,4.3,Salaried,Graduate,MORTGAGE,Vehicle,1
850,51200.0,22700.0,311600.0,120,16900.0,0.17,1,13.5,Business,Post Graduate,RENT,Personal,1
749,51200.0,30000.0,105400.0,120,4700.0,0.29,0,0.5,Self-Employed,Post Graduate,RENT,Business,1
658,44800.0,0.0,24400.0,24,4900.0,0.6,0,6.8,Salaried,Post Graduate,OWN,Personal,1
604,100200.0,70600.0,311500.0,240,27900.0,0.33,0,2.1,Salaried,Graduate,RENT,Education,0
850,46600.0,0.0,29000.0,60,9600.0,0.55,1,18.4,Salaried,Graduate,RENT,Education,1
751,25000.0,0.0,95300.0,180,6600.0,0.39,0,4.5,Self-Employed,Graduate,MORTGAGE,Personal,0
617,38700.0,0.0,95400.0,60,10700.0,0.28,0,2.9,Salaried,Graduate,MORTGAGE,Business,0
672,54600.0,0.0,167500.0,36,4600.0,0.06,0,10.3,Business,Post Graduate,OWN,Home,1
716,102500.0,0.0,220000.0,60,11100.0,0.64,0,6.8,Salaried,Post Graduate,RENT,Vehicle,1
736,70400.0,0.0,132500.0,24,35800.0,0.45,3,18.7,Self-Employed,Post Graduate,MORTGAGE,Education,0
613,29400.0,0.0,40800.0,60,2900.0,0.74,4,9.5,Self-Employed,Post Graduate,RENT,Personal,0
637,217800.0,35400.0,907000.0,48,87000.0,0.07,0,8.3,Salaried,Graduate,RENT,Business,0
549,57500.0,0.0,188700.0,36,14400.0,0.18,0,11.6,Business,Not Graduate,MORTGAGE,Home,0
778,105400.0,13000.0,230000.0,360,61200.0,0.38,1,6.9,Salaried,Not Graduate,MORTGAGE,Personal,1
660,44800.0,0.0,79900.0,240,1800.0,0.31,0,9.2,Salaried,Graduate,OWN,Personal,1
729,67500.0,23900.0,46200.0,180,33600.0,0.34,0,3.8,Salaried,Not Graduate,OWN,Personal,1
810,81100.0,45500.0,95500.0,120,23900.0,0.19,0,4.9,Unemployed,Graduate,MORTGAGE,Education,1
708,101800.0,31400.0,398700.0,60,300.0,0.41,0,3.4,Salaried,Graduate,OWN,Personal,1
680,92400.0,60200.0,390400.0,60,14600.0,0.46,2,10.0,Unemployed,Graduate,MORTGAGE,Home,0
706,82700.0,0.0,185200.0,24,20200.0,0.41,0,4.7,Salaried,Graduate,OWN,Vehicle,1
695,40600.0,21400.0,236200.0,240,7700.0,0.71,1,11.9,Business,Not Graduate,OWN,Business,0
795,34800.0,11000.0,115200.0,180,7600.0,0.56,0,3.7,Salaried,Graduate,RENT,Vehicle,1
716,59800.0,53800.0,231500.0,60,32900.0,0.27,0,3.2,Salaried,Graduate,OWN,Personal,1
643,85800.0,53100.0,159000.0,240,18600.0,0.28,0,9.2,Business,Post Graduate,OWN,Home,1
779,42900.0,0.0,162300.0,60,10800.0,0.27,1,8.7,Salaried,Post Graduate,RENT,Education,1
794,92900.0,57200.0,421000.0,48,42400.0,0.43,0,12.3,Self-Employed,Post Graduate,OWN,Business,1
576,117200.0,0.0,101900.0,360,55800.0,0.41,0,2.1,Business,Post Graduate,OWN,Home,0
820,28300.0,29200.0,178000.0,48,1400.0,0.39,0,0.5,Business,Graduate,OWN,Home,1
721,29700.0,0.0,65300.0,60,12500.0,0.54,0,14.1,Self-Employed,Post Graduate,RENT,Personal,1
714,45100.0,52700.0,366300.0,36,13100.0,0.73,0,1.2,Salaried,Post Graduate,MORTGAGE,Home,0
775,59000.0,0.0,246400.0,60,4700.0,0.72,1,12.1,Salaried,Graduate,OWN,Home,1
641,35800.0,0.0,103900.0,60,5700.0,0.31,0,0.5,Self-Employed,Graduate,RENT,Education,0
771,110300.0,36600.0,503300.0,60,3000.0,0.47,1,10.8,Business,Post Graduate,RENT,Vehicle,0
657,63200.0,22000.0,61900.0,48,13700.0,0.59,0,7.9,Salaried,Graduate,OWN,Business,1
564,50200.0,26200.0,209400.0,36,7700.0,0.3,0,10.0,Salaried,Post Graduate,OWN,Vehicle,0
605,20700.0,0.0,72900.0,60,4700.0,0.59,0,11.8,Salaried,Graduate,OWN,Vehicle,0
738,22300.0,0.0,55500.0,240,7800.0,0.45,0,12.7,Salaried,Not Graduate,RENT,Home,1
609,58000.0,22400.0,231100.0,12,25500.0,0.52,0,10.3,Salaried,Not Graduate,MORTGAGE,Education,0
826,15000.0,19600.0,141700.0,24,5400.0,0.69,0,12.2,Salaried,Post Graduate,RENT,Home,1
791,90000.0,28800.0,153500.0,24,36600.0,0.78,1,13.6,Self-Employed,Not Graduate,OWN,Personal,1
803,44600.0,22900.0,60300.0,240,23200.0,0.36,0,14.4,Salaried,Graduate,OWN,Business,1
700,343100.0,34600.0,1000000.0,60,179900.0,0.52,0,10.6,Salaried,Graduate,MORTGAGE,Personal,0
711,195800.0,12000.0,787900.0,360,101100.0,0.54,0,3.3,Business,Graduate,OWN,Personal,0
588,44000.0,25400.0,270800.0,60,4000.0,0.42,0,6.7,Salaried,Graduate,RENT,Personal,0
774,46000.0,28700.0,229100.0,48,6900.0,0.18,0,7.5,Salaried,Graduate,OWN,Personal,1
722,89100.0,23000.0,429700.0,120,26900.0,0.3,0,4.6,Salaried,Graduate,OWN,Personal,0
738,136200.0,24700.0,531400.0,36,29300.0,0.17,0,2.3,Self-Employed,Not Graduate,OWN,Education,1
833,18300.0,12200.0,25900.0,36,1400.0,0.21,0,12.6,Self-Employed,Graduate,MORTGAGE,Business,1
638,16800.0,0.0,59600.0,48,2900.0,0.32,0,9.5,Salaried,Post Graduate,MORTGAGE,Vehicle,1
679,33800.0,0.0,41100.0,36,19800.0,0.52,1,4.7,Self-Employed,Graduate,OWN,Education,0
717,69500.0,0.0,100500.0,36,14500.0,0.4,0,8.2,Salaried,Graduate,OWN,Vehicle,1
610,66000.0,45200.0,231100.0,24,16600.0,0.44,0,9.5,Business,Post Graduate,RENT,Home,0
674,93100.0,0.0,163700.0,36,400.0,0.44,3,2.2,Salaried,Post Graduate,OWN,Business,0
731,23900.0,0.0,42700.0,36,10300.0,0.2,1,4.0,Business,Graduate,RENT,Home,0
662,15000.0,29100.0,51900.0,120,3700.0,0.72,2,6.4,Salaried,Graduate,MORTGAGE,Personal,0
801,82000.0,37900.0,200900.0,36,5100.0,0.22,0,7.2,Salaried,Graduate,RENT,Vehicle,1
561,29800.0,12200.0,24300.0,36,17300.0,0.08,0,0.5,Self-Employed,Post Graduate,MORTGAGE,Vehicle,0
785,15000.0,17200.0,77000.0,24,7000.0,0.74,0,11.7,Salaried,Graduate,MORTGAGE,Personal,1
746,53500.0,59500.0,403900.0,60,23300.0,0.26,0,8.2,Salaried,Graduate,RENT,Home,1
641,78900.0,7900.0,342800.0,60,45300.0,0.38,0,6.8,Self-Employed,Graduate,MORTGAGE,Education,0
611,45600.0,25100.0,267400.0,180,11100.0,0.39,0,4.4,Salaried,Graduate,OWN,Education,0
513,37200.0,48300.0,185200.0,120,16000.0,0.22,0,2.9,Salaried,Graduate,OWN,Business,0
622,44600.0,0.0,152600.0,36,5500.0,0.28,1,8.1,Salaried,Graduate,RENT,Home,0
779,39200.0,22000.0,101100.0,24,16400.0,0.23,0,8.8,Business,Graduate,OWN,Education,1
685,21800.0,0.0,15700.0,36,200.0,0.48,1,17.8,Salaried,Graduate,OWN,Personal,1
788,31900.0,0.0,102200.0,360,2400.0,0.1,2,18.3,Self-Employed,Post Graduate,RENT,Business,1
637,67000.0,27300.0,291900.0,60,17100.0,0.32,0,5.3,Salaried,Graduate,MORTGAGE,Home,0
750,59500.0,0.0,220500.0,12,400.0,0.28,0,3.2,Salaried,Graduate,MORTGAGE,Home,1
629,54200.0,46800.0,299400.0,24,15000.0,0.41,0,1.7,Salaried,Post Graduate,RENT,Education,0
607,27000.0,54800.0,92200.0,48,8500.0,0.31,0,8.4,Salaried,Graduate,MORTGAGE,Personal,0
680,44000.0,25200.0,270800.0,36,16400.0,0.6,0,1.8,Salaried,Graduate,MORTGAGE,Home,0
633,15000.0,13500.0,85800.0,120,900.0,0.12,0,1.1,Salaried,Post Graduate,OWN,Home,1
558,54600.0,20700.0,280900.0,60,5900.0,0.01,0,4.3,Salaried,Graduate,RENT,Personal,0
674,115500.0,0.0,415400.0,60,42500.0,0.41,1,5.0,Salaried,Post Graduate,RENT,Personal,0
699,20200.0,34600.0,92700.0,48,8000.0,0.39,1,4.3,Self-Employed,Not Graduate,OWN,Vehicle,1
797,34500.0,16300.0,40500.0,36,500.0,0.39,0,0.5,Self-Employed,Graduate,OWN,Home,1
769,59700.0,18300.0,94100.0,60,19400.0,0.41,0,7.5,Salaried,Graduate,MORTGAGE,Home,1
793,104000.0,34700.0,120900.0,60,49000.0,0.01,0,7.5,Self-Employed,Graduate,OWN,Home,1
751,37500.0,0.0,55300.0,36,1600.0,0.37,0,14.7,Business,Post Graduate,MORTGAGE,Vehicle,1
718,32400.0,0.0,75800.0,48,8000.0,0.52,0,1.8,Business,Graduate,RENT,Personal,1
585,15000.0,0.0,61900.0,120,2900.0,0.39,1,10.6,Self-Employed,Post Graduate,OWN,Education,0
702,52200.0,0.0,208200.0,24,28600.0,0.43,0,16.9,Salaried,Post Graduate,OWN,Home,1
740,166900.0,39800.0,697500.0,48,18600.0,0.48,0,0.7,Salaried,Graduate,RENT,Business,0
813,57900.0,23500.0,48600.0,36,11100.0,0.13,0,2.5,Salaried,Graduate,RENT,Education,1
748,48400.0,0.0,90300.0,60,26100.0,0.55,0,1.7,Self-Employed,Graduate,OWN,Personal,0
795,59500.0,25300.0,273900.0,12,11800.0,0.54,1,10.2,Salaried,Graduate,RENT,Personal,1
602,48700.0,41500.0,91700.0,60,15500.0,0.06,1,10.0,Salaried,Graduate,RENT,Personal,0
662,30100.0,0.0,111500.0,24,600.0,0.69,0,12.8,Business,Graduate,MORTGAGE,Vehicle,0
726,80300.0,0.0,333900.0,24,47500.0,0.21,4,8.4,Business,Not Graduate,RENT,Home,0
788,56100.0,25400.0,156200.0,60,27800.0,0.53,0,17.0,Business,Graduate,MORTGAGE,Personal,1
677,49500.0,13000.0,207700.0,60,18800.0,0.24,0,10.7,Salaried,Post Graduate,RENT,Personal,0
682,27300.0,70900.0,107300.0,180,1000.0,0.53,0,14.3,Business,Graduate,OWN,Business,1
748,107200.0,0.0,349800.0,48,4800.0,0.77,0,8.8,Self-Employed,Graduate,RENT,Business,0
594,73000.0,13600.0,50700.0,48,23900.0,0.6,0,6.1,Self-Employed,Graduate,RENT,Home,0
826,35200.0,0.0,38800.0,60,6000.0,0.11,1,7.1,Salaried,Not Graduate,OWN,Home,1
615,89400.0,0.0,298600.0,36,33400.0,0.39,0,14.9,Business,Not Graduate,RENT,Education,0
526,36400.0,26200.0,209500.0,12,13100.0,0.54,1,12.0,Salaried,Not Graduate,OWN,Home,0
690,30700.0,0.0,94100.0,36,15400.0,0.42,0,11.7,Salaried,Graduate,MORTGAGE,Home,0
834,31100.0,0.0,74900.0,36,5300.0,0.53,2,13.0,Salaried,Post Graduate,RENT,Home,1
739,16900.0,0.0,54100.0,36,5900.0,0.17,0,9.3,Self-Employed,Graduate,OWN,Personal,1
753,65100.0,0.0,234000.0,240,30400.0,0.67,0,22.1,Self-Employed,Graduate,OWN,Personal,0
693,16300.0,27600.0,191700.0,120,4800.0,0.42,0,6.9,Business,Not Graduate,MORTGAGE,Personal,0
677,23500.0,33000.0,229100.0,240,11700.0,0.37,1,8.5,Salaried,Not Graduate,MORTGAGE,Personal,0
558,15000.0,0.0,55200.0,360,1200.0,0.44,0,5.8,Salaried,Graduate,RENT,Home,0
497,46600.0,0.0,152800.0,48,20500.0,0.07,0,10.5,Self-Employed,Graduate,OWN,Education,0
706,44800.0,0.0,125300.0,36,25300.0,0.25,1,0.5,Salaried,Graduate,RENT,Personal,0
801,40300.0,74600.0,112900.0,60,8000.0,0.18,3,0.5,Salaried,Graduate,MORTGAGE,Home,1
719,26200.0,0.0,30500.0,180,5800.0,0.55,1,4.8,Salaried,Not Graduate,RENT,Home,0
743,24300.0,24500.0,184500.0,48,1200.0,0.71,0,10.9,Self-Employed,Not Graduate,MORTGAGE,Personal,1
824,64800.0,0.0,240600.0,48,24900.0,0.43,0,13.1,Self-Employed,Not Graduate,MORTGAGE,Personal,1
717,35200.0,0.0,104100.0,24,11700.0,0.48,0,1.7,Salaried,Post Graduate,OWN,Education,1
679,59300.0,83900.0,323000.0,48,1400.0,0.54,0,0.5,Salaried,Graduate,OWN,Personal,1
620,28800.0,43100.0,43400.0,36,13000.0,0.04,0,4.4,Salaried,Not Graduate,RENT,Education,1
850,54600.0,0.0,98800.0,36,27200.0,0.15,0,4.3,Self-Employed,Graduate,OWN,Personal,1
734,107100.0,57100.0,358400.0,180,58300.0,0.92,0,9.1,Self-Employed,Graduate,MORTGAGE,Business,0
609,69700.0,48900.0,289800.0,24,22800.0,0.29,0,8.6,Business,Not Graduate,OWN,Personal,0
590,38300.0,23400.0,260200.0,360,10400.0,0.37,0,15.3,Unemployed,Not Graduate,RENT,Home,0
796,57200.0,31400.0,82800.0,12,30100.0,0.29,0,5.9,Unemployed,Graduate,OWN,Vehicle,1
601,42400.0,26700.0,178000.0,240,10100.0,0.77,0,1.4,Salaried,Graduate,OWN,Vehicle,0
847,49300.0,72100.0,239400.0,48,19400.0,0.75,0,9.5,Self-Employed,Post Graduate,OWN,Personal,1
455,40300.0,0.0,179800.0,60,14900.0,0.43,1,3.2,Self-Employed,Post Graduate,OWN,Personal,0
810,44400.0,28900.0,289300.0,36,9900.0,0.44,0,3.2,Self-Employed,Graduate,OWN,Home,1
731,55700.0,21700.0,174500.0,60,2900.0,0.28,1,16.5,Business,Graduate,RENT,Education,1
700,27000.0,0.0,121500.0,180,300.0,0.35,0,12.7,Salaried,Graduate,OWN,Vehicle,1
675,26600.0,0.0,68000.0,24,6800.0,0.52,0,5.9,Salaried,Not Graduate,OWN,Education,1
850,21300.0,0.0,24900.0,24,6100.0,0.23,0,17.1,Salaried,Not Graduate,RENT,Vehicle,1
750,18800.0,30000.0,132900.0,36,9300.0,0.58,0,12.1,Salaried,Graduate,MORTGAGE,Home,1
613,23600.0,11300.0,49000.0,36,5900.0,0.16,0,9.9,Self-Employed,Graduate,MORTGAGE,Education,1
543,53900.0,22000.0,231100.0,24,9100.0,0.67,0,4.6,Salaried,Post Graduate,MORTGAGE,Home,0
705,28700.0,0.0,122000.0,60,8000.0,0.43,0,0.5,Self-Employed,Graduate,MORTGAGE,Vehicle,1
689,66700.0,17800.0,308000.0,36,9500.0,0.48,2,3.7,Salaried,Post Graduate,OWN,Personal,0
560,50100.0,36100.0,137300.0,60,2700.0,0.72,1,5.5,Business,Graduate,RENT,Personal,0
685,15000.0,0.0,25300.0,180,1000.0,0.21,3,2.0,Business,Post Graduate,OWN,Vehicle,0
641,72600.0,48100.0,93800.0,60,13900.0,0.31,0,8.6,Self-Employed,Graduate,MORTGAGE,Vehicle,0
690,79700.0,53200.0,218400.0,24,600.0,0.26,0,0.5,Salaried,Graduate,OWN,Vehicle,1
751,27000.0,20100.0,41000.0,60,3600.0,0.64,0,14.7,Salaried,Graduate,OWN,Personal,1
816,63100.0,28000.0,227500.0,36,29800.0,0.33,0,5.7,Self-Employed,Post Graduate,MORTGAGE,Home,1
767,29300.0,29500.0,196000.0,36,4100.0,0.38,0,11.7,Business,Graduate,MORTGAGE,Education,1
628,52000.0,0.0,182200.0,36,3500.0,0.68,0,11.6,Self-Employed,Graduate,OWN,Vehicle,0
721,23000.0,27100.0,37000.0,240,13100.0,0.57,0,1.8,Business,Graduate,OWN,Home,1
695,16700.0,0.0,31100.0,60,6200.0,0.5,0,0.5,Self-Employed,Graduate,MORTGAGE,Home,0
576,39000.0,0.0,64500.0,24,1400.0,0.11,1,4.8,Self-Employed,Graduate,OWN,Personal,0
723,45500.0,0.0,41700.0,48,1700.0,0.54,0,9.9,Self-Employed,Graduate,MORTGAGE,Vehicle,1
847,38600.0,51500.0,175700.0,36,14200.0,0.62,0,8.7,Self-Employed,Post Graduate,MORTGAGE,Business,1
692,24100.0,37200.0,104000.0,360,7800.0,0.41,0,13.8,Self-Employed,Graduate,OWN,Home,1
554,38600.0,0.0,117300.0,360,1600.0,0.36,0,10.0,Salaried,Graduate,OWN,Home,1
692,57600.0,0.0,232300.0,36,7800.0,0.63,0,10.3,Business,Graduate,OWN,Home,0
586,47700.0,24900.0,168400.0,36,26600.0,0.77,1,4.0,Business,Graduate,OWN,Personal,0
763,54700.0,31600.0,300900.0,60,18800.0,0.49,1,6.7,Self-Employed,Graduate,RENT,Education,0
734,32800.0,15600.0,52500.0,48,8700.0,0.4,0,6.9,Self-Employed,Graduate,RENT,Personal,1
675,99000.0,50700.0,610800.0,36,14900.0,0.2,0,11.1,Salaried,Graduate,RENT,Education,0
661,24200.0,6700.0,34300.0,60,1900.0,0.56,0,11.8,Business,Post Graduate,RENT,Education,1
671,65700.0,0.0,83300.0,36,15900.0,0.33,1,6.8,Business,Graduate,OWN,Education,0
690,99600.0,47600.0,136300.0,60,55100.0,0.5,0,7.0,Self-Employed,Post Graduate,OWN,Personal,1
624,65400.0,0.0,113700.0,36,1900.0,0.37,0,9.8,Salaried,Graduate,RENT,Vehicle,1
572,43400.0,32900.0,206700.0,60,25800.0,0.54,1,17.7,Self-Employed,Post Graduate,MORTGAGE,Personal,0
786,35700.0,0.0,158900.0,60,4500.0,0.58,1,0.5,Salaried,Not Graduate,RENT,Home,1
657,91300.0,22400.0,417700.0,48,22400.0,0.16,1,3.4,Self-Employed,Graduate,MORTGAGE,Vehicle,0
704,20900.0,43200.0,129600.0,60,600.0,0.26,0,3.6,Unemployed,Post Graduate,OWN,Vehicle,1
714,27400.0,29700.0,160100.0,48,9600.0,0.16,0,1.4,Salaried,Graduate,MORTGAGE,Business,1
717,38600.0,0.0,115500.0,24,11200.0,0.72,0,4.0,Salaried,Graduate,OWN,Personal,1
590,103000.0,16500.0,453000.0,36,41200.0,0.41,0,9.9,Salaried,Post Graduate,MORTGAGE,Vehicle,0
547,61600.0,0.0,212300.0,36,20100.0,0.2,0,12.7,Salaried,Graduate,MORTGAGE,Home,0
639,27400.0,0.0,76100.0,24,6500.0,0.54,0,9.2,Salaried,Not Graduate,RENT,Home,0
723,40700.0,0.0,129300.0,60,18000.0,0.44,0,9.1,Salaried,Post Graduate,RENT,Home,1
628,33900.0,62400.0,335500.0,36,500.0,0.82,0,3.4,Business,Not Graduate,RENT,Personal,0
659,32000.0,22700.0,56500.0,24,10400.0,0.55,0,0.5,Business,Not Graduate,RENT,Education,0
850,88200.0,94100.0,237300.0,120,6000.0,0.44,1,9.9,Salaried,Not Graduate,RENT,Education,1
533,21500.0,27200.0,158500.0,60,5600.0,0.12,0,14.7,Self-Employed,Graduate,MORTGAGE,Personal,0
625,128700.0,16600.0,566900.0,48,61100.0,0.62,0,12.8,Business,Post Graduate,MORTGAGE,Home,0
850,80600.0,19600.0,214100.0,36,6900.0,0.17,1,7.5,Salaried,Graduate,OWN,Personal,1
686,94300.0,0.0,416800.0,36,52900.0,0.42,0,8.4,Business,Not Graduate,OWN,Home,0
629,37100.0,0.0,50600.0,48,19800.0,0.4,0,15.0,Business,Not Graduate,RENT,Personal,0
789,44800.0,59700.0,226400.0,180,11200.0,0.62,0,4.5,Salaried,Graduate,RENT,Education,1
694,20700.0,16200.0,74300.0,36,100.0,0.39,0,5.7,Business,Post Graduate,OWN,Personal,1
660,35800.0,24000.0,252400.0,60,17000.0,0.47,3,0.5,Self-Employed,Graduate,OWN,Personal,0
706,65900.0,28200.0,154500.0,360,34800.0,0.57,0,10.3,Salaried,Graduate,RENT,Personal,1
634,106700.0,0.0,254300.0,60,11200.0,0.65,0,5.5,Self-Employed,Not Graduate,RENT,Vehicle,0
603,25200.0,0.0,31500.0,48,13900.0,0.09,0,6.5,Self-Employed,Graduate,MORTGAGE,Home,0
680,39400.0,24200.0,164400.0,60,21600.0,0.46,0,11.4,Self-Employed,Post Graduate,MORTGAGE,Education,0
604,44800.0,0.0,176000.0,120,12700.0,0.96,0,4.2,Business,Post Graduate,RENT,Personal,0
690,21200.0,0.0,36400.0,60,10200.0,0.54,0,10.5,Unemployed,Graduate,MORTGAGE,Home,0
720,69900.0,30100.0,374300.0,180,18700.0,0.29,0,10.7,Business,Graduate,MORTGAGE,Personal,0
762,31700.0,0.0,131400.0,48,10700.0,0.55,1,6.2,Salaried,Not Graduate,RENT,Business,0
785,43600.0,23100.0,52800.0,120,8400.0,0.23,0,12.2,Business,Graduate,OWN,Home,1
655,37400.0,29300.0,235200.0,360,3600.0,0.67,0,7.5,Self-Employed,Post Graduate,MORTGAGE,Business,0
732,30500.0,38700.0,105300.0,48,13700.0,0.34,0,11.6,Business,Graduate,MORTGAGE,Personal,1
731,48800.0,0.0,58600.0,60,0.0,0.31,1,4.9,Self-Employed,Post Graduate,OWN,Education,1
717,43100.0,0.0,125200.0,60,15000.0,0.45,2,10.9,Business,Graduate,MORTGAGE,Education,0
649,39200.0,28200.0,223900.0,120,20300.0,0.6,0,6.2,Salaried,Graduate,OWN,Vehicle,0
602,31700.0,0.0,65900.0,120,4200.0,0.44,1,9.7,Unemployed,Graduate,OWN,Home,0
732,59400.0,0.0,39000.0,12,11900.0,0.7,0,9.8,Salaried,Post Graduate,RENT,Personal,1
544,132200.0,0.0,546600.0,60,46600.0,0.2,0,6.0,Business,Graduate,RENT,Personal,0
667,53300.0,0.0,182400.0,120,7900.0,0.77,0,5.9,Business,Graduate,RENT,Personal,0
472,89100.0,0.0,141400.0,60,45300.0,0.14,1,6.9,Salaried,Graduate,RENT,Home,0
576,21300.0,29600.0,126600.0,60,4700.0,0.27,0,8.4,Business,Graduate,OWN,Personal,1
615,53900.0,0.0,32900.0,12,18800.0,0.08,2,10.9,Business,Graduate,OWN,Personal,0
783,25400.0,0.0,47200.0,48,3400.0,0.69,3,9.2,Business,Graduate,MORTGAGE,Home,0
748,20200.0,34200.0,140900.0,120,500.0,0.27,0,0.5,Salaried,Post Graduate,OWN,Vehicle,1
642,31500.0,29200.0,155900.0,240,3300.0,0.76,0,12.3,Self-Employed,Graduate,RENT,Personal,0
751,100200.0,0.0,133500.0,36,2800.0,0.72,0,10.0,Salaried,Graduate,RENT,Education,1
765,86700.0,0.0,312700.0,60,24400.0,0.55,1,13.9,Salaried,Graduate,RENT,Vehicle,1
676,56700.0,15500.0,122400.0,120,20000.0,0.2,0,12.2,Self-Employed,Graduate,RENT,Home,1
572,19500.0,43000.0,176400.0,120,500.0,0.16,0,5.9,Salaried,Post Graduate,OWN,Home,0
672,43600.0,19200.0,99600.0,60,2400.0,0.24,0,2.2,Business,Graduate,MORTGAGE,Home,1
681,58700.0,24800.0,183800.0,12,17100.0,0.28,0,17.0,Self-Employed,Graduate,OWN,Home,1
585,54500.0,0.0,72500.0,60,26100.0,0.6,3,14.4,Salaried,Post Graduate,OWN,Education,0
721,16200.0,34500.0,153700.0,120,6100.0,0.84,0,11.7,Salaried,Graduate,MORTGAGE,Home,1
713,28700.0,0.0,63200.0,60,1800.0,0.09,0,4.0,Salaried,Graduate,MORTGAGE,Home,1
727,47200.0,16200.0,35800.0,120,25100.0,0.13,0,1.5,Salaried,Post Graduate,MORTGAGE,Vehicle,1
713,67600.0,19900.0,53600.0,48,37200.0,0.8,0,5.8,Self-Employed,Graduate,OWN,Business,0
752,15000.0,32800.0,114000.0,360,2900.0,0.5,0,12.3,Business,Graduate,MORTGAGE,Business,1
674,44500.0,0.0,54900.0,120,16400.0,0.71,0,0.5,Self-Employed,Post Graduate,MORTGAGE,Business,0
707,53400.0,0.0,151700.0,60,15800.0,0.39,0,4.4,Self-Employed,Graduate,RENT,Business,1
656,81600.0,15000.0,206000.0,240,46100.0,0.14,0,21.4,Salaried,Graduate,OWN,Personal,1
640,74300.0,31000.0,328300.0,240,22700.0,0.33,0,6.2,Salaried,Post Graduate,RENT,Business,0
803,69500.0,24600.0,405500.0,120,40000.0,0.04,0,8.2,Salaried,Post Graduate,OWN,Personal,1
516,30300.0,0.0,79200.0,60,3600.0,0.31,1,7.9,Self-Employed,Not Graduate,MORTGAGE,Business,0
764,15600.0,0.0,56900.0,48,3200.0,0.81,0,16.6,Salaried,Graduate,RENT,Education,1
637,38700.0,66600.0,369800.0,36,18100.0,0.41,0,6.4,Salaried,Graduate,RENT,Vehicle,0
626,89400.0,0.0,374300.0,36,42000.0,0.5,0,0.5,Salaried,Not Graduate,MORTGAGE,Business,0
712,113100.0,12300.0,170100.0,48,49700.0,0.35,2,13.2,Salaried,Graduate,RENT,Business,0
563,75100.0,15400.0,344700.0,60,38700.0,0.13,0,2.7,Unemployed,Graduate,OWN,Vehicle,0
620,63400.0,48800.0,462500.0,36,26700.0,0.76,0,0.5,Salaried,Not Graduate,OWN,Personal,0
617,61600.0,64700.0,261600.0,240,23500.0,0.67,2,15.6,Business,Not Graduate,MORTGAGE,Business,0
671,35100.0,18200.0,93600.0,60,9700.0,0.46,0,11.7,Salaried,Graduate,MORTGAGE,Personal,1
621,45300.0,0.0,195200.0,48,12700.0,0.24,0,6.2,Salaried,Graduate,MORTGAGE,Home,0
826,133400.0,15000.0,446800.0,48,32500.0,0.25,0,13.8,Self-Employed,Graduate,OWN,Home,1
842,27800.0,0.0,56200.0,24,10300.0,0.44,1,12.9,Salaried,Graduate,OWN,Home,1
518,129200.0,38500.0,615000.0,180,31500.0,0.88,0,4.6,Business,Graduate,OWN,Vehicle,0
736,40400.0,0.0,69400.0,36,3600.0,0.37,4,9.0,Business,Post Graduate,MORTGAGE,Home,0
762,108600.0,27000.0,163500.0,60,6900.0,0.17,1,7.5,Self-Employed,Not Graduate,OWN,Home,1
736,21100.0,0.0,56500.0,60,11700.0,0.87,0,4.7,Business,Post Graduate,RENT,Education,0
634,69700.0,0.0,192700.0,60,1000.0,0.14,1,8.2,Business,Graduate,OWN,Education,1
669,31500.0,20900.0,199300.0,48,2000.0,0.37,2,11.8,Self-Employed,Graduate,MORTGAGE,Home,0
626,21000.0,0.0,48900.0,36,5600.0,0.3,0,3.3,Salaried,Graduate,RENT,Personal,0
654,55900.0,13000.0,259000.0,36,8800.0,0.2,2,12.1,Salaried,Graduate,MORTGAGE,Personal,0
587,89800.0,24500.0,199500.0,48,21900.0,0.35,0,0.5,Self-Employed,Post Graduate,RENT,Business,0
680,29500.0,0.0,82600.0,120,2100.0,0.27,0,9.1,Salaried,Graduate,RENT,Business,1
562,19900.0,31700.0,68800.0,48,1600.0,0.48,0,4.3,Salaried,Graduate,RENT,Education,0
672,46400.0,0.0,94700.0,36,22300.0,0.2,1,15.9,Salaried,Post Graduate,OWN,Personal,0
583,46500.0,0.0,182800.0,24,21200.0,0.32,3,0.5,Self-Employed,Graduate,OWN,Personal,0
707,68100.0,15300.0,113800.0,60,4300.0,0.69,1,6.8,Salaried,Graduate,OWN,Business,1
632,86700.0,29700.0,435400.0,48,34700.0,0.29,0,3.8,Salaried,Graduate,RENT,Business,0
714,47300.0,0.0,77200.0,24,17300.0,0.44,3,5.2,Self-Employed,Post Graduate,RENT,Home,0
781,149200.0,30200.0,114400.0,60,63900.0,0.43,0,2.3,Self-Employed,Not Graduate,RENT,Education,1
825,56100.0,27900.0,78900.0,36,16000.0,0.18,0,8.9,Salaried,Graduate,MORTGAGE,Business,1
475,39800.0,14200.0,188100.0,48,6400.0,0.26,0,9.1,Business,Post Graduate,OWN,Personal,0
619,18600.0,0.0,28800.0,36,7400.0,0.22,4,0.5,Salaried,Not Graduate,RENT,Education,0
664,41900.0,8900.0,158300.0,240,9300.0,0.63,0,11.1,Unemployed,Post Graduate,RENT,Business,0
729,40100.0,40500.0,265700.0,36,5300.0,0.52,0,0.5,Salaried,Post Graduate,OWN,Vehicle,1
549,87200.0,40700.0,240500.0,48,21400.0,0.49,0,8.1,Salaried,Graduate,OWN,Personal,0
606,64700.0,41000.0,253600.0,360,29600.0,0.56,0,16.8,Business,Graduate,OWN,Business,0
701,24200.0,31400.0,117600.0,36,6900.0,0.41,0,3.7,Salaried,Graduate,MORTGAGE,Personal,1
697,54400.0,0.0,233300.0,60,9800.0,0.55,0,6.5,Salaried,Graduate,OWN,Personal,1
722,73300.0,16100.0,159100.0,36,36600.0,0.28,0,4.1,Salaried,Post Graduate,RENT,Personal,1
727,122600.0,0.0,151200.0,24,64900.0,0.48,0,4.6,Salaried,Graduate,RENT,Personal,1
718,83500.0,0.0,163900.0,60,21700.0,0.73,0,9.6,Business,Graduate,MORTGAGE,Vehicle,1
706,77400.0,24100.0,322600.0,240,17400.0,0.21,0,16.1,Business,Graduate,MORTGAGE,Personal,1
694,50800.0,0.0,167100.0,48,18700.0,0.19,0,7.8,Self-Employed,Graduate,OWN,Business,1
746,61900.0,27100.0,373500.0,60,2200.0,0.2,0,14.0,Unemployed,Graduate,OWN,Business,1
499,103700.0,28600.0,532800.0,60,43000.0,0.17,0,4.4,Business,Graduate,OWN,Personal,0
821,22000.0,0.0,36400.0,48,10300.0,0.57,0,13.5,Self-Employed,Graduate,OWN,Home,1
502,39700.0,44000.0,194200.0,60,9500.0,0.22,0,16.3,Salaried,Graduate,OWN,Vehicle,0
598,30800.0,21700.0,183200.0,36,3200.0,0.44,0,14.1,Salaried,Graduate,OWN,Education,0
670,61500.0,13800.0,313700.0,36,1100.0,0.58,0,11.6,Salaried,Graduate,OWN,Personal,0
747,102600.0,18300.0,223500.0,48,39200.0,0.47,0,11.2,Salaried,Not Graduate,RENT,Home,1
435,34300.0,0.0,78100.0,180,5500.0,0.36,0,4.2,Self-Employed,Post Graduate,MORTGAGE,Education,0
687,15000.0,44200.0,242600.0,36,4200.0,0.16,0,0.6,Salaried,Graduate,MORTGAGE,Education,1
757,38300.0,26300.0,124900.0,60,8900.0,0.57,1,11.3,Salaried,Not Graduate,RENT,Vehicle,1
774,84800.0,0.0,205400.0,36,8900.0,0.53,0,4.1,Salaried,Graduate,RENT,Personal,1
630,67700.0,14400.0,338100.0,36,20600.0,0.16,0,4.5,Salaried,Post Graduate,RENT,Home,0
664,63400.0,39800.0,382800.0,60,17500.0,0.32,1,0.6,Self-Employed,Post Graduate,RENT,Vehicle,0
637,41400.0,0.0,61000.0,120,15500.0,0.16,0,5.1,Business,Graduate,RENT,Business,0
656,22800.0,0.0,41000.0,48,3400.0,0.2,0,13.4,Salaried,Post Graduate,RENT,Personal,1
602,66800.0,56400.0,235500.0,36,8600.0,0.63,1,12.8,Salaried,Graduate,RENT,Education,0
614,29700.0,0.0,123300.0,240,14500.0,0.24,0,1.4,Business,Post Graduate,OWN,Personal,0
726,181800.0,11900.0,870800.0,24,76600.0,0.71,0,3.2,Self-Employed,Graduate,RENT,Home,0
701,69000.0,0.0,248100.0,60,32000.0,0.13,1,0.5,Salaried,Graduate,RENT,Home,0
731,34600.0,26100.0,147900.0,60,2600.0,0.44,0,9.8,Salaried,Post Graduate,MORTGAGE,Home,1
708,34000.0,0.0,18400.0,60,4600.0,0.31,0,8.9,Self-Employed,Graduate,OWN,Education,1
749,46400.0,0.0,152700.0,240,16000.0,0.43,0,9.4,Self-Employed,Graduate,RENT,Personal,1
764,42500.0,27500.0,144000.0,60,21900.0,0.69,1,5.8,Salaried,Graduate,RENT,Business,1
541,95800.0,29200.0,379000.0,36,51300.0,0.12,0,11.3,Salaried,Not Graduate,MORTGAGE,Home,0
617,54800.0,18900.0,215700.0,36,27400.0,0.56,0,6.5,Self-Employed,Post Graduate,OWN,Personal,0
670,31600.0,64300.0,232400.0,36,800.0,0.14,0,12.8,Self-Employed,Post Graduate,OWN,Home,0
688,152400.0,0.0,651900.0,12,75100.0,0.34,0,2.5,Salaried,Graduate,OWN,Home,0
633,50500.0,0.0,29900.0,240,27200.0,0.49,0,12.3,Unemployed,Post Graduate,OWN,Personal,0
767,77800.0,32100.0,368000.0,24,2600.0,0.32,1,10.2,Salaried,Graduate,MORTGAGE,Vehicle,1
850,34000.0,28200.0,133100.0,60,8500.0,0.03,0,11.3,Salaried,Not Graduate,RENT,Vehicle,1
705,61000.0,23600.0,283800.0,60,19600.0,0.84,0,6.4,Salaried,Graduate,RENT,Home,0
697,59100.0,0.0,189200.0,120,8300.0,0.37,0,16.8,Business,Graduate,MORTGAGE,Personal,1
762,15800.0,15600.0,17000.0,60,4900.0,0.77,0,4.4,Unemployed,Not Graduate,OWN,Business,1
531,164300.0,0.0,269700.0,60,87300.0,0.53,0,19.4,Salaried,Graduate,MORTGAGE,Vehicle,0
692,106300.0,32900.0,174900.0,36,55300.0,0.04,0,10.2,Salaried,Graduate,MORTGAGE,Personal,1
773,38600.0,20700.0,69300.0,60,21800.0,0.57,3,13.7,Self-Employed,Post Graduate,OWN,Vehicle,0
635,25300.0,0.0,86400.0,36,7300.0,0.11,0,15.3,Salaried,Graduate,RENT,Personal,1
585,60400.0,33600.0,137100.0,240,14900.0,0.67,0,11.9,Salaried,Graduate,MORTGAGE,Personal,0
674,51600.0,0.0,123800.0,36,20600.0,0.07,0,17.4,Business,Graduate,RENT,Home,0
684,60700.0,52800.0,168900.0,36,15200.0,0.43,0,12.7,Self-Employed,Post Graduate,MORTGAGE,Vehicle,1
612,55000.0,0.0,155200.0,48,1400.0,0.59,0,11.7,Salaried,Graduate,MORTGAGE,Business,0
850,66400.0,12800.0,267900.0,120,28700.0,0.31,1,10.4,Salaried,Post Graduate,MORTGAGE,Business,1
649,116800.0,0.0,213100.0,60,19700.0,0.04,1,9.9,Salaried,Graduate,OWN,Education,0
591,68900.0,18800.0,255400.0,36,2000.0,0.6,0,13.6,Salaried,Graduate,OWN,Vehicle,0
682,26100.0,19700.0,174000.0,24,300.0,0.22,1,3.8,Salaried,Graduate,RENT,Home,0
767,111000.0,43100.0,135100.0,36,62000.0,0.34,1,7.2,Self-Employed,Graduate,RENT,Personal,0
691,131200.0,0.0,438600.0,48,19800.0,0.55,0,10.5,Salaried,Graduate,OWN,Personal,0
731,324900.0,47400.0,667400.0,48,87300.0,0.27,0,4.4,Salaried,Graduate,MORTGAGE,Business,1
615,25000.0,0.0,24800.0,48,14300.0,0.81,0,12.8,Self-Employed,Graduate,MORTGAGE,Home,0
816,56700.0,43600.0,269100.0,60,15900.0,0.46,0,6.9,Self-Employed,Graduate,RENT,Vehicle,1
737,15000.0,0.0,21100.0,48,700.0,0.59,0,1.6,Business,Post Graduate,RENT,Personal,1
779,68300.0,9800.0,295600.0,240,22600.0,0.6,1,5.0,Salaried,Graduate,RENT,Home,0
721,35300.0,0.0,23700.0,36,1900.0,0.16,0,12.8,Salaried,Graduate,OWN,Personal,1
760,155400.0,0.0,139000.0,60,8900.0,0.13,0,2.8,Unemployed,Graduate,OWN,Vehicle,1
615,30800.0,0.0,79600.0,60,15700.0,0.14,0,3.2,Salaried,Graduate,MORTGAGE,Personal,0
648,17800.0,17500.0,100800.0,36,3100.0,0.3,0,10.6,Self-Employed,Graduate,RENT,Vehicle,0
804,36900.0,0.0,126200.0,48,15000.0,0.56,0,1.4,Salaried,Not Graduate,RENT,Personal,1
822,15000.0,14900.0,46000.0,36,4600.0,0.21,1,10.8,Business,Not Graduate,RENT,Vehicle,1
592,76900.0,40800.0,455200.0,36,10300.0,0.43,1,0.5,Self-Employed,Graduate,RENT,Home,0
711,15000.0,40600.0,239800.0,48,4700.0,0.16,1,10.4,Self-Employed,Post Graduate,OWN,Home,0
653,49900.0,16500.0,165700.0,36,2100.0,0.64,0,7.5,Unemployed,Graduate,MORTGAGE,Home,0
630,15000.0,0.0,53100.0,36,3100.0,0.46,1,16.2,Business,Post Graduate,RENT,Education,0
714,40400.0,30200.0,183500.0,48,12700.0,0.38,0,0.5,Salaried,Graduate,OWN,Personal,0
786,131400.0,0.0,102200.0,48,18000.0,0.33,0,4.8,Salaried,Graduate,OWN,Business,1
728,60900.0,12500.0,132400.0,24,24100.0,0.35,0,10.6,Salaried,Not Graduate,OWN,Vehicle,1
662,29200.0,0.0,24800.0,24,900.0,0.09,0,7.8,Salaried,Graduate,OWN,Home,1
733,48100.0,14600.0,279400.0,60,14000.0,0.35,0,5.5,Salaried,Graduate,OWN,Business,1
659,49600.0,0.0,70200.0,60,21300.0,0.23,0,0.5,Unemployed,Post Graduate,OWN,Vehicle,0
725,65100.0,16400.0,248100.0,240,16800.0,0.01,0,10.1,Salaried,Not Graduate,OWN,Personal,1
808,21600.0,0.0,35400.0,24,11300.0,0.16,0,19.3,Unemployed,Post Graduate,RENT,Business,1
513,70000.0,39900.0,342100.0,24,26600.0,0.6,0,4.3,Salaried,Graduate,OWN,Personal,0
757,15000.0,0.0,20100.0,24,8600.0,0.59,0,8.4,Salaried,Graduate,RENT,Education,0
559,33600.0,14200.0,174000.0,48,5700.0,0.41,0,9.8,Self-Employed,Post Graduate,MORTGAGE,Personal,0
794,36600.0,46400.0,78300.0,60,20600.0,0.81,0,6.0,Self-Employed,Graduate,RENT,Business,1
635,71700.0,45400.0,477800.0,48,26100.0,0.1,0,7.8,Salaried,Graduate,RENT,Personal,0
586,49700.0,16800.0,256800.0,120,22200.0,0.37,1,2.8,Salaried,Graduate,OWN,Personal,0
749,21100.0,59800.0,260100.0,60,11400.0,0.4,0,1.1,Business,Not Graduate,OWN,Home,1
720,27100.0,13000.0,30900.0,360,9000.0,0.44,0,15.5,Self-Employed,Graduate,RENT,Education,1
605,55200.0,19700.0,99900.0,24,28600.0,0.23,0,7.4,Salaried,Graduate,MORTGAGE,Home,0
583,46700.0,34200.0,318500.0,24,15200.0,0.5,0,10.7,Salaried,Graduate,RENT,Vehicle,0
674,34600.0,17600.0,51600.0,36,12400.0,0.4,0,10.2,Salaried,Graduate,RENT,Personal,1
587,36700.0,0.0,41200.0,12,9800.0,0.39,1,3.2,Self-Employed,Graduate,OWN,Education,0
599,74400.0,30300.0,280200.0,240,6500.0,0.62,0,1.5,Unemployed,Graduate,RENT,Education,0
699,35900.0,24500.0,96400.0,36,11900.0,0.47,0,4.9,Salaried,Not Graduate,RENT,Personal,1
607,46500.0,0.0,64600.0,60,27300.0,0.5,1,9.1,Self-Employed,Graduate,OWN,Education,0
726,180200.0,24000.0,572400.0,36,85100.0,0.42,0,3.9,Unemployed,Graduate,RENT,Education,0
816,20900.0,0.0,41600.0,36,9400.0,0.33,3,5.7,Salaried,Graduate,MORTGAGE,Home,1
677,16100.0,0.0,17100.0,36,6200.0,0.33,0,0.5,Self-Employed,Post Graduate,OWN,Personal,0
701,78400.0,39900.0,312200.0,36,16400.0,0.31,0,7.8,Salaried,Graduate,RENT,Home,0
850,32600.0,39900.0,148500.0,60,3300.0,0.16,0,8.4,Unemployed,Graduate,MORTGAGE,Personal,1
589,40500.0,15100.0,191200.0,360,5500.0,0.74,0,8.0,Salaried,Graduate,MORTGAGE,Vehicle,0
791,30700.0,35000.0,59900.0,60,100.0,0.42,1,3.0,Salaried,Graduate,OWN,Education,1
781,41900.0,17300.0,176600.0,48,16900.0,0.5,0,3.1,Salaried,Not Graduate,OWN,Personal,1
762,127900.0,0.0,287300.0,12,62300.0,0.17,0,2.5,Salaried,Post Graduate,MORTGAGE,Education,1
799,79300.0,0.0,168500.0,120,12800.0,0.36,0,5.9,Unemployed,Graduate,OWN,Business,1
713,82200.0,17100.0,141900.0,12,4500.0,0.57,0,4.4,Self-Employed,Not Graduate,RENT,Vehicle,0
640,21000.0,0.0,13100.0,240,4200.0,0.52,0,15.1,Self-Employed,Post Graduate,OWN,Business,1
783,24600.0,40400.0,252900.0,48,4300.0,0.14,1,17.0,Self-Employed,Post Graduate,MORTGAGE,Business,1
786,15000.0,10400.0,45900.0,36,4100.0,0.4,0,12.5,Salaried,Graduate,OWN,Personal,1
783,30200.0,0.0,97400.0,48,4800.0,0.58,0,8.5,Salaried,Graduate,OWN,Vehicle,1
693,87000.0,13000.0,429000.0,360,17700.0,0.66,0,6.4,Self-Employed,Not Graduate,RENT,Education,0
629,66800.0,21300.0,243200.0,36,36400.0,0.16,0,3.8,Self-Employed,Not Graduate,OWN,Personal,0
706,42900.0,33800.0,160200.0,36,8600.0,0.57,0,8.3,Self-Employed,Post Graduate,RENT,Vehicle,1
770,48400.0,23800.0,113600.0,24,22800.0,0.63,0,7.2,Self-Employed,Post Graduate,RENT,Personal,1
777,32400.0,20000.0,222000.0,60,12200.0,0.31,0,2.8,Self-Employed,Not Graduate,RENT,Business,1
653,55400.0,0.0,178800.0,24,11200.0,0.5,0,4.0,Salaried,Graduate,MORTGAGE,Vehicle,1
716,77600.0,8500.0,272200.0,120,38100.0,0.8,0,0.5,Self-Employed,Graduate,RENT,Vehicle,0
578,18600.0,49900.0,151000.0,240,6600.0,0.38,1,2.9,Salaried,Graduate,OWN,Education,0
773,58700.0,20500.0,307300.0,240,300.0,0.23,0,10.0,Self-Employed,Graduate,OWN,Home,1
623,85800.0,25900.0,374700.0,24,3500.0,0.49,0,13.2,Salaried,Not Graduate,RENT,Vehicle,0
756,38200.0,20700.0,96200.0,60,17300.0,0.31,0,10.6,Salaried,Graduate,RENT,Vehicle,1
592,74600.0,0.0,216200.0,24,20000.0,0.22,0,5.5,Salaried,Graduate,MORTGAGE,Personal,0
777,265300.0,14500.0,621400.0,60,64500.0,0.4,0,0.5,Business,Graduate,OWN,Home,1
717,46000.0,27100.0,38500.0,120,4000.0,0.23,0,2.0,Salaried,Post Graduate,OWN,Home,1
623,62100.0,0.0,231700.0,48,5900.0,0.5,0,10.2,Salaried,Graduate,RENT,Personal,0
748,31500.0,0.0,31200.0,180,15100.0,0.34,0,10.0,Self-Employed,Graduate,OWN,Business,1
639,54700.0,17000.0,182100.0,120,27200.0,0.47,2,4.7,Salaried,Post Graduate,OWN,Education,0
753,64600.0,25000.0,165300.0,36,21700.0,0.52,0,6.0,Salaried,Graduate,MORTGAGE,Education,1
666,55100.0,17300.0,135300.0,60,9800.0,0.53,1,17.6,Salaried,Graduate,OWN,Home,0
543,26600.0,17900.0,107200.0,12,14900.0,0.23,0,0.5,Salaried,Not Graduate,OWN,Vehicle,0
606,55500.0,22600.0,350500.0,36,20800.0,0.52,0,8.1,Self-Employed,Graduate,RENT,Home,0
653,117900.0,37200.0,330900.0,36,56400.0,0.38,0,1.9,Salaried,Not Graduate,OWN,Vehicle,0
806,64200.0,22700.0,106800.0,240,100.0,0.55,0,2.2,Business,Graduate,OWN,Business,1
766,87300.0,0.0,257900.0,48,23600.0,0.66,0,10.1,Salaried,Graduate,OWN,Education,1
828,42500.0,16300.0,85000.0,60,22200.0,0.79,1,16.5,Salaried,Graduate,RENT,Education,1
830,76900.0,14400.0,84200.0,60,15600.0,0.25,0,11.1,Self-Employed,Graduate,RENT,Vehicle,1
644,58000.0,70500.0,90000.0,120,25300.0,0.34,0,15.8,Business,Not Graduate,OWN,Home,1
673,27700.0,19400.0,27900.0,60,10900.0,0.26,0,0.5,Salaried,Post Graduate,OWN,Vehicle,1
655,59300.0,14000.0,163100.0,36,5400.0,0.33,0,10.5,Self-Employed,Post Graduate,RENT,Personal,1
632,27000.0,0.0,59600.0,60,12600.0,0.28,1,12.5,Self-Employed,Post Graduate,MORTGAGE,Personal,0
533,33500.0,0.0,41600.0,48,2300.0,0.51,0,6.8,Salaried,Graduate,MORTGAGE,Business,0
688,54900.0,0.0,199600.0,60,24000.0,0.53,0,12.2,Self-Employed,Not Graduate,OWN,Personal,0
580,58600.0,0.0,59600.0,12,34800.0,0.64,0,20.9,Salaried,Graduate,RENT,Home,0
687,24000.0,24800.0,203100.0,36,13800.0,0.26,1,8.8,Self-Employed,Post Graduate,OWN,Home,0
850,92300.0,0.0,263100.0,240,44300.0,0.26,0,6.0,Business,Not Graduate,OWN,Home,1
646,69100.0,0.0,42200.0,36,22200.0,0.55,0,13.7,Salaried,Graduate,OWN,Business,0
706,32100.0,86900.0,517900.0,48,13000.0,0.34,0,13.5,Salaried,Graduate,RENT,Vehicle,0
767,19500.0,28800.0,83600.0,36,8500.0,0.37,2,6.7,Self-Employed,Graduate,RENT,Vehicle,0
713,44900.0,0.0,103300.0,24,200.0,0.54,1,5.2,Salaried,Graduate,OWN,Business,1
714,37500.0,40200.0,127200.0,36,2300.0,0.22,2,13.5,Salaried,Graduate,MORTGAGE,Business,1
659,52500.0,26400.0,269300.0,60,18800.0,0.22,0,5.8,Salaried,Post Graduate,OWN,Business,0
670,39400.0,0.0,96200.0,240,200.0,0.33,0,7.7,Salaried,Graduate,OWN,Education,1
608,15000.0,0.0,15400.0,36,8200.0,0.6,0,9.5,Self-Employed,Graduate,RENT,Home,0
761,38800.0,34700.0,67400.0,36,11400.0,0.34,1,7.1,Salaried,Graduate,MORTGAGE,Vehicle,1
541,40800.0,20200.0,207500.0,60,6300.0,0.62,1,8.1,Self-Employed,Not Graduate,MORTGAGE,Business,0
772,71700.0,29200.0,146100.0,36,16900.0,0.29,0,3.9,Salaried,Not Graduate,OWN,Business,1
570,32200.0,0.0,33800.0,240,16400.0,0.24,0,10.8,Self-Employed,Graduate,OWN,Education,0
771,134200.0,75700.0,524300.0,36,74700.0,0.76,0,6.0,Self-Employed,Graduate,RENT,Vehicle,0
659,15600.0,41200.0,210800.0,48,1100.0,0.06,0,15.7,Salaried,Graduate,RENT,Personal,1
585,107700.0,0.0,173900.0,48,50300.0,0.6,0,8.6,Salaried,Post Graduate,RENT,Personal,0
739,42800.0,19600.0,100200.0,120,14800.0,0.42,0,13.1,Salaried,Graduate,OWN,Education,1
768,82100.0,38200.0,461400.0,60,28800.0,0.28,0,11.1,Salaried,Post Graduate,OWN,Personal,1
652,51400.0,0.0,56100.0,36,24000.0,0.19,0,13.6,Unemployed,Post Graduate,OWN,Home,1
751,97100.0,17200.0,339100.0,24,13000.0,0.49,2,5.8,Unemployed,Graduate,MORTGAGE,Home,0
495,38900.0,21100.0,259200.0,240,12400.0,0.95,0,2.1,Salaried,Not Graduate,RENT,Business,0
577,25400.0,0.0,98200.0,120,4900.0,0.44,1,3.5,Salaried,Graduate,MORTGAGE,Business,0
799,115000.0,16500.0,98300.0,12,6500.0,0.3,0,3.1,Salaried,Post Graduate,OWN,Personal,1
670,45800.0,0.0,81500.0,120,2900.0,0.18,0,3.9,Business,Not Graduate,MORTGAGE,Personal,1
531,56000.0,57800.0,121700.0,60,4600.0,0.26,1,2.1,Salaried,Graduate,OWN,Personal,0
630,102800.0,0.0,441700.0,48,37900.0,0.31,1,7.4,Self-Employed,Not Graduate,MORTGAGE,Home,0
611,26400.0,0.0,117300.0,12,1700.0,0.3,1,11.7,Salaried,Graduate,MORTGAGE,Vehicle,0
675,70100.0,26300.0,138800.0,120,24000.0,0.69,0,1.5,Business,Graduate,OWN,Home,0
658,34400.0,21600.0,178000.0,36,12100.0,0.38,0,4.6,Business,Not Graduate,OWN,Business,1
705,45300.0,31000.0,295000.0,60,24600.0,0.37,2,13.1,Self-Employed,Graduate,OWN,Education,0
684,51200.0,0.0,73500.0,12,19200.0,0.54,0,0.5,Self-Employed,Graduate,MORTGAGE,Home,0
805,19900.0,0.0,24900.0,120,11800.0,0.06,0,8.0,Salaried,Not Graduate,OWN,Vehicle,1
726,30700.0,79500.0,60000.0,12,600.0,0.8,0,10.9,Self-Employed,Post Graduate,OWN,Business,1
728,110300.0,17200.0,273900.0,36,46600.0,0.72,1,18.4,Salaried,Post Graduate,MORTGAGE,Home,0
789,83400.0,0.0,341800.0,36,1300.0,0.06,0,0.5,Self-Employed,Post Graduate,RENT,Personal,1
656,47200.0,22300.0,285800.0,36,20700.0,0.47,0,1.4,Unemployed,Graduate,MORTGAGE,Personal,0
582,56700.0,15600.0,73100.0,48,13100.0,0.56,0,9.5,Business,Post Graduate,RENT,Home,0
792,41100.0,24900.0,86900.0,36,15100.0,0.44,0,6.1,Salaried,Graduate,RENT,Home,1
701,110600.0,33100.0,306400.0,360,20500.0,0.34,1,0.5,Unemployed,Graduate,MORTGAGE,Personal,0
701,43500.0,0.0,157600.0,60,4200.0,0.08,1,5.8,Self-Employed,Graduate,RENT,Vehicle,0
636,56300.0,79600.0,400600.0,60,24400.0,0.3,1,3.5,Salaried,Post Graduate,RENT,Personal,0
637,97500.0,0.0,249200.0,36,52900.0,0.43,1,0.5,Self-Employed,Graduate,OWN,Vehicle,0
761,30700.0,47800.0,225100.0,48,3400.0,0.26,0,6.1,Business,Not Graduate,MORTGAGE,Vehicle,1
773,124900.0,27800.0,135100.0,24,69000.0,0.34,0,1.4,Salaried,Graduate,MORTGAGE,Business,1
756,19600.0,62300.0,197400.0,120,1600.0,0.3,0,3.7,Self-Employed,Graduate,OWN,Personal,1
757,130300.0,89300.0,981200.0,36,57500.0,0.71,0,14.5,Business,Post Graduate,OWN,Home,0
738,39200.0,35100.0,63400.0,120,22600.0,0.29,0,17.3,Salaried,Post Graduate,RENT,Home,1
701,42400.0,16400.0,151500.0,36,3700.0,0.13,0,3.5,Self-Employed,Post Graduate,OWN,Vehicle,1
675,15800.0,20400.0,60900.0,360,4100.0,0.64,0,8.6,Salaried,Graduate,OWN,Home,1
792,37300.0,31000.0,181700.0,36,7600.0,0.25,2,11.1,Self-Employed,Graduate,RENT,Education,1
658,26300.0,33800.0,168000.0,12,6100.0,0.89,0,3.8,Self-Employed,Graduate,OWN,Home,0
721,34000.0,0.0,95500.0,60,15400.0,0.74,0,3.2,Salaried,Graduate,MORTGAGE,Personal,1
621,45100.0,0.0,176300.0,360,17900.0,0.58,0,11.2,Salaried,Graduate,MORTGAGE,Home,0
633,87100.0,0.0,179300.0,60,50600.0,0.35,0,6.9,Business,Graduate,MORTGAGE,Vehicle,0
669,55500.0,19600.0,192700.0,24,6200.0,0.53,1,6.9,Salaried,Graduate,OWN,Vehicle,0
621,59000.0,32900.0,50000.0,48,19200.0,0.36,0,2.2,Business,Post Graduate,OWN,Business,0
757,25400.0,68000.0,341700.0,240,6800.0,0.65,0,2.9,Salaried,Post Graduate,RENT,Education,1
575,28900.0,44800.0,113300.0,12,15900.0,0.26,0,8.3,Business,Graduate,MORTGAGE,Vehicle,0
698,144200.0,35100.0,675300.0,36,900.0,0.48,0,5.8,Salaried,Not Graduate,OWN,Home,1
701,31500.0,0.0,49200.0,120,18700.0,0.77,0,8.5,Salaried,Graduate,OWN,Home,1
536,132400.0,0.0,71900.0,180,38100.0,0.58,0,12.7,Salaried,Graduate,RENT,Home,0
652,42400.0,20900.0,70900.0,60,15900.0,0.54,0,8.7,Salaried,Post Graduate,RENT,Personal,1
711,49100.0,0.0,218100.0,360,10600.0,0.46,2,4.7,Salaried,Graduate,RENT,Home,0
726,93200.0,25300.0,210800.0,24,47700.0,0.28,0,12.5,Salaried,Not Graduate,RENT,Vehicle,1
672,105100.0,21800.0,118700.0,48,35400.0,0.47,0,7.8,Salaried,Graduate,RENT,Personal,0
747,45900.0,49200.0,92700.0,60,18300.0,0.34,0,14.6,Salaried,Post Graduate,RENT,Education,1
680,38800.0,21200.0,104500.0,60,15100.0,0.13,0,4.4,Salaried,Not Graduate,RENT,Personal,1
691,47400.0,18000.0,42500.0,120,10400.0,0.6,0,7.4,Business,Post Graduate,RENT,Vehicle,0
711,60000.0,0.0,152800.0,240,2700.0,0.81,0,6.3,Salaried,Graduate,OWN,Personal,1
768,83700.0,21500.0,142500.0,36,40600.0,0.57,1,8.5,Unemployed,Graduate,MORTGAGE,Personal,1
632,49100.0,29000.0,201300.0,12,8500.0,0.23,0,9.2,Salaried,Graduate,RENT,Personal,0
648,71100.0,0.0,75600.0,36,36200.0,0.18,0,8.0,Salaried,Post Graduate,OWN,Home,1
633,131000.0,0.0,290700.0,60,47800.0,0.78,0,12.0,Salaried,Graduate,RENT,Education,0
661,61600.0,49900.0,322400.0,36,13100.0,0.83,1,10.0,Salaried,Graduate,OWN,Personal,0
811,59100.0,0.0,44200.0,120,21100.0,0.52,0,20.2,Self-Employed,Graduate,OWN,Personal,1
738,19700.0,0.0,41300.0,36,7600.0,0.34,1,21.0,Salaried,Graduate,OWN,Business,1
593,15000.0,19200.0,58500.0,12,6400.0,0.06,2,4.5,Salaried,Post Graduate,RENT,Business,0
638,61900.0,28300.0,131800.0,48,30500.0,0.24,0,5.4,Salaried,Graduate,MORTGAGE,Home,1
721,46300.0,0.0,135100.0,60,4400.0,0.51,1,1.6,Unemployed,Not Graduate,RENT,Vehicle,0
612,36000.0,0.0,102800.0,36,20400.0,0.14,0,16.1,Business,Graduate,RENT,Vehicle,0
628,56700.0,13000.0,210700.0,60,14000.0,0.29,0,5.8,Salaried,Graduate,RENT,Education,0
804,47300.0,0.0,53700.0,48,24400.0,0.25,0,9.3,Salaried,Graduate,MORTGAGE,Home,1
637,96400.0,13200.0,180100.0,36,12800.0,0.42,1,2.0,Salaried,Graduate,OWN,Education,0
771,51600.0,32200.0,112200.0,24,900.0,0.52,0,8.6,Salaried,Graduate,RENT,Vehicle,1
796,31300.0,0.0,83300.0,60,10800.0,0.24,0,0.5,Salaried,Graduate,OWN,Vehicle,1
627,88800.0,0.0,208200.0,36,17300.0,0.41,1,14.0,Salaried,Graduate,OWN,Education,0
614,43000.0,0.0,78300.0,240,25400.0,0.12,2,17.2,Salaried,Post Graduate,OWN,Vehicle,0
666,67200.0,0.0,244900.0,48,4200.0,0.45,0,11.5,Salaried,Graduate,OWN,Personal,1
597,36800.0,0.0,32200.0,36,1000.0,0.48,0,3.3,Self-Employed,Post Graduate,MORTGAGE,Vehicle,0
700,33200.0,50800.0,369600.0,36,900.0,0.61,1,10.8,Salaried,Graduate,RENT,Personal,0
672,51600.0,0.0,49900.0,24,6700.0,0.16,1,9.0,Self-Employed,Post Graduate,OWN,Education,1
720,49400.0,41600.0,326900.0,60,17200.0,0.24,0,14.9,Self-Employed,Not Graduate,OWN,Vehicle,1
808,65400.0,24800.0,178000.0,60,19800.0,0.66,0,12.2,Self-Employed,Graduate,RENT,Business,1
759,41700.0,0.0,165200.0,120,8800.0,0.16,0,2.6,Salaried,Graduate,MORTGAGE,Home,1
731,16300.0,0.0,13000.0,36,900.0,0.64,0,13.8,Salaried,Graduate,RENT,Personal,1
522,37800.0,0.0,75600.0,36,5300.0,0.28,0,7.6,Salaried,Not Graduate,OWN,Home,0
727,78900.0,0.0,145300.0,24,8700.0,0.3,1,14.6,Salaried,Graduate,MORTGAGE,Home,1
836,41000.0,11800.0,236200.0,36,18300.0,0.35,0,0.5,Self-Employed,Graduate,MORTGAGE,Vehicle,1
434,42300.0,0.0,187900.0,48,19800.0,0.6,0,10.6,Self-Employed,Graduate,OWN,Personal,0
748,88600.0,31500.0,151200.0,360,41300.0,0.39,0,6.5,Salaried,Graduate,MORTGAGE,Personal,1
676,32000.0,15900.0,144600.0,60,18600.0,0.63,0,8.5,Self-Employed,Graduate,OWN,Personal,0
617,19400.0,17000.0,96200.0,120,10300.0,0.51,0,4.6,Self-Employed,Graduate,OWN,Personal,0
758,44500.0,26600.0,79500.0,36,13300.0,0.16,0,10.5,Salaried,Post Graduate,RENT,Business,1
835,36700.0,32000.0,80500.0,24,9100.0,0.25,0,3.3,Self-Employed,Post Graduate,RENT,Personal,1
755,27500.0,0.0,122600.0,36,15100.0,0.4,0,0.5,Business,Graduate,RENT,Home,0
658,44100.0,0.0,101900.0,36,16200.0,0.21,0,4.2,Salaried,Graduate,MORTGAGE,Home,0
609,65800.0,21000.0,87100.0,60,11600.0,0.54,0,4.3,Self-Employed,Graduate,OWN,Personal,0
702,48700.0,0.0,66200.0,36,16500.0,0.38,0,6.4,Salaried,Graduate,RENT,Personal,1
764,58900.0,43100.0,160500.0,180,35100.0,0.26,2,11.6,Salaried,Graduate,RENT,Business,0
657,145500.0,26600.0,437800.0,360,74200.0,0.32,0,3.3,Business,Graduate,MORTGAGE,Vehicle,0
665,39900.0,49400.0,164500.0,36,6700.0,0.56,0,11.9,Business,Graduate,OWN,Business,1
850,57900.0,33500.0,212100.0,60,33100.0,0.66,0,10.9,Salaried,Post Graduate,OWN,Home,1
781,36100.0,26900.0,73500.0,60,21300.0,0.41,2,13.0,Salaried,Graduate,MORTGAGE,Home,1
787,29500.0,24900.0,98300.0,36,4100.0,0.77,0,6.2,Salaried,Graduate,RENT,Personal,1
565,34500.0,34200.0,53700.0,240,18500.0,0.26,0,15.8,Salaried,Not Graduate,MORTGAGE,Home,0
629,36800.0,21900.0,238300.0,36,19500.0,0.77,1,6.5,Salaried,Post Graduate,RENT,Vehicle,0
696,60800.0,17600.0,101500.0,60,1500.0,0.36,1,12.5,Business,Graduate,RENT,Home,1
604,200700.0,36500.0,836700.0,36,80600.0,0.39,2,16.4,Business,Not Graduate,RENT,Personal,0
826,31900.0,25000.0,108000.0,36,5800.0,0.66,0,14.0,Self-Employed,Post Graduate,MORTGAGE,Personal,1
809,38200.0,27400.0,157300.0,48,15500.0,0.09,0,7.4,Salaried,Post Graduate,OWN,Personal,1
644,47200.0,46400.0,155800.0,180,25900.0,0.53,0,2.5,Business,Not Graduate,OWN,Personal,0
841,62200.0,25400.0,287800.0,24,18600.0,0.52,0,3.2,Unemployed,Post Graduate,RENT,Vehicle,1
689,57400.0,0.0,222600.0,24,14300.0,0.44,0,3.1,Self-Employed,Graduate,OWN,Education,0
850,105900.0,19900.0,207000.0,48,58600.0,0.1,0,4.6,Salaried,Graduate,RENT,Vehicle,1
702,15000.0,0.0,22000.0,24,8800.0,0.6,0,7.8,Salaried,Graduate,MORTGAGE,Home,0
738,15000.0,32000.0,151600.0,60,600.0,0.2,0,11.2,Business,Graduate,MORTGAGE,Education,1
808,36400.0,42200.0,100700.0,120,20200.0,0.43,0,11.9,Salaried,Graduate,OWN,Home,1
798,94700.0,20100.0,351200.0,180,4700.0,0.16,0,12.8,Salaried,Post Graduate,MORTGAGE,Personal,1
733,19200.0,0.0,16900.0,60,3900.0,0.75,3,12.5,Business,Post Graduate,RENT,Education,0
678,15000.0,40000.0,163900.0,240,6900.0,0.37,0,7.4,Salaried,Graduate,OWN,Home,1
733,69100.0,30500.0,254300.0,60,32200.0,0.76,1,11.3,Business,Post Graduate,RENT,Personal,0
620,56700.0,0.0,54200.0,240,24700.0,0.68,0,6.7,Self-Employed,Graduate,MORTGAGE,Business,0
702,25500.0,0.0,79000.0,36,600.0,0.27,0,9.5,Self-Employed,Graduate,OWN,Personal,1
595,27100.0,11500.0,88200.0,48,2200.0,0.7,0,6.9,Self-Employed,Not Graduate,RENT,Vehicle,0
538,27400.0,39800.0,92000.0,360,15400.0,0.32,0,7.9,Salaried,Graduate,OWN,Home,0
694,52400.0,0.0,100300.0,60,2600.0,0.22,0,6.3,Self-Employed,Graduate,MORTGAGE,Vehicle,1
797,33700.0,69100.0,253800.0,180,1600.0,0.03,0,0.5,Self-Employed,Post Graduate,OWN,Personal,1
768,65900.0,12400.0,67800.0,12,33000.0,0.69,1,6.7,Salaried,Graduate,RENT,Home,1
683,15000.0,47900.0,272400.0,180,5800.0,0.04,0,11.0,Salaried,Not Graduate,RENT,Vehicle,1
838,29300.0,25800.0,174200.0,60,6200.0,0.38,0,12.7,Business,Post Graduate,RENT,Vehicle,1
641,24900.0,22400.0,43000.0,36,2500.0,0.67,0,10.5,Salaried,Post Graduate,OWN,Vehicle,1
526,42000.0,29500.0,271100.0,12,22300.0,0.39,0,3.2,Salaried,Graduate,RENT,Vehicle,0
504,35500.0,36900.0,129600.0,36,21100.0,0.32,0,5.5,Salaried,Graduate,RENT,Home,0
589,79100.0,0.0,228400.0,240,2400.0,0.2,0,0.5,Unemployed,Graduate,RENT,Vehicle,0
759,16100.0,0.0,25900.0,60,5400.0,0.26,2,11.4,Salaried,Graduate,RENT,Personal,1
636,50400.0,37200.0,300800.0,240,7900.0,0.45,3,3.5,Business,Post Graduate,OWN,Personal,0
729,68500.0,11500.0,271400.0,48,34200.0,0.15,0,9.9,Salaried,Post Graduate,RENT,Home,0
829,149300.0,20100.0,458800.0,240,31000.0,0.46,0,10.2,Salaried,Graduate,RENT,Home,1
596,36700.0,123000.0,233800.0,48,15700.0,0.28,0,3.6,Salaried,Post Graduate,RENT,Home,0
730,59600.0,16600.0,115400.0,36,19300.0,0.49,0,9.4,Business,Graduate,RENT,Vehicle,1
735,16600.0,47800.0,130800.0,36,5400.0,0.7,0,17.1,Self-Employed,Post Graduate,OWN,Education,1
616,15000.0,0.0,16200.0,360,7700.0,0.49,3,6.2,Business,Graduate,RENT,Personal,0
805,81400.0,34700.0,214900.0,36,23000.0,0.58,0,13.4,Salaried,Graduate,OWN,Business,1
665,48900.0,0.0,158300.0,36,24800.0,0.42,0,9.3,Unemployed,Graduate,RENT,Education,0
657,99400.0,47300.0,560900.0,12,21700.0,0.58,2,9.5,Salaried,Not Graduate,OWN,Business,0
850,21500.0,0.0,39400.0,36,2300.0,0.13,1,7.5,Self-Employed,Graduate,OWN,Home,1
734,67000.0,72700.0,200400.0,180,18300.0,0.37,0,12.7,Salaried,Post Graduate,OWN,Personal,1
768,150400.0,0.0,576100.0,48,45000.0,0.23,0,7.2,Business,Post Graduate,RENT,Vehicle,0
805,63100.0,0.0,256400.0,60,18100.0,0.41,0,11.0,Business,Graduate,MORTGAGE,Education,1
634,57900.0,0.0,123900.0,240,28100.0,0.26,1,12.7,Self-Employed,Not Graduate,RENT,Personal,0
796,49300.0,15400.0,39300.0,48,16700.0,0.47,2,13.1,Salaried,Graduate,MORTGAGE,Education,1
647,19100.0,23300.0,139100.0,120,10200.0,0.61,0,10.8,Self-Employed,Graduate,OWN,Business,0
643,110600.0,29200.0,508300.0,36,34100.0,0.28,0,11.8,Business,Post Graduate,OWN,Personal,0
666,34000.0,21700.0,31900.0,360,4600.0,0.27,0,8.1,Self-Employed,Graduate,RENT,Personal,1
637,66300.0,91200.0,453600.0,24,5200.0,0.37,0,5.9,Business,Post Graduate,MORTGAGE,Education,0
759,19200.0,17700.0,105300.0,60,10000.0,0.12,0,9.6,Self-Employed,Graduate,RENT,Vehicle,1
712,24200.0,48500.0,146500.0,60,800.0,0.6,2,9.7,Self-Employed,Graduate,RENT,Education,0
648,116000.0,0.0,405900.0,36,8200.0,0.26,0,9.7,Self-Employed,Post Graduate,OWN,Education,0
747,39800.0,0.0,88100.0,36,1500.0,0.57,0,13.6,Salaried,Graduate,MORTGAGE,Home,1
666,117200.0,17500.0,432000.0,36,29800.0,0.64,0,8.2,Self-Employed,Not Graduate,MORTGAGE,Personal,0
662,46800.0,18300.0,167200.0,24,15000.0,0.17,1,1.2,Self-Employed,Graduate,RENT,Vehicle,0
694,16200.0,20800.0,55300.0,60,200.0,0.29,0,0.5,Self-Employed,Graduate,OWN,Business,1
729,83700.0,11000.0,277100.0,360,25900.0,0.31,0,8.9,Business,Graduate,OWN,Business,1
723,34400.0,0.0,118600.0,60,8100.0,0.47,0,13.1,Salaried,Graduate,RENT,Home,1
659,74500.0,12800.0,383700.0,48,34600.0,0.36,0,7.0,Salaried,Not Graduate,RENT,Home,0
762,49800.0,52700.0,207100.0,12,24800.0,0.62,0,17.4,Salaried,Graduate,RENT,Business,1
671,19400.0,36700.0,42500.0,24,8000.0,0.16,0,8.8,Salaried,Graduate,RENT,Business,1
634,54100.0,39900.0,418500.0,48,15400.0,0.49,0,20.0,Salaried,Post Graduate,MORTGAGE,Education,0
565,183100.0,36100.0,656600.0,360,23700.0,0.1,0,7.6,Self-Employed,Post Graduate,OWN,Home,0
773,65900.0,29200.0,407600.0,180,33500.0,0.67,0,15.9,Self-Employed,Not Graduate,RENT,Home,0
691,47400.0,0.0,43400.0,36,9700.0,0.37,0,6.0,Self-Employed,Graduate,OWN,Personal,1
707,93500.0,0.0,174700.0,48,20000.0,0.33,0,13.4,Salaried,Not Graduate,MORTGAGE,Vehicle,1
778,55600.0,28400.0,87000.0,60,30600.0,0.44,0,11.0,Salaried,Graduate,OWN,Personal,1
649,55600.0,39100.0,363800.0,60,32500.0,0.75,0,9.8,Self-Employed,Graduate,RENT,Personal,0
573,25500.0,0.0,102500.0,60,13700.0,0.4,1,9.8,Self-Employed,Not Graduate,OWN,Education,0
695,56400.0,126500.0,458200.0,120,33800.0,0.32,0,15.1,Self-Employed,Not Graduate,MORTGAGE,Business,0
716,91200.0,27300.0,147700.0,12,47500.0,0.27,1,7.2,Business,Post Graduate,MORTGAGE,Education,0
667,29700.0,28900.0,59100.0,240,12600.0,0.14,1,8.6,Salaried,Post Graduate,RENT,Home,0
815,115200.0,0.0,328600.0,24,20300.0,0.27,1,21.7,Salaried,Not Graduate,RENT,Education,1
478,46400.0,42500.0,224500.0,48,26500.0,0.3,1,10.8,Salaried,Graduate,RENT,Home,0
785,28800.0,27400.0,184300.0,240,15100.0,0.53,0,14.3,Salaried,Graduate,MORTGAGE,Education,1
757,89200.0,28700.0,202900.0,48,12900.0,0.46,0,6.9,Salaried,Graduate,RENT,Vehicle,1
728,41300.0,12700.0,113900.0,24,12100.0,0.34,1,5.4,Salaried,Graduate,OWN,Personal,1
406,77300.0,0.0,45300.0,36,3200.0,0.24,0,11.9,Salaried,Graduate,RENT,Personal,0
799,41100.0,34800.0,223200.0,60,23500.0,0.55,0,9.2,Salaried,Post Graduate,RENT,Vehicle,1
602,47300.0,0.0,103700.0,24,16300.0,0.33,0,7.1,Salaried,Post Graduate,MORTGAGE,Home,0
646,65900.0,0.0,275400.0,48,9700.0,0.31,0,0.5,Self-Employed,Graduate,OWN,Home,0
675,58400.0,25300.0,256700.0,36,10200.0,0.14,1,0.5,Unemployed,Graduate,MORTGAGE,Education,0
724,15000.0,13400.0,59500.0,120,8800.0,0.5,2,0.5,Salaried,Graduate,MORTGAGE,Home,0
744,25000.0,45600.0,109700.0,24,9200.0,0.34,0,9.8,Salaried,Graduate,OWN,Vehicle,1
765,85600.0,0.0,352800.0,60,21600.0,0.36,1,2.7,Salaried,Not Graduate,RENT,Home,0
759,45300.0,42200.0,49400.0,48,13600.0,0.5,0,0.5,Salaried,Graduate,RENT,Education,1
711,35800.0,24800.0,109500.0,60,2100.0,0.64,1,3.7,Salaried,Post Graduate,OWN,Home,1
725,21700.0,45400.0,286800.0,36,1000.0,0.54,0,0.5,Salaried,Graduate,RENT,Home,0
597,25600.0,149400.0,545300.0,60,9100.0,0.85,1,5.0,Business,Graduate,RENT,Personal,0
626,15000.0,28500.0,114400.0,60,4600.0,0.37,1,4.7,Self-Employed,Graduate,OWN,Vehicle,0
766,46100.0,14000.0,79000.0,24,9900.0,0.33,3,10.5,Salaried,Post Graduate,RENT,Home,0
761,34200.0,0.0,131100.0,120,11600.0,0.22,1,8.8,Salaried,Graduate,OWN,Home,1
751,27400.0,0.0,36100.0,180,1200.0,0.67,0,5.6,Self-Employed,Graduate,MORTGAGE,Personal,1
646,47100.0,0.0,70300.0,24,26700.0,0.16,0,11.3,Self-Employed,Graduate,OWN,Home,1
767,61000.0,29300.0,114400.0,60,10700.0,0.17,1,1.8,Salaried,Graduate,OWN,Home,1
591,172100.0,32500.0,231700.0,60,7400.0,0.47,0,5.6,Salaried,Post Graduate,MORTGAGE,Personal,0
781,19800.0,58000.0,335600.0,12,2000.0,0.25,1,4.1,Salaried,Not Graduate,RENT,Vehicle,1
667,98300.0,0.0,285900.0,36,5600.0,0.17,0,7.7,Salaried,Graduate,MORTGAGE,Personal,1
833,87900.0,0.0,268200.0,360,9400.0,0.16,0,0.5,Salaried,Not Graduate,OWN,Personal,1
560,30700.0,0.0,132500.0,60,7700.0,0.28,0,19.4,Salaried,Graduate,OWN,Home,1
839,55400.0,0.0,78800.0,240,24500.0,0.11,0,9.8,Self-Employed,Graduate,OWN,Home,1
659,37300.0,38300.0,39600.0,60,6100.0,0.33,0,9.9,Salaried,Graduate,MORTGAGE,Personal,1
657,54800.0,30600.0,247300.0,12,14300.0,0.41,0,0.5,Unemployed,Post Graduate,OWN,Education,0
706,121200.0,11300.0,335400.0,24,67500.0,0.46,0,9.1,Self-Employed,Post Graduate,RENT,Home,0
630,70500.0,18200.0,213800.0,60,12500.0,0.37,0,6.9,Business,Post Graduate,RENT,Home,0
683,66500.0,15000.0,60900.0,60,31700.0,0.69,1,13.6,Business,Graduate,MORTGAGE,Vehicle,0
627,37900.0,9800.0,110600.0,24,3600.0,0.38,0,6.6,Business,Post Graduate,OWN,Home,1
630,20100.0,0.0,33200.0,60,2200.0,0.18,0,6.2,Salaried,Graduate,OWN,Business,1
731,43300.0,18100.0,98100.0,120,11900.0,0.19,0,7.7,Salaried,Post Graduate,RENT,Vehicle,1
613,101100.0,100000.0,279400.0,120,14200.0,0.22,2,14.9,Salaried,Graduate,RENT,Personal,0
624,19600.0,24700.0,81100.0,36,10600.0,0.66,0,0.5,Salaried,Graduate,RENT,Personal,0
573,26000.0,0.0,49700.0,36,800.0,0.33,0,0.5,Salaried,Post Graduate,OWN,Home,0
647,52900.0,0.0,91800.0,360,19000.0,0.39,2,0.5,Salaried,Graduate,MORTGAGE,Home,0
801,27200.0,0.0,120100.0,180,9900.0,0.3,0,13.4,Business,Graduate,OWN,Personal,1
618,30500.0,28200.0,248400.0,36,1200.0,0.47,1,12.8,Self-Employed,Graduate,OWN,Home,0
627,38000.0,17100.0,154200.0,120,16700.0,0.14,2,2.0,Unemployed,Post Graduate,OWN,Education,0
706,21600.0,21800.0,192000.0,36,6100.0,0.33,2,0.9,Salaried,Not Graduate,OWN,Home,0
658,27300.0,24100.0,229500.0,36,11800.0,0.28,1,12.8,Salaried,Post Graduate,MORTGAGE,Business,0
850,74800.0,0.0,143900.0,36,37100.0,0.2,0,0.8,Salaried,Graduate,MORTGAGE,Education,1
676,22400.0,68000.0,206200.0,24,4300.0,0.18,0,6.6,Salaried,Post Graduate,OWN,Vehicle,1
718,18800.0,32500.0,222400.0,180,5500.0,0.49,0,5.3,Salaried,Graduate,MORTGAGE,Education,1
770,33600.0,34200.0,199000.0,60,5300.0,0.4,0,24.3,Unemployed,Graduate,RENT,Business,1
768,76100.0,35200.0,150400.0,36,9200.0,0.76,0,7.2,Salaried,Graduate,RENT,Personal,1
709,43600.0,0.0,142000.0,120,0.0,0.46,0,14.4,Salaried,Post Graduate,OWN,Vehicle,1
676,37100.0,0.0,49100.0,120,21500.0,0.47,0,10.3,Salaried,Graduate,RENT,Home,0
850,50300.0,22900.0,136000.0,24,13300.0,0.13,0,5.6,Business,Post Graduate,MORTGAGE,Education,1
681,17200.0,29200.0,65400.0,60,100.0,0.47,0,5.1,Self-Employed,Post Graduate,RENT,Education,1
652,66000.0,48000.0,168700.0,60,400.0,0.6,0,8.4,Self-Employed,Graduate,RENT,Personal,0
635,61700.0,47200.0,56500.0,60,10700.0,0.04,0,8.4,Salaried,Post Graduate,MORTGAGE,Home,1
543,38300.0,23900.0,250200.0,60,300.0,0.21,1,5.5,Self-Employed,Graduate,OWN,Education,0
759,89600.0,39500.0,217400.0,36,20100.0,0.42,1,10.8,Self-Employed,Graduate,OWN,Business,1
490,24900.0,24400.0,41700.0,36,900.0,0.14,2,8.2,Salaried,Not Graduate,RENT,Personal,0
689,96400.0,27400.0,105000.0,120,2300.0,0.62,0,4.5,Self-Employed,Not Graduate,RENT,Home,1
672,53800.0,0.0,146600.0,180,21600.0,0.08,0,6.2,Self-Employed,Graduate,MORTGAGE,Home,0
850,40100.0,24600.0,289300.0,36,21800.0,0.66,0,10.5,Salaried,Graduate,OWN,Home,1
534,48400.0,52600.0,109100.0,12,11900.0,0.76,1,2.7,Salaried,Graduate,OWN,Business,0
613,46000.0,28200.0,66700.0,180,23100.0,0.59,0,2.7,Salaried,Graduate,RENT,Home,0
678,101900.0,28800.0,294500.0,36,1800.0,0.19,1,1.6,Self-Employed,Graduate,RENT,Personal,0
673,25700.0,13000.0,106600.0,36,12000.0,0.37,0,6.2,Self-Employed,Graduate,MORTGAGE,Home,0
643,31000.0,23000.0,90600.0,36,1200.0,0.61,0,6.8,Salaried,Graduate,MORTGAGE,Personal,0
683,91300.0,0.0,156100.0,48,45900.0,0.26,0,2.4,Salaried,Not Graduate,RENT,Home,0
582,34300.0,17800.0,114500.0,36,18200.0,0.12,1,8.0,Salaried,Graduate,RENT,Home,0
720,84100.0,27200.0,195500.0,60,39700.0,0.22,0,8.0,Salaried,Graduate,RENT,Home,1
492,135900.0,21700.0,655800.0,24,66900.0,0.21,0,12.6,Self-Employed,Graduate,RENT,Vehicle,0
687,38500.0,0.0,25700.0,360,13000.0,0.85,0,12.5,Business,Graduate,RENT,Vehicle,0
638,73800.0,0.0,106100.0,240,11700.0,0.59,2,0.5,Salaried,Post Graduate,OWN,Personal,0
776,24500.0,0.0,91500.0,240,9500.0,0.45,0,9.4,Salaried,Not Graduate,MORTGAGE,Home,1
839,77100.0,22000.0,380100.0,180,20300.0,0.35,0,0.5,Business,Graduate,MORTGAGE,Business,1
661,55300.0,0.0,52300.0,60,200.0,0.08,0,10.8,Salaried,Post Graduate,RENT,Home,1
808,65100.0,48600.0,499700.0,36,18600.0,0.17,0,10.7,Self-Employed,Graduate,OWN,Personal,1
663,33300.0,0.0,109000.0,12,13000.0,0.13,0,3.0,Salaried,Graduate,MORTGAGE,Education,1
607,18100.0,0.0,28800.0,24,200.0,0.75,0,9.7,Self-Employed,Graduate,MORTGAGE,Personal,0
838,66300.0,0.0,154100.0,36,24700.0,0.76,1,2.8,Salaried,Graduate,RENT,Education,1
734,15000.0,0.0,25300.0,48,5900.0,0.3,0,7.3,Salaried,Post Graduate,OWN,Vehicle,1
690,40500.0,42500.0,91300.0,360,3800.0,0.77,0,8.4,Business,Graduate,OWN,Personal,1
748,86200.0,35400.0,202400.0,48,22300.0,0.64,0,6.7,Salaried,Graduate,RENT,Home,1
713,55000.0,38700.0,264300.0,48,31800.0,0.32,0,11.7,Salaried,Graduate,RENT,Home,1
684,157800.0,0.0,600300.0,60,83700.0,0.09,1,4.1,Unemployed,Post Graduate,MORTGAGE,Business,0
577,90700.0,0.0,177200.0,36,22400.0,0.17,0,10.5,Salaried,Post Graduate,RENT,Vehicle,0
667,33100.0,35700.0,130100.0,240,6900.0,0.58,0,1.8,Salaried,Post Graduate,OWN,Personal,0
742,49800.0,45900.0,227000.0,48,3700.0,0.4,0,0.5,Self-Employed,Graduate,RENT,Personal,1
679,47600.0,0.0,146500.0,36,1000.0,0.09,3,0.5,Business,Post Graduate,OWN,Personal,0
766,19000.0,12700.0,111200.0,240,3400.0,0.27,0,3.0,Self-Employed,Graduate,OWN,Personal,1
722,27900.0,29100.0,103000.0,60,15700.0,0.22,0,11.3,Business,Graduate,RENT,Home,1
615,35000.0,0.0,99600.0,48,20100.0,0.38,0,10.7,Self-Employed,Graduate,OWN,Home,0
577,15000.0,20500.0,73000.0,60,7300.0,0.11,0,6.9,Salaried,Not Graduate,OWN,Personal,0
676,50400.0,0.0,169600.0,60,10600.0,0.34,1,0.5,Self-Employed,Graduate,RENT,Education,0
645,42200.0,10600.0,61200.0,36,3600.0,0.21,0,17.1,Self-Employed,Not Graduate,RENT,Personal,1
718,18000.0,0.0,27500.0,180,6400.0,0.46,0,0.5,Salaried,Post Graduate,MORTGAGE,Business,1
628,62500.0,21100.0,184300.0,360,24200.0,0.31,1,9.8,Salaried,Graduate,OWN,Vehicle,0
637,75300.0,0.0,305500.0,60,19200.0,0.18,0,6.0,Self-Employed,Graduate,RENT,Personal,0
779,56200.0,56800.0,315600.0,60,23300.0,0.11,0,10.0,Unemployed,Graduate,RENT,Personal,1
702,40400.0,0.0,176200.0,180,18100.0,0.58,0,14.6,Self-Employed,Post Graduate,OWN,Business,1
630,69900.0,20000.0,82100.0,36,32800.0,0.4,0,8.9,Self-Employed,Post Graduate,OWN,Personal,0
691,73700.0,42400.0,271800.0,360,22200.0,0.25,0,11.5,Salaried,Post Graduate,RENT,Personal,1
807,58900.0,37200.0,209100.0,60,28000.0,0.16,0,23.4,Salaried,Not Graduate,OWN,Personal,1
714,29900.0,15500.0,131700.0,48,500.0,0.25,0,13.1,Self-Employed,Not Graduate,RENT,Vehicle,1
740,57900.0,37800.0,358700.0,60,23600.0,0.31,0,0.5,Salaried,Graduate,RENT,Home,0
626,100400.0,0.0,388100.0,48,14200.0,0.56,0,0.5,Self-Employed,Graduate,RENT,Personal,0
777,34300.0,0.0,109100.0,24,5600.0,0.31,0,10.7,Salaried,Graduate,MORTGAGE,Home,1
850,172600.0,32900.0,630100.0,120,9500.0,0.65,0,5.7,Salaried,Post Graduate,RENT,Personal,1
622,35800.0,0.0,153800.0,60,4100.0,0.48,0,12.0,Salaried,Graduate,OWN,Personal,0
589,50000.0,17500.0,137300.0,120,29800.0,0.68,0,0.5,Salaried,Post Graduate,OWN,Personal,0
704,32700.0,0.0,125300.0,36,8100.0,0.41,1,13.8,Self-Employed,Graduate,RENT,Personal,1
764,56000.0,17800.0,308900.0,48,31200.0,0.53,4,7.5,Salaried,Graduate,OWN,Vehicle,0
682,17200.0,53400.0,174100.0,120,1700.0,0.14,2,18.4,Salaried,Graduate,OWN,Vehicle,1
600,35300.0,27100.0,213200.0,360,4300.0,0.28,1,8.0,Salaried,Graduate,MORTGAGE,Vehicle,0
680,25500.0,35700.0,122900.0,180,8500.0,0.47,0,10.7,Self-Employed,Post Graduate,OWN,Education,1
740,53200.0,0.0,60400.0,180,11200.0,0.72,0,6.1,Salaried,Post Graduate,RENT,Personal,1
655,89000.0,8300.0,276900.0,36,34400.0,0.71,0,5.7,Self-Employed,Graduate,OWN,Home,0
741,72200.0,0.0,92800.0,120,18300.0,0.19,0,9.5,Salaried,Post Graduate,RENT,Home,1
789,15000.0,27700.0,99500.0,36,7300.0,0.13,0,6.5,Salaried,Post Graduate,MORTGAGE,Home,1
710,166900.0,33400.0,799500.0,36,43200.0,0.16,0,5.0,Self-Employed,Post Graduate,MORTGAGE,Business,0
687,58500.0,17800.0,64400.0,24,20100.0,0.3,0,9.8,Salaried,Graduate,MORTGAGE,Business,1
760,30800.0,0.0,19100.0,180,5900.0,0.12,2,5.1,Salaried,Graduate,RENT,Personal,1
617,53900.0,0.0,157700.0,24,22800.0,0.44,0,10.0,Business,Graduate,OWN,Home,0
608,54500.0,0.0,99400.0,24,21400.0,0.35,0,0.5,Business,Graduate,RENT,Personal,0
667,32900.0,0.0,71500.0,36,7800.0,0.26,0,8.0,Salaried,Graduate,OWN,Education,1
648,55200.0,0.0,117200.0,60,9100.0,0.44,0,7.0,Salaried,Post Graduate,OWN,Education,1
621,34000.0,24400.0,49400.0,180,12500.0,0.67,1,0.5,Salaried,Graduate,OWN,Business,0
845,38500.0,0.0,19800.0,48,21800.0,0.62,0,1.9,Self-Employed,Graduate,RENT,Home,1
850,32500.0,18200.0,207600.0,48,2600.0,0.42,0,0.5,Self-Employed,Post Graduate,OWN,Vehicle,1
659,20800.0,21100.0,57500.0,36,10000.0,0.54,0,8.5,Self-Employed,Graduate,MORTGAGE,Home,0
697,53500.0,9600.0,139100.0,36,17400.0,0.47,0,4.0,Self-Employed,Post Graduate,RENT,Education,0
674,69600.0,0.0,305400.0,24,21900.0,0.18,1,6.4,Unemployed,Graduate,OWN,Personal,0
784,66800.0,0.0,254300.0,48,38500.0,0.23,0,14.7,Business,Not Graduate,RENT,Personal,1
800,80200.0,24600.0,97600.0,60,29200.0,0.54,0,8.0,Salaried,Not Graduate,RENT,Home,1
538,59600.0,0.0,151000.0,36,29700.0,0.17,0,9.5,Salaried,Post Graduate,MORTGAGE,Business,0
730,35600.0,32200.0,231900.0,120,11000.0,0.23,1,5.6,Salaried,Graduate,OWN,Business,1
578,81100.0,0.0,267100.0,360,12200.0,0.63,1,4.3,Salaried,Graduate,RENT,Education,0
839,21700.0,20100.0,148100.0,24,9000.0,0.72,1,0.8,Business,Graduate,RENT,Personal,1
727,28600.0,10100.0,90200.0,12,15800.0,0.57,0,11.6,Salaried,Post Graduate,RENT,Education,1
620,27500.0,20200.0,57400.0,120,13900.0,0.74,1,15.7,Self-Employed,Graduate,RENT,Personal,0
669,93700.0,0.0,221100.0,36,11200.0,0.44,0,13.9,Business,Post Graduate,OWN,Home,0
665,86300.0,0.0,266800.0,36,16400.0,0.34,0,2.1,Salaried,Not Graduate,MORTGAGE,Home,1
734,65700.0,42400.0,317200.0,36,20400.0,0.03,0,14.3,Business,Not Graduate,OWN,Business,1
778,93300.0,43000.0,106600.0,240,32000.0,0.28,1,7.2,Self-Employed,Post Graduate,MORTGAGE,Education,1
592,28900.0,0.0,22000.0,60,3400.0,0.59,0,15.4,Salaried,Graduate,OWN,Personal,1
846,60400.0,0.0,263400.0,12,8300.0,0.48,1,9.9,Salaried,Not Graduate,OWN,Vehicle,1
826,45500.0,0.0,50400.0,12,20700.0,0.07,1,9.6,Salaried,Post Graduate,RENT,Home,1
615,81500.0,18500.0,167800.0,36,35700.0,0.32,0,9.7,Salaried,Graduate,RENT,Vehicle,0
696,45700.0,0.0,163200.0,36,23000.0,0.37,0,0.5,Self-Employed,Post Graduate,OWN,Vehicle,0
835,38900.0,44200.0,177700.0,48,21800.0,0.46,1,1.7,Unemployed,Graduate,RENT,Business,1
794,67800.0,24700.0,113400.0,120,12500.0,0.77,0,4.9,Salaried,Not Graduate,RENT,Home,1
661,82900.0,14400.0,230500.0,36,42800.0,0.36,0,6.2,Salaried,Post Graduate,RENT,Business,0
759,32800.0,17800.0,140500.0,36,13100.0,0.27,0,8.6,Salaried,Post Graduate,RENT,Personal,1
850,47300.0,17400.0,149500.0,36,27200.0,0.22,0,5.7,Business,Graduate,OWN,Business,1
698,26000.0,27500.0,223400.0,12,4200.0,0.44,0,5.5,Self-Employed,Graduate,MORTGAGE,Home,0
636,15000.0,0.0,24600.0,360,2400.0,0.13,1,14.2,Salaried,Graduate,MORTGAGE,Education,1
704,55300.0,22600.0,245000.0,24,23400.0,0.28,0,14.8,Business,Graduate,MORTGAGE,Business,0
710,70600.0,8700.0,75300.0,36,39300.0,0.48,0,11.0,Business,Not Graduate,RENT,Personal,0
645,57400.0,24500.0,169500.0,24,28400.0,0.23,0,4.4,Salaried,Post Graduate,MORTGAGE,Education,0
727,15200.0,24900.0,138900.0,48,6600.0,0.22,0,10.1,Salaried,Post Graduate,RENT,Business,1
583,39700.0,0.0,55600.0,240,9200.0,0.66,0,14.4,Salaried,Graduate,RENT,Business,0
633,15000.0,19700.0,99200.0,24,6500.0,0.45,0,6.8,Salaried,Graduate,MORTGAGE,Personal,1
754,111500.0,0.0,124200.0,48,53600.0,0.44,0,14.7,Salaried,Graduate,RENT,Personal,1
540,25500.0,27800.0,48500.0,12,11500.0,0.48,0,17.7,Salaried,Graduate,OWN,Home,0
766,104100.0,0.0,269900.0,120,42300.0,0.23,1,12.9,Business,Graduate,MORTGAGE,Vehicle,0
518,86500.0,33100.0,382700.0,60,2400.0,0.59,0,11.1,Salaried,Graduate,RENT,Vehicle,0
542,28600.0,0.0,27300.0,60,11300.0,0.28,3,9.7,Salaried,Graduate,RENT,Education,0
647,24800.0,21100.0,191500.0,48,7100.0,0.16,1,11.2,Salaried,Graduate,RENT,Education,0
714,60500.0,53600.0,160100.0,240,34900.0,0.4,1,10.1,Salaried,Graduate,OWN,Personal,1
802,29500.0,0.0,28900.0,48,10700.0,0.27,0,1.9,Self-Employed,Graduate,MORTGAGE,Home,1
694,52100.0,40700.0,121600.0,48,19000.0,0.35,0,14.7,Salaried,Post Graduate,RENT,Education,1
669,36700.0,49700.0,101800.0,60,21900.0,0.32,0,8.4,Unemployed,Post Graduate,MORTGAGE,Education,1
739,16800.0,35000.0,44700.0,48,900.0,0.43,0,20.2,Salaried,Graduate,RENT,Personal,1
615,15000.0,0.0,55400.0,36,2500.0,0.33,4,21.8,Salaried,Graduate,MORTGAGE,Education,0
701,56200.0,12200.0,169800.0,36,22100.0,0.24,0,6.7,Self-Employed,Graduate,MORTGAGE,Business,1
588,35000.0,29800.0,133100.0,24,6600.0,0.37,0,9.0,Unemployed,Graduate,OWN,Vehicle,0
697,35200.0,24600.0,257300.0,48,7300.0,0.46,1,5.8,Unemployed,Post Graduate,OWN,Education,0
678,74400.0,62200.0,271000.0,60,39800.0,0.6,0,3.2,Self-Employed,Post Graduate,MORTGAGE,Personal,0
621,99100.0,42800.0,165700.0,24,34400.0,0.35,0,7.7,Unemployed,Graduate,OWN,Vehicle,0
704,41600.0,0.0,66400.0,60,2600.0,0.66,3,8.2,Business,Post Graduate,MORTGAGE,Education,0
703,40000.0,0.0,58200.0,180,7500.0,0.44,0,1.5,Salaried,Not Graduate,RENT,Home,1
789,66200.0,0.0,165200.0,36,3000.0,0.45,0,2.4,Business,Post Graduate,RENT,Vehicle,1
553,21700.0,0.0,36200.0,36,7200.0,0.36,0,0.5,Salaried,Graduate,OWN,Education,0
683,56000.0,16200.0,185100.0,180,5800.0,0.51,0,2.2,Salaried,Graduate,RENT,Home,1
625,68300.0,32200.0,319300.0,60,35100.0,0.32,0,12.2,Salaried,Graduate,OWN,Personal,0
763,73700.0,0.0,266000.0,24,25500.0,0.52,0,15.2,Self-Employed,Graduate,OWN,Home,1
754,15300.0,31000.0,154700.0,48,500.0,0.85,0,0.5,Self-Employed,Post Graduate,RENT,Personal,0
733,31000.0,18700.0,65700.0,60,5600.0,0.39,0,1.3,Self-Employed,Post Graduate,OWN,Personal,1
630,28900.0,20100.0,47200.0,60,10700.0,0.52,0,14.1,Salaried,Not Graduate,RENT,Personal,0
765,52000.0,48400.0,268000.0,60,10500.0,0.16,0,3.7,Salaried,Graduate,RENT,Home,1
559,65400.0,15900.0,105300.0,60,20100.0,0.85,1,5.7,Salaried,Not Graduate,MORTGAGE,Education,0
542,120300.0,0.0,101000.0,120,65600.0,0.14,1,4.6,Salaried,Graduate,MORTGAGE,Home,0
581,36400.0,0.0,94900.0,36,7600.0,0.14,0,12.6,Self-Employed,Post Graduate,RENT,Vehicle,0
687,36400.0,0.0,65800.0,60,7300.0,0.43,0,16.4,Salaried,Graduate,MORTGAGE,Vehicle,1
747,97700.0,17300.0,405300.0,360,48100.0,0.82,2,8.4,Salaried,Not Graduate,MORTGAGE,Vehicle,0
437,58600.0,0.0,102900.0,36,11200.0,0.36,0,5.8,Salaried,Graduate,OWN,Home,0
802,104900.0,12700.0,519200.0,120,4900.0,0.09,0,6.9,Self-Employed,Graduate,MORTGAGE,Education,1
701,58300.0,0.0,206000.0,36,6300.0,0.33,1,12.5,Salaried,Not Graduate,RENT,Business,0
556,24500.0,75100.0,72800.0,36,13900.0,0.5,0,10.6,Salaried,Not Graduate,RENT,Vehicle,0
698,22000.0,0.0,55800.0,240,12300.0,0.3,0,6.7,Salaried,Graduate,RENT,Vehicle,0
782,19300.0,0.0,53100.0,12,2600.0,0.3,0,7.8,Unemployed,Not Graduate,OWN,Personal,1
740,72900.0,0.0,239200.0,36,24200.0,0.53,2,4.4,Unemployed,Graduate,OWN,Home,0
783,100000.0,35700.0,338100.0,48,8200.0,0.1,0,4.7,Self-Employed,Post Graduate,OWN,Home,1
573,148700.0,0.0,361900.0,48,60200.0,0.17,0,1.0,Self-Employed,Not Graduate,MORTGAGE,Home,0
654,81300.0,25200.0,210000.0,60,9000.0,0.47,0,13.7,Salaried,Graduate,RENT,Home,1
611,98500.0,0.0,156200.0,36,2900.0,0.08,0,0.5,Salaried,Graduate,RENT,Education,1
835,34600.0,0.0,148300.0,24,17100.0,0.24,0,9.4,Self-Employed,Graduate,OWN,Education,1
744,24500.0,15900.0,71500.0,36,4800.0,0.6,0,7.9,Self-Employed,Graduate,MORTGAGE,Vehicle,1
850,81600.0,0.0,61500.0,48,5300.0,0.38,1,7.5,Salaried,Graduate,RENT,Education,1
650,63000.0,31700.0,110700.0,60,31500.0,0.19,1,4.9,Salaried,Graduate,RENT,Business,0
628,52300.0,17100.0,272700.0,60,23900.0,0.55,0,6.5,Salaried,Graduate,OWN,Education,0
677,61800.0,0.0,175900.0,48,25400.0,0.13,0,16.8,Self-Employed,Graduate,RENT,Home,1
807,59500.0,0.0,215100.0,36,32500.0,0.15,0,8.4,Self-Employed,Not Graduate,OWN,Education,1
658,105900.0,0.0,395500.0,120,31100.0,0.09,0,8.8,Business,Graduate,MORTGAGE,Vehicle,0
700,106600.0,44900.0,574600.0,24,8200.0,0.32,0,9.0,Self-Employed,Not Graduate,OWN,Education,0
698,68000.0,42400.0,298400.0,36,2500.0,0.64,1,4.5,Salaried,Post Graduate,OWN,Vehicle,1
693,81400.0,16300.0,118100.0,60,15600.0,0.26,0,5.2,Business,Graduate,MORTGAGE,Business,1
634,66700.0,15900.0,90300.0,36,3500.0,0.29,1,10.6,Salaried,Graduate,OWN,Home,1
678,37200.0,0.0,104000.0,48,12000.0,0.24,0,3.8,Business,Post Graduate,OWN,Personal,1
674,77200.0,26500.0,203900.0,36,700.0,0.33,0,7.5,Salaried,Graduate,OWN,Education,1
689,21200.0,19400.0,110900.0,48,5600.0,0.34,0,13.8,Salaried,Post Graduate,MORTGAGE,Personal,1
770,92300.0,45300.0,343200.0,36,9900.0,0.26,0,4.6,Self-Employed,Graduate,RENT,Business,1
839,23900.0,32000.0,162600.0,360,5300.0,0.63,0,7.5,Salaried,Not Graduate,MORTGAGE,Vehicle,1
618,58200.0,33000.0,57300.0,36,23600.0,0.43,0,6.6,Business,Graduate,RENT,Vehicle,0
656,29500.0,0.0,18600.0,60,6200.0,0.12,0,10.5,Salaried,Post Graduate,OWN,Business,1
619,68300.0,48200.0,394500.0,180,14000.0,0.64,0,8.7,Salaried,Not Graduate,OWN,Business,0
705,48000.0,6600.0,69500.0,60,28500.0,0.54,0,4.6,Salaried,Graduate,MORTGAGE,Business,1
644,18800.0,0.0,58400.0,60,8100.0,0.35,0,5.3,Self-Employed,Not Graduate,MORTGAGE,Vehicle,0
710,63100.0,42900.0,284700.0,60,19500.0,0.21,0,4.8,Salaried,Graduate,MORTGAGE,Home,1
783,34700.0,0.0,153600.0,48,12100.0,0.52,0,4.4,Salaried,Graduate,MORTGAGE,Personal,0
475,83200.0,50800.0,514800.0,120,31000.0,0.53,0,0.5,Salaried,Graduate,MORTGAGE,Personal,0
731,49100.0,26100.0,161900.0,24,700.0,0.63,0,8.9,Salaried,Graduate,RENT,Vehicle,1
650,62100.0,0.0,184200.0,180,3000.0,0.33,0,4.7,Salaried,Not Graduate,RENT,Personal,0
729,27600.0,31900.0,57700.0,60,10800.0,0.19,1,10.4,Salaried,Post Graduate,OWN,Home,1
613,34400.0,132400.0,341200.0,120,7500.0,0.14,2,8.4,Salaried,Not Graduate,OWN,Education,0
791,37200.0,52700.0,308900.0,12,1200.0,0.29,0,6.1,Salaried,Not Graduate,RENT,Personal,1
767,82000.0,0.0,245200.0,180,14600.0,0.37,0,5.7,Salaried,Post Graduate,RENT,Business,1
738,134100.0,0.0,326900.0,24,10500.0,0.25,0,1.4,Salaried,Post Graduate,RENT,Vehicle,1
757,30200.0,0.0,36400.0,60,16600.0,0.46,0,8.6,Salaried,Graduate,RENT,Education,1
626,93500.0,0.0,347100.0,48,11400.0,0.26,0,7.6,Business,Not Graduate,RENT,Business,0
637,15000.0,40600.0,88600.0,60,1300.0,0.42,3,4.9,Self-Employed,Graduate,RENT,Home,0
753,23900.0,28900.0,199700.0,60,9000.0,0.43,0,0.5,Salaried,Graduate,OWN,Business,1
624,27600.0,15300.0,126400.0,36,8600.0,0.3,0,7.0,Salaried,Graduate,MORTGAGE,Vehicle,0
812,21800.0,28000.0,99100.0,48,7500.0,0.26,0,7.3,Business,Graduate,MORTGAGE,Personal,1
662,19000.0,17600.0,24200.0,36,5000.0,0.4,3,13.5,Salaried,Graduate,OWN,Vehicle,1
732,62800.0,29000.0,131200.0,60,17600.0,0.33,0,8.2,Business,Post Graduate,RENT,Vehicle,1
850,43100.0,17500.0,245800.0,60,20100.0,0.46,0,14.0,Self-Employed,Graduate,RENT,Home,1
629,61600.0,27300.0,335300.0,24,8100.0,0.29,0,4.9,Salaried,Not Graduate,RENT,Home,0
695,74200.0,39200.0,317500.0,48,17700.0,0.44,0,6.7,Business,Post Graduate,RENT,Personal,0
779,57500.0,0.0,136000.0,60,33000.0,0.53,1,3.0,Salaried,Graduate,MORTGAGE,Education,1
770,72700.0,0.0,224500.0,36,8300.0,0.29,0,6.7,Self-Employed,Not Graduate,RENT,Education,1
662,47000.0,29800.0,181600.0,360,8300.0,0.05,1,12.1,Salaried,Graduate,OWN,Business,1
646,24000.0,38100.0,191100.0,48,2800.0,0.35,0,12.3,Salaried,Graduate,RENT,Vehicle,1
670,92500.0,15500.0,186800.0,36,1100.0,0.55,2,9.1,Salaried,Post Graduate,OWN,Home,0
813,34400.0,30600.0,250500.0,24,5600.0,0.33,0,1.3,Salaried,Graduate,RENT,Personal,1
666,28000.0,0.0,92600.0,48,800.0,0.62,0,1.0,Salaried,Graduate,MORTGAGE,Vehicle,0
696,44100.0,35800.0,145400.0,36,4100.0,0.39,0,6.8,Salaried,Graduate,OWN,Home,1
653,28300.0,0.0,108200.0,36,6200.0,0.21,0,4.6,Business,Graduate,OWN,Business,0
749,38200.0,37000.0,184200.0,12,500.0,0.54,3,11.3,Salaried,Post Graduate,RENT,Personal,0
703,60300.0,33700.0,112700.0,60,27200.0,0.19,0,10.4,Self-Employed,Post Graduate,RENT,Personal,1
604,60400.0,0.0,49000.0,60,28800.0,0.61,0,9.7,Business,Graduate,OWN,Education,0
607,28600.0,9800.0,126700.0,24,7100.0,0.15,2,5.1,Salaried,Graduate,RENT,Business,0
520,36600.0,12400.0,194100.0,60,21600.0,0.07,0,8.7,Salaried,Graduate,RENT,Personal,0
619,93400.0,0.0,348400.0,360,38100.0,0.44,0,9.7,Self-Employed,Post Graduate,RENT,Personal,0
757,66000.0,12700.0,245700.0,360,29500.0,0.53,0,6.3,Self-Employed,Graduate,RENT,Business,0
802,170300.0,32900.0,216500.0,180,19600.0,0.59,1,6.8,Salaried,Graduate,RENT,Personal,1
748,99500.0,22600.0,107000.0,120,50000.0,0.13,0,9.5,Salaried,Not Graduate,MORTGAGE,Education,1
737,97400.0,0.0,183100.0,36,55200.0,0.17,0,2.5,Salaried,Graduate,OWN,Personal,1
679,21300.0,0.0,83500.0,36,3000.0,0.16,0,5.1,Self-Employed,Graduate,OWN,Personal,1
755,77500.0,29700.0,466000.0,48,31900.0,0.38,0,4.7,Salaried,Graduate,MORTGAGE,Personal,0
714,47500.0,0.0,69600.0,60,21300.0,0.31,0,12.9,Self-Employed,Post Graduate,OWN,Vehicle,1
843,35200.0,19700.0,194800.0,180,6400.0,0.4,1,5.3,Salaried,Graduate,MORTGAGE,Vehicle,1
681,54200.0,0.0,151500.0,36,15400.0,0.39,1,8.1,Self-Employed,Graduate,RENT,Personal,0
804,86400.0,32100.0,74300.0,48,5100.0,0.65,1,11.2,Self-Employed,Not Graduate,MORTGAGE,Personal,1
764,66200.0,19300.0,228400.0,60,6900.0,0.62,0,4.2,Self-Employed,Graduate,RENT,Business,0
752,28900.0,0.0,107600.0,48,1100.0,0.25,1,12.4,Salaried,Not Graduate,MORTGAGE,Education,1
519,76500.0,0.0,122700.0,48,25700.0,0.21,0,12.8,Business,Graduate,RENT,Vehicle,0
768,33400.0,27400.0,248600.0,36,12500.0,0.21,1,0.5,Self-Employed,Graduate,RENT,Personal,0
679,55800.0,30700.0,125000.0,360,30700.0,0.25,0,9.8,Business,Graduate,RENT,Personal,1
652,40900.0,0.0,33000.0,48,13300.0,0.25,0,13.2,Self-Employed,Post Graduate,MORTGAGE,Home,1
563,43000.0,17800.0,69300.0,48,6700.0,0.58,0,6.1,Salaried,Post Graduate,OWN,Education,0
689,77600.0,0.0,298600.0,36,2800.0,0.38,0,10.7,Self-Employed,Post Graduate,OWN,Home,0
692,26300.0,24100.0,109300.0,48,14000.0,0.43,1,1.4,Salaried,Post Graduate,RENT,Vehicle,0
579,157500.0,25800.0,676000.0,36,45300.0,0.1,2,0.5,Salaried,Post Graduate,OWN,Education,0
564,16400.0,0.0,43000.0,36,7300.0,0.3,0,5.9,Salaried,Graduate,RENT,Home,0
731,34200.0,30700.0,157200.0,36,300.0,0.34,0,3.1,Business,Not Graduate,OWN,Personal,1
764,61200.0,0.0,228100.0,12,17900.0,0.16,0,9.8,Business,Graduate,RENT,Education,1
706,69600.0,0.0,152700.0,60,13600.0,0.15,1,9.6,Business,Graduate,RENT,Personal,1
787,46200.0,0.0,171300.0,36,800.0,0.3,0,16.8,Business,Post Graduate,OWN,Home,1
682,47400.0,24300.0,64700.0,180,22100.0,0.66,0,12.0,Unemployed,Graduate,MORTGAGE,Personal,0
685,62700.0,33400.0,292600.0,12,19300.0,0.55,0,5.0,Salaried,Graduate,MORTGAGE,Home,0
612,42700.0,30300.0,241700.0,12,8500.0,0.45,1,8.2,Salaried,Post Graduate,MORTGAGE,Education,0
557,113100.0,0.0,463300.0,180,54700.0,0.18,0,9.1,Self-Employed,Not Graduate,RENT,Education,0
847,81100.0,0.0,113300.0,24,21700.0,0.26,0,10.6,Salaried,Graduate,OWN,Vehicle,1
786,82800.0,38500.0,353800.0,12,200.0,0.81,0,0.5,Salaried,Graduate,RENT,Business,1
571,27500.0,0.0,61400.0,36,15600.0,0.73,0,5.7,Self-Employed,Graduate,MORTGAGE,Education,0
703,46700.0,41800.0,179800.0,120,7200.0,0.19,0,13.2,Salaried,Post Graduate,OWN,Personal,1
681,40900.0,0.0,37900.0,120,20400.0,0.27,0,10.0,Salaried,Post Graduate,RENT,Education,1
666,26800.0,15300.0,43700.0,36,13100.0,0.31,1,8.2,Self-Employed,Graduate,MORTGAGE,Personal,0
655,60800.0,0.0,234000.0,60,5900.0,0.17,0,5.4,Salaried,Graduate,MORTGAGE,Home,0
722,35500.0,23900.0,207800.0,48,10100.0,0.35,0,7.3,Salaried,Post Graduate,RENT,Home,1
759,72600.0,0.0,147300.0,240,1800.0,0.28,0,8.2,Salaried,Post Graduate,OWN,Home,1
724,25800.0,0.0,98400.0,24,5500.0,0.73,2,3.4,Self-Employed,Graduate,RENT,Home,0
679,137500.0,0.0,113200.0,120,60300.0,0.68,1,9.3,Salaried,Graduate,RENT,Education,0
676,28600.0,0.0,85800.0,36,4100.0,0.09,0,8.4,Self-Employed,Not Graduate,RENT,Home,0
769,55900.0,0.0,222100.0,36,3900.0,0.22,2,5.9,Business,Graduate,MORTGAGE,Personal,0
729,78800.0,33700.0,433700.0,36,24000.0,0.57,0,5.9,Business,Not Graduate,OWN,Home,0
696,34800.0,21000.0,111100.0,60,11200.0,0.37,0,1.8,Business,Graduate,RENT,Vehicle,0
686,81800.0,103300.0,644300.0,60,33200.0,0.38,0,13.5,Business,Graduate,RENT,Vehicle,0
719,23400.0,20200.0,96400.0,48,10700.0,0.35,4,10.5,Salaried,Not Graduate,OWN,Personal,0
650,117200.0,21600.0,535800.0,60,48900.0,0.18,0,9.4,Self-Employed,Graduate,OWN,Business,0
759,49400.0,17400.0,175200.0,60,25100.0,0.39,0,10.7,Salaried,Post Graduate,OWN,Home,1
598,34300.0,51000.0,303600.0,120,4600.0,0.41,0,0.5,Salaried,Graduate,OWN,Education,0
655,41000.0,22300.0,51500.0,36,14000.0,0.09,0,16.5,Self-Employed,Graduate,OWN,Personal,1
741,79600.0,18700.0,281100.0,48,17200.0,0.18,0,0.5,Salaried,Graduate,RENT,Business,1
593,34500.0,0.0,93200.0,36,19900.0,0.23,0,12.4,Salaried,Post Graduate,RENT,Education,0
556,31300.0,0.0,92000.0,48,8300.0,0.33,0,8.5,Self-Employed,Post Graduate,OWN,Personal,0
695,42900.0,36800.0,261600.0,60,24700.0,0.6,3,2.7,Salaried,Graduate,MORTGAGE,Education,0
545,24200.0,0.0,101000.0,60,11200.0,0.57,2,8.5,Salaried,Graduate,RENT,Personal,0
579,146100.0,35700.0,662200.0,60,63000.0,0.45,0,10.4,Business,Graduate,RENT,Personal,0
754,34900.0,37000.0,99100.0,36,10300.0,0.86,1,5.5,Salaried,Not Graduate,OWN,Home,1
672,80700.0,0.0,306900.0,60,21500.0,0.08,1,14.0,Self-Employed,Post Graduate,RENT,Education,0
799,55600.0,0.0,55000.0,36,17600.0,0.51,0,0.5,Salaried,Not Graduate,RENT,Personal,1
587,27200.0,49300.0,228600.0,240,4800.0,0.24,0,2.7,Business,Post Graduate,OWN,Vehicle,0
682,48800.0,33500.0,331800.0,36,26500.0,0.34,0,1.7,Salaried,Not Graduate,OWN,Education,0
723,78500.0,0.0,71000.0,60,37400.0,0.65,0,0.8,Salaried,Graduate,OWN,Personal,1
590,43800.0,17300.0,238200.0,120,21100.0,0.17,1,8.8,Salaried,Post Graduate,RENT,Home,0
777,100300.0,39700.0,517200.0,240,26100.0,0.82,0,16.0,Business,Graduate,OWN,Home,0
733,90500.0,0.0,227600.0,48,3900.0,0.37,0,12.3,Salaried,Graduate,OWN,Education,1
553,85100.0,0.0,147700.0,36,34900.0,0.02,0,6.5,Self-Employed,Post Graduate,RENT,Business,0
686,37200.0,5800.0,91200.0,48,8400.0,0.24,0,14.9,Salaried,Post Graduate,OWN,Personal,1
722,25600.0,0.0,112000.0,36,13400.0,0.59,0,13.2,Business,Graduate,OWN,Education,1
639,33900.0,19500.0,69800.0,60,15900.0,0.92,0,4.6,Salaried,Graduate,OWN,Personal,1
564,55100.0,46900.0,287500.0,240,4800.0,0.09,1,6.5,Salaried,Graduate,MORTGAGE,Personal,0
713,68000.0,32700.0,83900.0,24,24600.0,0.65,1,9.4,Self-Employed,Graduate,OWN,Business,1
850,15000.0,47200.0,85300.0,60,6200.0,0.43,0,4.1,Self-Employed,Post Graduate,RENT,Business,1
657,48800.0,15600.0,228800.0,180,16600.0,0.39,0,3.0,Self-Employed,Post Graduate,RENT,Home,0
823,53900.0,0.0,92200.0,24,16600.0,0.75,1,11.7,Salaried,Post Graduate,MORTGAGE,Personal,1
626,41500.0,0.0,184400.0,48,5700.0,0.36,0,12.9,Self-Employed,Post Graduate,MORTGAGE,Personal,0
708,106400.0,39400.0,365000.0,180,15100.0,0.3,0,2.9,Salaried,Graduate,OWN,Education,1
755,63100.0,39900.0,264300.0,240,29100.0,0.06,0,9.8,Unemployed,Graduate,OWN,Education,1
689,107600.0,0.0,69400.0,48,1200.0,0.58,0,9.7,Salaried,Not Graduate,RENT,Education,1
664,43100.0,20700.0,276000.0,12,20100.0,0.2,0,2.5,Salaried,Not Graduate,OWN,Vehicle,1
751,86000.0,0.0,102900.0,24,27200.0,0.45,2,9.6,Business,Graduate,MORTGAGE,Personal,0
850,130700.0,0.0,346800.0,60,73400.0,0.54,0,10.6,Salaried,Graduate,RENT,Personal,1
715,107700.0,0.0,224300.0,24,64400.0,0.64,0,10.8,Unemployed,Graduate,MORTGAGE,Personal,0
646,25500.0,11100.0,79100.0,24,10200.0,0.89,0,6.5,Self-Employed,Graduate,RENT,Personal,0
673,42100.0,18900.0,187500.0,120,10400.0,0.09,4,9.4,Self-Employed,Graduate,RENT,Home,0
850,39900.0,0.0,125600.0,120,11400.0,0.35,0,8.9,Salaried,Graduate,RENT,Personal,1
701,65700.0,0.0,73400.0,120,8100.0,0.38,1,8.3,Self-Employed,Graduate,OWN,Home,1
639,74000.0,0.0,184900.0,24,4400.0,0.32,0,12.3,Salaried,Graduate,RENT,Vehicle,1
592,29600.0,29300.0,215700.0,36,10300.0,0.2,0,3.1,Self-Employed,Not Graduate,MORTGAGE,Vehicle,0
534,51100.0,0.0,116200.0,120,24700.0,0.19,1,3.7,Salaried,Graduate,RENT,Vehicle,0
720,15000.0,22300.0,43400.0,60,2400.0,0.3,1,2.6,Salaried,Graduate,OWN,Education,1
745,116400.0,0.0,204000.0,120,29300.0,0.56,1,12.8,Salaried,Not Graduate,RENT,Vehicle,1
656,36000.0,19400.0,74800.0,360,12000.0,0.33,0,7.8,Business,Graduate,OWN,Personal,1
688,50700.0,0.0,50900.0,180,27600.0,0.16,1,4.8,Self-Employed,Graduate,RENT,Education,0
590,40700.0,17500.0,117000.0,48,3400.0,0.39,0,14.2,Self-Employed,Graduate,MORTGAGE,Education,1
701,97500.0,0.0,259700.0,36,13900.0,0.4,0,6.7,Salaried,Graduate,OWN,Education,1
730,15000.0,0.0,11900.0,60,8300.0,0.39,0,0.5,Salaried,Graduate,OWN,Vehicle,1
644,48500.0,23200.0,209000.0,60,1200.0,0.79,0,4.7,Salaried,Graduate,OWN,Business,0
833,46000.0,15600.0,275500.0,36,18100.0,0.27,0,8.4,Salaried,Graduate,MORTGAGE,Vehicle,1
618,37300.0,28000.0,284500.0,120,14300.0,0.29,0,9.7,Business,Graduate,OWN,Business,0
714,138100.0,16700.0,590800.0,24,31800.0,0.63,4,4.5,Salaried,Post Graduate,RENT,Home,0
762,28800.0,28300.0,89400.0,120,8100.0,0.65,0,5.8,Salaried,Not Graduate,OWN,Personal,1
683,77900.0,25000.0,60700.0,12,40000.0,0.74,0,5.4,Business,Graduate,RENT,Education,0
673,60700.0,0.0,232700.0,48,6000.0,0.7,1,11.0,Unemployed,Graduate,OWN,Business,0
568,104500.0,34500.0,100500.0,180,14500.0,0.16,0,14.5,Self-Employed,Graduate,MORTGAGE,Vehicle,1
805,32800.0,10700.0,57500.0,24,10100.0,0.37,0,4.2,Salaried,Not Graduate,RENT,Business,1
675,31600.0,0.0,84600.0,48,7800.0,0.12,0,14.9,Salaried,Graduate,OWN,Personal,1
735,94600.0,27700.0,148400.0,36,32600.0,0.31,0,8.7,Salaried,Graduate,MORTGAGE,Personal,1
747,63300.0,0.0,242800.0,180,35000.0,0.22,0,7.1,Self-Employed,Not Graduate,MORTGAGE,Personal,0
636,19400.0,0.0,70000.0,120,10700.0,0.38,0,6.4,Salaried,Graduate,OWN,Home,0
673,35500.0,52800.0,311100.0,240,4900.0,0.16,0,3.0,Salaried,Graduate,OWN,Personal,0
803,61800.0,38600.0,378000.0,180,11200.0,0.19,1,3.5,Salaried,Graduate,RENT,Business,1
595,81000.0,0.0,111700.0,60,7900.0,0.65,2,2.8,Self-Employed,Not Graduate,RENT,Vehicle,0
850,32600.0,0.0,111300.0,36,18100.0,0.16,0,2.3,Salaried,Graduate,OWN,Personal,1
626,15000.0,33300.0,92800.0,36,3600.0,0.16,1,9.7,Salaried,Graduate,MORTGAGE,Personal,0
589,67100.0,0.0,212500.0,48,18100.0,0.25,0,18.3,Self-Employed,Post Graduate,OWN,Education,0
701,23600.0,29800.0,52800.0,60,11400.0,0.71,0,4.0,Salaried,Graduate,RENT,Business,0
850,15000.0,17000.0,106300.0,120,4600.0,0.37,1,6.4,Salaried,Graduate,RENT,Personal,1
527,15000.0,57400.0,317700.0,36,1100.0,0.14,0,12.7,Salaried,Not Graduate,MORTGAGE,Home,0
678,79900.0,12300.0,62200.0,24,21000.0,0.48,0,2.7,Self-Employed,Graduate,MORTGAGE,Personal,1
730,53000.0,49800.0,90000.0,48,20100.0,0.59,0,0.8,Business,Graduate,OWN,Personal,1
692,42800.0,27400.0,69800.0,36,18500.0,0.61,1,0.5,Business,Post Graduate,OWN,Vehicle,0
722,112800.0,21100.0,297600.0,60,43700.0,0.31,0,8.0,Salaried,Graduate,RENT,Vehicle,1
628,71900.0,29200.0,168100.0,60,5100.0,0.35,0,4.6,Unemployed,Graduate,RENT,Business,0
639,129300.0,38800.0,626600.0,60,23600.0,0.5,1,1.2,Salaried,Post Graduate,MORTGAGE,Education,0
677,21300.0,53300.0,178700.0,24,9400.0,0.41,0,4.4,Self-Employed,Graduate,OWN,Personal,1
593,48000.0,0.0,117000.0,360,25300.0,0.01,0,12.1,Self-Employed,Graduate,RENT,Home,0
686,18600.0,0.0,62600.0,12,500.0,0.75,0,5.6,Salaried,Graduate,OWN,Home,1
656,42700.0,0.0,83200.0,36,1100.0,0.44,0,11.9,Salaried,Graduate,MORTGAGE,Personal,1
650,42200.0,0.0,80700.0,60,16300.0,0.16,0,9.9,Business,Graduate,OWN,Home,1
717,71400.0,0.0,251900.0,12,23500.0,0.64,0,8.4,Self-Employed,Not Graduate,RENT,Personal,0
535,50400.0,42400.0,336000.0,24,4700.0,0.53,0,7.6,Salaried,Not Graduate,OWN,Business,0
670,71300.0,40000.0,62100.0,24,23500.0,0.36,0,11.0,Salaried,Post Graduate,RENT,Personal,1
850,74800.0,38200.0,121500.0,60,43700.0,0.52,0,9.1,Self-Employed,Graduate,RENT,Home,1
597,178600.0,48000.0,306500.0,180,67600.0,0.49,0,8.6,Unemployed,Graduate,RENT,Personal,0
799,40600.0,21400.0,118200.0,60,10900.0,0.45,1,0.5,Self-Employed,Graduate,OWN,Home,1
694,27900.0,13700.0,69300.0,60,13900.0,0.38,1,6.0,Self-Employed,Post Graduate,RENT,Home,0
638,56800.0,27800.0,268500.0,36,7300.0,0.52,0,0.5,Business,Graduate,RENT,Education,0
577,30300.0,0.0,115500.0,12,7500.0,0.52,0,2.2,Self-Employed,Post Graduate,RENT,Home,0
701,119300.0,15900.0,171500.0,12,37800.0,0.21,0,12.6,Business,Graduate,MORTGAGE,Vehicle,1
813,41400.0,18800.0,165700.0,180,12500.0,0.71,1,6.8,Salaried,Graduate,MORTGAGE,Home,1
656,34900.0,0.0,68800.0,24,19300.0,0.16,0,15.8,Self-Employed,Graduate,OWN,Business,1
683,36900.0,28800.0,165800.0,360,6500.0,0.38,1,11.2,Self-Employed,Graduate,RENT,Personal,0
775,75400.0,32200.0,321000.0,36,2600.0,0.25,0,4.1,Self-Employed,Post Graduate,OWN,Personal,1
718,44600.0,0.0,181700.0,60,24500.0,0.2,0,5.5,Salaried,Graduate,RENT,Vehicle,0
556,33400.0,10700.0,56000.0,240,4400.0,0.27,2,10.8,Business,Graduate,RENT,Education,0
698,133100.0,0.0,112900.0,36,30300.0,0.17,0,10.3,Salaried,Graduate,OWN,Home,1
818,29300.0,0.0,88200.0,60,9300.0,0.09,0,12.4,Salaried,Not Graduate,OWN,Home,1
686,50100.0,31800.0,170100.0,36,29300.0,0.73,0,0.5,Self-Employed,Graduate,MORTGAGE,Education,0
456,72500.0,36300.0,125300.0,36,23300.0,0.49,0,0.5,Salaried,Not Graduate,OWN,Personal,0
722,18400.0,38900.0,55500.0,36,4900.0,0.16,0,4.5,Salaried,Post Graduate,OWN,Vehicle,1
673,65400.0,20000.0,233600.0,120,22900.0,0.46,3,10.9,Business,Graduate,MORTGAGE,Home,0
534,26000.0,0.0,44200.0,36,15100.0,0.33,0,11.5,Salaried,Post Graduate,RENT,Home,0
547,80300.0,19600.0,448500.0,36,39400.0,0.3,0,0.5,Salaried,Graduate,RENT,Vehicle,0
772,27500.0,54300.0,173700.0,360,2800.0,0.34,0,3.2,Salaried,Post Graduate,OWN,Education,1
627,74300.0,33600.0,145600.0,36,35800.0,0.44,0,10.4,Business,Graduate,OWN,Vehicle,0
612,95200.0,0.0,287100.0,48,48000.0,0.02,0,2.5,Salaried,Post Graduate,OWN,Business,0
686,82200.0,18500.0,148700.0,360,34100.0,0.64,0,9.0,Salaried,Graduate,OWN,Business,0
635,57000.0,11000.0,168400.0,36,22500.0,0.38,0,9.9,Self-Employed,Post Graduate,OWN,Home,0
698,42700.0,48100.0,220700.0,36,11300.0,0.17,0,5.2,Salaried,Post Graduate,OWN,Personal,1
672,34700.0,26600.0,141900.0,120,13400.0,0.55,0,8.0,Unemployed,Post Graduate,MORTGAGE,Personal,0
588,118500.0,0.0,436600.0,36,52400.0,0.64,0,7.0,Business,Graduate,RENT,Vehicle,0
646,32200.0,32500.0,88400.0,36,2400.0,0.21,1,10.2,Salaried,Graduate,OWN,Personal,1
727,26300.0,20600.0,193100.0,48,4100.0,0.53,0,6.6,Self-Employed,Not Graduate,OWN,Home,1
693,73100.0,0.0,267900.0,60,8500.0,0.08,0,0.5,Salaried,Not Graduate,MORTGAGE,Education,1
683,30400.0,62300.0,169900.0,12,15300.0,0.73,0,10.6,Salaried,Graduate,OWN,Business,1
850,27700.0,28400.0,68600.0,36,11300.0,0.36,1,7.6,Salaried,Post Graduate,MORTGAGE,Personal,1
752,20600.0,23200.0,70900.0,36,5600.0,0.83,0,10.5,Self-Employed,Graduate,RENT,Personal,1
762,36700.0,22000.0,107500.0,36,18200.0,0.28,0,3.5,Salaried,Graduate,RENT,Personal,1
675,46600.0,0.0,127100.0,60,20000.0,0.19,0,6.4,Self-Employed,Graduate,RENT,Personal,0
708,56700.0,14000.0,48500.0,36,31100.0,0.24,0,5.2,Salaried,Graduate,RENT,Business,1
653,86700.0,51100.0,572900.0,60,4000.0,0.36,0,12.3,Salaried,Graduate,RENT,Personal,0
756,67200.0,0.0,60100.0,48,20500.0,0.17,0,11.1,Business,Not Graduate,MORTGAGE,Vehicle,1
680,43700.0,0.0,70700.0,36,18500.0,0.72,0,15.3,Salaried,Graduate,MORTGAGE,Personal,0
708,43500.0,0.0,40800.0,36,5400.0,0.39,0,7.2,Self-Employed,Post Graduate,RENT,Personal,1
703,66600.0,13900.0,122900.0,36,13100.0,0.24,0,1.5,Self-Employed,Post Graduate,MORTGAGE,Personal,1
688,105200.0,36500.0,545600.0,24,26400.0,0.69,0,2.6,Salaried,Graduate,MORTGAGE,Personal,0
850,52900.0,32500.0,252800.0,60,25200.0,0.06,0,12.4,Business,Post Graduate,OWN,Personal,1
633,37000.0,64600.0,143200.0,60,11000.0,0.53,0,14.4,Self-Employed,Graduate,RENT,Personal,0
632,27000.0,52700.0,317800.0,36,8000.0,0.06,0,1.2,Self-Employed,Graduate,RENT,Vehicle,0
748,20600.0,0.0,76300.0,60,5300.0,0.27,0,5.3,Salaried,Not Graduate,OWN,Personal,1
639,73100.0,34100.0,376800.0,360,10000.0,0.68,0,2.2,Self-Employed,Post Graduate,RENT,Personal,0
665,69300.0,23000.0,359100.0,24,38400.0,0.36,2,17.8,Business,Post Graduate,RENT,Personal,0
597,69300.0,75200.0,430400.0,48,13200.0,0.26,0,9.7,Self-Employed,Not Graduate,OWN,Vehicle,0
731,45400.0,47800.0,233500.0,60,15500.0,0.56,2,3.4,Self-Employed,Not Graduate,OWN,Personal,0
732,114000.0,29300.0,286000.0,12,10200.0,0.25,0,3.1,Self-Employed,Not Graduate,OWN,Home,1
663,36700.0,29700.0,92600.0,120,9600.0,0.42,0,15.1,Unemployed,Graduate,MORTGAGE,Personal,1
750,87000.0,0.0,237500.0,360,47200.0,0.16,0,11.0,Salaried,Graduate,OWN,Home,1
532,47900.0,35900.0,340100.0,24,28600.0,0.25,0,8.0,Self-Employed,Graduate,RENT,Home,0
629,34000.0,0.0,97800.0,120,7400.0,0.34,0,5.7,Self-Employed,Graduate,OWN,Vehicle,0
675,69900.0,0.0,292100.0,36,6500.0,0.54,0,5.8,Self-Employed,Not Graduate,OWN,Personal,0
590,62700.0,33900.0,186200.0,24,11800.0,0.47,0,0.9,Salaried,Graduate,MORTGAGE,Home,0
541,60700.0,0.0,199100.0,48,11900.0,0.53,0,4.3,Business,Graduate,MORTGAGE,Education,0
663,51500.0,0.0,159400.0,24,19900.0,0.5,0,5.5,Business,Graduate,RENT,Personal,0
748,47900.0,0.0,152400.0,48,14300.0,0.37,0,7.1,Self-Employed,Post Graduate,MORTGAGE,Personal,1
798,205500.0,27300.0,717100.0,12,94800.0,0.78,0,7.4,Salaried,Not Graduate,MORTGAGE,Education,0
643,99800.0,58000.0,218800.0,60,42000.0,0.34,0,12.6,Salaried,Graduate,OWN,Business,1
752,75600.0,65600.0,151700.0,48,11400.0,0.31,0,4.2,Salaried,Graduate,RENT,Business,1
744,52400.0,0.0,231300.0,48,24700.0,0.46,0,14.8,Self-Employed,Post Graduate,MORTGAGE,Education,0
793,89700.0,92600.0,124200.0,36,45600.0,0.42,0,7.2,Self-Employed,Post Graduate,RENT,Home,1
660,66900.0,26500.0,221400.0,36,24000.0,0.38,0,9.6,Salaried,Post Graduate,MORTGAGE,Education,0
537,49800.0,0.0,109600.0,36,27700.0,0.25,0,13.1,Salaried,Graduate,RENT,Vehicle,0
695,40900.0,41500.0,159900.0,60,19200.0,0.55,0,10.5,Salaried,Graduate,OWN,Personal,1
603,46700.0,22500.0,251100.0,36,16700.0,0.5,1,11.6,Self-Employed,Graduate,RENT,Vehicle,0
628,15000.0,0.0,52200.0,60,8200.0,0.53,0,4.9,Salaried,Post Graduate,RENT,Education,0
664,55600.0,54400.0,453300.0,36,20000.0,0.19,1,7.1,Salaried,Not Graduate,RENT,Personal,0
661,36600.0,27200.0,132800.0,60,11400.0,0.47,0,11.5,Salaried,Not Graduate,OWN,Business,0
702,127500.0,0.0,351500.0,48,27300.0,0.55,0,11.7,Business,Graduate,OWN,Personal,0
749,49600.0,0.0,201800.0,48,26300.0,0.3,1,8.8,Salaried,Graduate,MORTGAGE,Business,0
658,24000.0,0.0,107400.0,60,1800.0,0.28,1,11.5,Self-Employed,Not Graduate,RENT,Home,0
723,47600.0,0.0,208400.0,48,13500.0,0.47,0,3.8,Salaried,Graduate,OWN,Vehicle,0
691,26200.0,38100.0,216800.0,120,8400.0,0.03,0,11.3,Salaried,Graduate,OWN,Personal,1
769,65100.0,56100.0,130000.0,60,21700.0,0.39,0,12.6,Self-Employed,Graduate,OWN,Education,1
673,58400.0,0.0,34600.0,48,22800.0,0.25,0,8.0,Salaried,Post Graduate,OWN,Personal,1
683,87100.0,46400.0,507400.0,180,26400.0,0.45,1,8.8,Salaried,Not Graduate,MORTGAGE,Personal,0
658,30500.0,0.0,117800.0,120,4700.0,0.28,0,0.5,Self-Employed,Graduate,MORTGAGE,Vehicle,0
676,50000.0,0.0,174300.0,48,25700.0,0.4,1,14.9,Salaried,Graduate,OWN,Home,0
623,21600.0,0.0,35000.0,24,8500.0,0.21,0,9.7,Salaried,Not Graduate,RENT,Education,1
614,74700.0,19100.0,287000.0,60,38500.0,0.41,0,10.9,Business,Post Graduate,RENT,Vehicle,0
755,66900.0,66200.0,234900.0,36,11100.0,0.28,0,9.6,Self-Employed,Post Graduate,OWN,Home,1
597,66000.0,0.0,152000.0,48,25200.0,0.3,0,10.3,Salaried,Graduate,RENT,Education,0
662,49100.0,0.0,99700.0,60,21000.0,0.42,0,9.9,Salaried,Graduate,OWN,Vehicle,1
776,62900.0,31200.0,390900.0,60,14500.0,0.1,0,15.4,Unemployed,Graduate,RENT,Personal,1
660,128400.0,38500.0,239800.0,60,62600.0,0.6,1,20.4,Salaried,Graduate,MORTGAGE,Personal,0
760,41300.0,0.0,116100.0,60,100.0,0.5,1,13.4,Business,Graduate,MORTGAGE,Education,1
639,53300.0,0.0,103600.0,24,19000.0,0.37,0,14.2,Self-Employed,Not Graduate,MORTGAGE,Business,0
600,25500.0,33400.0,185700.0,36,9400.0,0.04,0,5.7,Salaried,Graduate,MORTGAGE,Education,0
554,29100.0,19100.0,132900.0,60,9300.0,0.53,0,6.9,Unemployed,Graduate,RENT,Vehicle,0
801,52000.0,0.0,218200.0,48,19700.0,0.44,0,9.8,Salaried,Post Graduate,RENT,Education,1
593,95100.0,16900.0,101500.0,120,9500.0,0.26,0,10.7,Salaried,Not Graduate,OWN,Education,1
753,42000.0,18500.0,83600.0,24,17300.0,0.5,0,9.9,Salaried,Not Graduate,OWN,Personal,1
605,42600.0,34900.0,276300.0,36,8600.0,0.29,0,3.2,Self-Employed,Post Graduate,MORTGAGE,Vehicle,0
801,38400.0,47900.0,170500.0,60,10400.0,0.26,3,5.9,Salaried,Graduate,MORTGAGE,Education,1
850,35600.0,12900.0,56400.0,48,7100.0,0.32,0,6.2,Salaried,Not Graduate,RENT,Business,1
546,58500.0,32100.0,227700.0,36,16600.0,0.51,4,10.3,Self-Employed,Graduate,RENT,Personal,0
597,20000.0,0.0,62200.0,48,7500.0,0.34,0,6.4,Salaried,Graduate,OWN,Personal,0
755,105700.0,0.0,71800.0,12,53200.0,0.25,0,7.0,Salaried,Graduate,MORTGAGE,Personal,1
733,32900.0,19700.0,87700.0,12,9500.0,0.54,4,6.7,Salaried,Graduate,RENT,Business,0
756,75600.0,0.0,282600.0,24,14700.0,0.02,0,11.1,Business,Graduate,RENT,Vehicle,1
641,22900.0,40100.0,162600.0,60,6700.0,0.43,0,14.0,Business,Graduate,MORTGAGE,Vehicle,0
850,73200.0,20100.0,59900.0,180,30300.0,0.19,0,4.0,Self-Employed,Not Graduate,MORTGAGE,Education,1
700,73400.0,23000.0,156900.0,36,15300.0,0.18,1,11.8,Salaried,Graduate,RENT,Personal,1
586,61700.0,8900.0,215800.0,12,15300.0,0.27,2,3.5,Salaried,Graduate,RENT,Home,0
668,27000.0,0.0,35000.0,60,9100.0,0.52,0,11.3,Salaried,Post Graduate,OWN,Vehicle,1
587,56900.0,40600.0,371400.0,180,10000.0,0.48,1,1.7,Business,Graduate,MORTGAGE,Home,0
825,24100.0,27000.0,163800.0,24,3000.0,0.23,2,14.9,Self-Employed,Graduate,OWN,Vehicle,1
633,42100.0,0.0,100400.0,36,3500.0,0.35,0,6.6,Salaried,Graduate,MORTGAGE,Personal,1
731,90900.0,49300.0,583600.0,36,19200.0,0.13,0,9.1,Salaried,Graduate,OWN,Home,0
649,79100.0,0.0,163500.0,24,2300.0,0.46,4,8.6,Salaried,Graduate,MORTGAGE,Home,0
637,49500.0,21400.0,102100.0,60,17300.0,0.47,0,14.8,Self-Employed,Not Graduate,RENT,Business,0
527,27300.0,85500.0,354800.0,360,2900.0,0.3,0,4.7,Business,Post Graduate,RENT,Home,0
740,72200.0,0.0,201700.0,60,16300.0,0.54,0,7.7,Salaried,Post Graduate,OWN,Personal,1
800,49600.0,39000.0,163100.0,360,8000.0,0.49,0,8.8,Business,Graduate,RENT,Personal,1
612,15000.0,35600.0,94900.0,48,5700.0,0.63,1,12.9,Salaried,Graduate,RENT,Personal,0
558,78400.0,0.0,164100.0,180,40000.0,0.48,0,4.2,Salaried,Graduate,OWN,Education,0
758,48300.0,0.0,80400.0,36,18400.0,0.27,0,0.5,Salaried,Graduate,RENT,Vehicle,1
550,100900.0,32500.0,445700.0,24,32800.0,0.6,0,2.3,Salaried,Graduate,MORTGAGE,Business,0
793,25400.0,30800.0,174500.0,60,10200.0,0.87,0,11.6,Salaried,Graduate,OWN,Education,1
613,15000.0,26200.0,93200.0,36,300.0,0.25,0,8.4,Salaried,Not Graduate,RENT,Education,1
596,58000.0,57300.0,241100.0,36,4300.0,0.13,0,7.7,Business,Graduate,OWN,Education,0
711,58400.0,14000.0,141900.0,60,3300.0,0.27,0,3.8,Salaried,Post Graduate,MORTGAGE,Business,1
601,17800.0,44800.0,102300.0,36,1000.0,0.43,0,8.3,Salaried,Not Graduate,OWN,Home,1
629,27300.0,40600.0,57200.0,60,4300.0,0.44,0,10.5,Salaried,Post Graduate,OWN,Education,1
720,256100.0,38100.0,462700.0,36,81800.0,0.42,1,7.4,Unemployed,Post Graduate,MORTGAGE,Business,0
483,40800.0,0.0,72800.0,120,2800.0,0.41,0,14.5,Salaried,Not Graduate,RENT,Personal,0
829,76000.0,0.0,204500.0,36,42600.0,0.31,0,12.2,Salaried,Graduate,OWN,Personal,1
693,33200.0,10600.0,157500.0,48,17000.0,0.37,1,7.3,Unemployed,Graduate,RENT,Vehicle,0
580,15000.0,0.0,31200.0,12,8700.0,0.15,0,11.5,Self-Employed,Graduate,RENT,Home,0
603,44300.0,16400.0,259700.0,120,1100.0,0.21,0,8.3,Salaried,Graduate,RENT,Personal,1
774,41800.0,18700.0,230500.0,60,21400.0,0.07,0,9.5,Salaried,Graduate,OWN,Education,1
741,38600.0,0.0,171400.0,36,18600.0,0.34,0,6.8,Salaried,Not Graduate,RENT,Home,0
807,45800.0,21200.0,268300.0,36,24800.0,0.27,0,8.9,Self-Employed,Graduate,MORTGAGE,Home,1
631,57400.0,20000.0,229600.0,36,18200.0,0.41,0,0.6,Self-Employed,Not Graduate,RENT,Home,0
715,44800.0,8200.0,153400.0,60,21200.0,0.08,4,4.0,Salaried,Graduate,RENT,Personal,0
726,23000.0,0.0,23400.0,48,700.0,0.21,1,13.9,Business,Post Graduate,RENT,Education,1
749,65600.0,0.0,222400.0,36,3000.0,0.26,0,6.4,Salaried,Graduate,OWN,Home,1
785,15200.0,36400.0,149700.0,60,1100.0,0.43,0,2.7,Salaried,Graduate,OWN,Education,1
629,15000.0,24300.0,99300.0,180,8200.0,0.29,0,16.3,Salaried,Graduate,OWN,Personal,0
680,76400.0,0.0,250100.0,12,2800.0,0.32,0,6.5,Salaried,Graduate,RENT,Personal,1
638,66500.0,0.0,151400.0,48,4000.0,0.57,0,10.7,Salaried,Graduate,RENT,Personal,1
685,47400.0,28100.0,196000.0,60,26500.0,0.42,0,5.4,Unemployed,Post Graduate,MORTGAGE,Home,0
749,21200.0,26400.0,99600.0,60,1400.0,0.5,1,12.6,Salaried,Graduate,RENT,Vehicle,1
549,32100.0,17700.0,167800.0,12,16800.0,0.05,1,8.0,Salaried,Graduate,OWN,Personal,0
784,41900.0,62400.0,417900.0,36,19800.0,0.44,0,0.5,Salaried,Graduate,OWN,Vehicle,1
593,18800.0,12800.0,122100.0,24,500.0,0.21,0,18.4,Salaried,Post Graduate,MORTGAGE,Personal,1
663,31500.0,0.0,114800.0,60,400.0,0.64,0,5.1,Self-Employed,Graduate,OWN,Vehicle,0
795,72500.0,25600.0,54500.0,60,23200.0,0.27,0,6.4,Salaried,Graduate,RENT,Business,1
717,115400.0,0.0,478600.0,36,69000.0,0.38,0,2.0,Salaried,Graduate,OWN,Vehicle,0
718,38100.0,31900.0,112000.0,36,20100.0,0.19,0,0.5,Business,Post Graduate,OWN,Vehicle,1
589,77200.0,22500.0,404000.0,36,14400.0,0.21,0,13.5,Salaried,Graduate,OWN,Personal,0
601,15500.0,0.0,20000.0,120,3600.0,0.08,0,9.0,Salaried,Graduate,MORTGAGE,Home,1
770,72800.0,27400.0,226300.0,36,16900.0,0.02,0,0.5,Self-Employed,Not Graduate,OWN,Personal,1
639,30300.0,15200.0,159100.0,48,13300.0,0.58,0,6.1,Salaried,Not Graduate,OWN,Home,0
647,58900.0,0.0,180300.0,120,12100.0,0.26,0,9.9,Salaried,Post Graduate,RENT,Home,0
771,42200.0,11000.0,115100.0,120,3700.0,0.74,1,11.0,Salaried,Graduate,RENT,Education,1
600,108300.0,0.0,348100.0,60,48500.0,0.52,0,3.6,Self-Employed,Graduate,MORTGAGE,Education,0
712,29000.0,28200.0,154200.0,36,8000.0,0.7,0,5.4,Salaried,Graduate,OWN,Home,1
693,71400.0,31300.0,164600.0,120,3300.0,0.46,0,4.6,Business,Graduate,RENT,Vehicle,1
689,41500.0,0.0,128000.0,60,19700.0,0.39,1,6.1,Self-Employed,Post Graduate,RENT,Personal,0
645,44600.0,25100.0,91800.0,60,15700.0,0.55,0,9.1,Self-Employed,Graduate,RENT,Business,0
640,43900.0,0.0,143800.0,24,12900.0,0.57,0,12.1,Unemployed,Graduate,OWN,Personal,0
598,29500.0,24800.0,27800.0,12,11900.0,0.6,0,9.2,Business,Graduate,OWN,Home,0
731,48600.0,19600.0,183800.0,60,14700.0,0.23,3,9.3,Salaried,Post Graduate,OWN,Business,0
633,47200.0,0.0,99300.0,240,18400.0,0.47,3,7.0,Self-Employed,Graduate,OWN,Home,0
772,56700.0,0.0,97100.0,120,29500.0,0.52,0,2.1,Business,Graduate,OWN,Vehicle,1
670,51600.0,19600.0,182500.0,120,19000.0,0.52,0,7.3,Salaried,Graduate,MORTGAGE,Home,0
600,79100.0,29300.0,334000.0,48,31300.0,0.24,1,5.9,Self-Employed,Graduate,RENT,Business,0
669,85300.0,0.0,372000.0,36,31400.0,0.07,0,4.6,Salaried,Not Graduate,RENT,Business,0
655,26100.0,18500.0,170900.0,60,8300.0,0.1,0,8.1,Business,Not Graduate,RENT,Business,0
775,82600.0,0.0,278200.0,60,8500.0,0.21,1,0.5,Self-Employed,Graduate,OWN,Personal,1
658,24100.0,0.0,58200.0,60,4900.0,0.13,0,5.7,Business,Post Graduate,RENT,Personal,1
666,69800.0,19100.0,183900.0,240,29000.0,0.04,2,4.6,Self-Employed,Not Graduate,OWN,Home,0
809,71100.0,0.0,44800.0,36,18200.0,0.57,1,3.8,Business,Not Graduate,MORTGAGE,Business,1
733,15600.0,8200.0,46100.0,12,3800.0,0.55,0,10.9,Salaried,Not Graduate,RENT,Home,1
831,51800.0,20600.0,281900.0,240,23600.0,0.65,0,8.6,Business,Post Graduate,OWN,Personal,1
797,37000.0,40500.0,157800.0,36,100.0,0.29,0,10.3,Unemployed,Graduate,RENT,Business,1
614,31100.0,23200.0,127400.0,60,12700.0,0.44,0,10.1,Business,Graduate,OWN,Vehicle,0
774,110300.0,17800.0,203300.0,180,32400.0,0.3,0,3.1,Self-Employed,Graduate,MORTGAGE,Vehicle,1
819,33100.0,33500.0,106300.0,36,7500.0,0.78,0,13.5,Business,Graduate,MORTGAGE,Personal,1
820,30200.0,42300.0,54200.0,120,6200.0,0.41,0,5.6,Salaried,Graduate,MORTGAGE,Personal,1
773,51300.0,29900.0,240000.0,36,5300.0,0.32,0,13.6,Salaried,Post Graduate,RENT,Home,1
772,74000.0,18000.0,210900.0,120,14800.0,0.21,2,6.1,Unemployed,Graduate,RENT,Vehicle,0
664,45000.0,0.0,131600.0,24,10600.0,0.43,0,1.6,Self-Employed,Post Graduate,OWN,Home,0
618,98700.0,22000.0,324400.0,60,25900.0,0.37,0,2.8,Salaried,Graduate,OWN,Personal,0
660,67400.0,39000.0,393200.0,60,27200.0,0.24,1,12.7,Salaried,Post Graduate,MORTGAGE,Home,0
548,15000.0,56500.0,250500.0,48,4100.0,0.33,0,10.7,Self-Employed,Graduate,RENT,Home,0
804,35700.0,7300.0,154200.0,60,17100.0,0.11,4,4.3,Self-Employed,Graduate,MORTGAGE,Business,0
665,35000.0,28400.0,158300.0,240,13400.0,0.16,0,9.1,Salaried,Graduate,MORTGAGE,Business,1
799,65400.0,11300.0,146900.0,60,7400.0,0.3,2,12.9,Salaried,Graduate,OWN,Personal,1
585,15000.0,0.0,63500.0,360,2500.0,0.21,1,16.1,Business,Not Graduate,OWN,Personal,0
782,226300.0,21300.0,177500.0,48,10800.0,0.61,1,8.8,Unemployed,Not Graduate,RENT,Vehicle,1
647,67400.0,0.0,74800.0,48,38200.0,0.49,0,9.6,Self-Employed,Post Graduate,RENT,Personal,0
580,53600.0,26400.0,174300.0,36,28500.0,0.07,0,7.2,Self-Employed,Graduate,OWN,Personal,0
828,99600.0,18000.0,347600.0,360,5100.0,0.5,0,8.1,Salaried,Graduate,RENT,Education,1
784,200000.0,0.0,106600.0,24,68900.0,0.49,1,10.9,Salaried,Not Graduate,OWN,Home,1
708,82700.0,0.0,279300.0,36,47700.0,0.36,0,2.6,Salaried,Post Graduate,RENT,Vehicle,0
692,86600.0,43400.0,355500.0,36,38800.0,0.33,0,11.3,Salaried,Post Graduate,OWN,Personal,1
727,53000.0,0.0,129300.0,36,15600.0,0.21,0,6.1,Salaried,Not Graduate,RENT,Home,1
706,45000.0,0.0,98700.0,240,6500.0,0.4,0,4.3,Salaried,Graduate,OWN,Education,1
622,36800.0,31100.0,175000.0,36,6200.0,0.08,0,4.3,Salaried,Graduate,RENT,Home,0
654,29900.0,0.0,34300.0,240,13200.0,0.3,0,17.5,Unemployed,Graduate,MORTGAGE,Personal,0
850,32500.0,23300.0,52200.0,48,15200.0,0.22,0,14.5,Salaried,Graduate,OWN,Personal,1
850,21800.0,16000.0,62700.0,180,6900.0,0.6,0,3.7,Salaried,Graduate,RENT,Education,1
822,46800.0,0.0,156200.0,48,3400.0,0.29,0,9.4,Self-Employed,Graduate,RENT,Personal,1
730,17800.0,0.0,50800.0,36,10000.0,0.62,0,9.1,Salaried,Graduate,MORTGAGE,Home,0
661,55000.0,33600.0,214500.0,48,27900.0,0.34,0,16.7,Self-Employed,Post Graduate,OWN,Home,1
622,48000.0,29300.0,215400.0,48,4000.0,0.59,2,5.8,Salaried,Graduate,OWN,Education,0
627,53500.0,31100.0,231600.0,36,1800.0,0.12,0,0.5,Self-Employed,Graduate,MORTGAGE,Personal,0
642,35800.0,62200.0,169400.0,36,11500.0,0.24,0,7.4,Business,Post Graduate,RENT,Home,0
850,310600.0,26400.0,299900.0,36,53000.0,0.13,0,6.6,Self-Employed,Not Graduate,OWN,Home,1
843,110900.0,0.0,453300.0,36,18800.0,0.54,0,10.3,Salaried,Graduate,MORTGAGE,Personal,1
753,23200.0,0.0,67300.0,60,1200.0,0.07,0,12.3,Self-Employed,Graduate,OWN,Vehicle,1
608,56400.0,0.0,185600.0,36,32300.0,0.14,0,13.7,Salaried,Graduate,RENT,Vehicle,0
765,34000.0,0.0,80100.0,60,16900.0,0.29,0,13.6,Self-Employed,Post Graduate,MORTGAGE,Vehicle,1
669,26700.0,23100.0,175600.0,360,1800.0,0.57,0,11.2,Self-Employed,Graduate,RENT,Personal,0
506,21900.0,30200.0,147900.0,36,11500.0,0.35,0,13.3,Business,Graduate,OWN,Home,0
714,63500.0,0.0,45400.0,48,26000.0,0.61,0,1.2,Salaried,Post Graduate,OWN,Home,1
618,32600.0,34500.0,272500.0,36,6400.0,0.39,0,6.7,Salaried,Graduate,MORTGAGE,Home,0
621,87600.0,0.0,150900.0,36,45800.0,0.21,0,8.0,Salaried,Not Graduate,RENT,Personal,0
668,89000.0,27200.0,122200.0,60,31900.0,0.46,0,10.3,Salaried,Not Graduate,RENT,Business,1
647,111800.0,45000.0,133600.0,36,56900.0,0.32,1,4.9,Business,Graduate,RENT,Business,0
687,29400.0,14700.0,149100.0,36,8300.0,0.22,0,4.6,Salaried,Graduate,RENT,Home,1
683,65200.0,60900.0,418100.0,36,19600.0,0.46,0,6.2,Business,Graduate,OWN,Business,0
530,71600.0,0.0,236300.0,120,12500.0,0.6,0,10.2,Salaried,Graduate,OWN,Home,0
819,36900.0,26000.0,261900.0,60,8600.0,0.3,0,0.5,Self-Employed,Graduate,MORTGAGE,Education,1
606,30900.0,25000.0,106000.0,360,10500.0,0.27,0,7.9,Salaried,Post Graduate,OWN,Vehicle,1
609,128800.0,34200.0,447400.0,240,73200.0,0.66,0,4.4,Self-Employed,Graduate,MORTGAGE,Home,0
662,56200.0,57600.0,338900.0,36,20200.0,0.21,2,3.7,Self-Employed,Graduate,MORTGAGE,Personal,0
680,71800.0,28300.0,442200.0,12,6300.0,0.45,0,9.7,Self-Employed,Graduate,RENT,Home,0
814,29900.0,28900.0,102900.0,36,100.0,0.49,2,8.7,Self-Employed,Graduate,RENT,Vehicle,1
712,23600.0,27100.0,219300.0,48,12000.0,0.63,0,9.0,Self-Employed,Graduate,OWN,Vehicle,0
738,34800.0,0.0,38100.0,48,7600.0,0.41,1,8.8,Self-Employed,Graduate,RENT,Home,0
713,45500.0,22400.0,241500.0,24,8600.0,0.29,1,15.0,Self-Employed,Graduate,MORTGAGE,Home,1
709,25900.0,26500.0,158900.0,24,12400.0,0.38,1,13.9,Business,Graduate,RENT,Personal,0
716,48700.0,55900.0,394100.0,12,27600.0,0.4,0,1.0,Salaried,Graduate,OWN,Personal,0
525,17800.0,0.0,10900.0,180,8000.0,0.39,0,5.6,Salaried,Graduate,RENT,Personal,0
668,25000.0,47500.0,58900.0,240,2600.0,0.27,0,6.2,Unemployed,Graduate,RENT,Home,0
788,73300.0,0.0,57100.0,24,17200.0,0.62,0,0.5,Business,Not Graduate,RENT,Vehicle,1
850,70400.0,24300.0,272000.0,36,32100.0,0.51,0,21.6,Self-Employed,Graduate,MORTGAGE,Business,1
587,38700.0,56500.0,277200.0,24,21100.0,0.04,1,8.5,Salaried,Not Graduate,RENT,Home,0
725,26600.0,19200.0,188900.0,180,15900.0,0.49,3,2.1,Business,Graduate,OWN,Education,0
641,26500.0,24900.0,121800.0,360,8100.0,0.67,1,13.3,Self-Employed,Graduate,OWN,Personal,0
850,39200.0,0.0,30300.0,36,19300.0,0.13,1,8.7,Unemployed,Graduate,OWN,Personal,1
574,72200.0,0.0,96600.0,36,2000.0,0.87,0,4.2,Salaried,Graduate,OWN,Home,0
743,85600.0,21900.0,57200.0,36,14700.0,0.79,0,11.5,Salaried,Graduate,RENT,Education,1
570,36400.0,0.0,131300.0,48,8100.0,0.62,0,12.6,Salaried,Post Graduate,OWN,Personal,0
662,24500.0,27500.0,195600.0,60,14300.0,0.17,0,11.5,Business,Post Graduate,OWN,Personal,0
687,57600.0,0.0,258700.0,48,100.0,0.32,1,10.7,Unemployed,Graduate,OWN,Education,1
780,29900.0,58100.0,189100.0,360,5500.0,0.28,2,4.5,Salaried,Post Graduate,RENT,Personal,1
598,35900.0,17500.0,30800.0,24,20000.0,0.28,0,0.5,Salaried,Post Graduate,MORTGAGE,Home,0
746,108600.0,0.0,156300.0,120,20000.0,0.19,1,2.0,Salaried,Not Graduate,MORTGAGE,Business,1
691,80500.0,0.0,229500.0,36,10900.0,0.51,0,5.6,Business,Graduate,OWN,Business,0
713,53900.0,57400.0,483900.0,36,23600.0,0.46,0,0.5,Salaried,Post Graduate,MORTGAGE,Personal,0
771,22900.0,38500.0,56100.0,60,10200.0,0.33,1,17.0,Business,Graduate,RENT,Personal,1
580,55700.0,31100.0,85600.0,240,15800.0,0.8,0,3.0,Salaried,Graduate,RENT,Personal,0
758,92700.0,37500.0,430600.0,60,52700.0,0.48,0,7.1,Salaried,Not Graduate,RENT,Personal,0
641,39100.0,37700.0,243400.0,120,4800.0,0.45,0,8.7,Self-Employed,Post Graduate,MORTGAGE,Personal,0
783,110300.0,0.0,165700.0,120,60400.0,0.36,0,13.5,Salaried,Graduate,RENT,Home,1
718,106500.0,29600.0,510700.0,36,48300.0,0.25,0,10.4,Salaried,Graduate,OWN,Personal,0
672,133000.0,0.0,135000.0,120,29400.0,0.25,0,9.0,Business,Graduate,MORTGAGE,Home,1
639,58900.0,0.0,247600.0,120,28500.0,0.42,2,19.7,Salaried,Graduate,RENT,Home,0
759,69700.0,28700.0,128300.0,48,5600.0,0.51,1,16.0,Self-Employed,Graduate,OWN,Education,1
797,114500.0,0.0,94500.0,48,9000.0,0.37,0,10.0,Salaried,Graduate,RENT,Home,1
644,64100.0,0.0,119100.0,120,35800.0,0.06,0,9.4,Salaried,Not Graduate,RENT,Personal,1
593,36300.0,0.0,45400.0,120,2100.0,0.37,0,7.3,Self-Employed,Graduate,OWN,Education,0
749,37500.0,31300.0,179400.0,36,100.0,0.1,1,11.6,Salaried,Graduate,MORTGAGE,Business,1
566,56600.0,20800.0,251300.0,120,13200.0,0.41,0,6.1,Salaried,Graduate,MORTGAGE,Home,0
579,22600.0,15100.0,92900.0,120,1400.0,0.34,0,4.3,Self-Employed,Not Graduate,RENT,Personal,0
599,45000.0,17300.0,195800.0,36,23300.0,0.52,0,15.0,Salaried,Not Graduate,OWN,Vehicle,0
654,94600.0,39400.0,262600.0,60,52400.0,0.17,0,4.2,Salaried,Post Graduate,RENT,Business,0
576,15000.0,0.0,9200.0,36,4300.0,0.46,1,7.8,Salaried,Post Graduate,RENT,Business,0
525,123100.0,53700.0,777300.0,24,31400.0,0.07,0,6.1,Business,Graduate,RENT,Personal,0
593,96100.0,0.0,363000.0,60,31100.0,0.33,1,7.7,Self-Employed,Graduate,OWN,Home,0
744,37200.0,0.0,29500.0,240,5000.0,0.6,0,9.0,Self-Employed,Graduate,RENT,Business,1
581,67900.0,0.0,155900.0,12,12100.0,0.5,0,8.0,Salaried,Post Graduate,RENT,Personal,0
661,49100.0,20100.0,210400.0,120,3000.0,0.48,0,3.6,Salaried,Graduate,RENT,Home,0
850,102500.0,0.0,129400.0,48,27500.0,0.45,1,6.0,Salaried,Post Graduate,OWN,Education,1
685,88400.0,0.0,248600.0,180,32400.0,0.26,2,11.3,Self-Employed,Graduate,RENT,Education,0
719,21200.0,0.0,55900.0,120,11800.0,0.64,0,9.1,Self-Employed,Graduate,RENT,Business,0
609,69700.0,0.0,92900.0,180,30900.0,0.7,0,10.0,Salaried,Post Graduate,MORTGAGE,Education,0
850,43300.0,25800.0,73600.0,120,18800.0,0.11,0,12.5,Salaried,Graduate,RENT,Home,1
643,51500.0,33900.0,302000.0,120,9500.0,0.55,1,10.7,Salaried,Not Graduate,RENT,Personal,0
670,31700.0,35700.0,120700.0,36,16900.0,0.48,0,5.0,Salaried,Graduate,RENT,Business,0
801,139900.0,0.0,206500.0,36,79500.0,0.77,0,9.6,Self-Employed,Post Graduate,OWN,Home,1
674,91500.0,0.0,315800.0,36,51200.0,0.27,0,9.5,Self-Employed,Graduate,OWN,Education,0
694,31400.0,27200.0,201800.0,60,700.0,0.12,0,0.5,Salaried,Post Graduate,RENT,Home,1
666,22000.0,0.0,35300.0,36,8000.0,0.46,0,0.5,Business,Graduate,RENT,Vehicle,0
666,38900.0,26200.0,259800.0,36,15000.0,0.41,0,10.2,Salaried,Graduate,MORTGAGE,Education,0
721,63600.0,0.0,206900.0,180,11300.0,0.31,0,5.2,Business,Graduate,MORTGAGE,Home,1
737,56600.0,26300.0,156100.0,60,33700.0,0.21,0,5.7,Salaried,Graduate,OWN,Home,1
635,104000.0,0.0,229800.0,180,18200.0,0.49,0,9.4,Salaried,Graduate,OWN,Vehicle,1
624,78700.0,12800.0,311700.0,24,10200.0,0.45,0,8.1,Salaried,Graduate,OWN,Education,0
638,87700.0,9400.0,130700.0,36,25500.0,0.29,1,7.7,Business,Graduate,OWN,Business,0
570,59600.0,25200.0,201400.0,36,11600.0,0.77,0,15.5,Salaried,Graduate,MORTGAGE,Vehicle,0
554,21300.0,0.0,66300.0,12,11800.0,0.31,1,6.7,Self-Employed,Post Graduate,OWN,Home,0
715,43600.0,19200.0,166900.0,36,11500.0,0.74,0,9.3,Salaried,Graduate,MORTGAGE,Vehicle,0
769,92600.0,52100.0,424500.0,36,22800.0,0.59,0,5.1,Business,Graduate,RENT,Home,0
764,47500.0,0.0,127500.0,24,17800.0,0.21,0,13.2,Salaried,Graduate,OWN,Personal,1
487,66300.0,0.0,86000.0,60,3200.0,0.11,0,9.7,Self-Employed,Graduate,RENT,Education,0
669,40500.0,60600.0,216400.0,36,18400.0,0.31,0,16.8,Salaried,Graduate,RENT,Home,0
596,26400.0,0.0,69400.0,12,12200.0,0.52,0,8.7,Self-Employed,Post Graduate,RENT,Personal,0
702,45500.0,28200.0,266800.0,60,12900.0,0.49,0,9.5,Salaried,Post Graduate,OWN,Personal,1
654,59000.0,0.0,183800.0,60,33800.0,0.15,0,7.8,Salaried,Not Graduate,MORTGAGE,Personal,0
740,33100.0,6300.0,86900.0,120,11500.0,0.63,0,15.9,Salaried,Graduate,RENT,Vehicle,1
688,42600.0,0.0,187300.0,48,17800.0,0.69,0,9.8,Unemployed,Graduate,MORTGAGE,Vehicle,0
528,27900.0,39600.0,62900.0,360,15500.0,0.62,3,7.6,Salaried,Graduate,OWN,Education,0
607,95900.0,0.0,127300.0,240,38300.0,0.31,0,3.5,Unemployed,Post Graduate,MORTGAGE,Business,0
690,41100.0,0.0,76700.0,60,10600.0,0.57,1,0.5,Salaried,Not Graduate,RENT,Personal,0
697,117200.0,0.0,165800.0,48,1700.0,0.26,0,8.5,Salaried,Not Graduate,RENT,Personal,1
570,122700.0,26600.0,448200.0,12,53600.0,0.4,0,6.5,Salaried,Graduate,RENT,Business,0
559,46700.0,0.0,30700.0,60,27000.0,0.36,0,0.5,Self-Employed,Not Graduate,RENT,Education,0
694,26800.0,78800.0,127700.0,60,7600.0,0.42,1,5.9,Self-Employed,Not Graduate,MORTGAGE,Education,0
570,15000.0,0.0,25100.0,240,3100.0,0.43,0,2.8,Salaried,Graduate,RENT,Vehicle,0
548,20300.0,0.0,65600.0,60,6300.0,0.06,0,16.3,Salaried,Post Graduate,OWN,Personal,0
652,21500.0,9400.0,123700.0,360,9400.0,0.55,0,7.7,Salaried,Graduate,RENT,Education,1
648,112100.0,52100.0,606500.0,180,0.0,0.13,3,14.2,Salaried,Post Graduate,RENT,Home,0
615,52500.0,26300.0,96800.0,360,27900.0,0.68,0,10.3,Self-Employed,Post Graduate,RENT,Home,0
630,61900.0,29500.0,252400.0,36,32900.0,0.61,0,13.1,Salaried,Graduate,MORTGAGE,Business,0
691,15000.0,11000.0,16100.0,24,4900.0,0.52,0,19.5,Self-Employed,Post Graduate,RENT,Personal,1
628,23900.0,18500.0,73900.0,120,1800.0,0.38,0,12.1,Salaried,Post Graduate,RENT,Personal,1
696,83500.0,23200.0,397300.0,120,33700.0,0.29,0,24.0,Self-Employed,Graduate,MORTGAGE,Home,1
657,58200.0,0.0,135400.0,36,4800.0,0.46,0,11.1,Salaried,Post Graduate,OWN,Personal,1
704,44900.0,22000.0,73600.0,120,13700.0,0.52,0,14.1,Unemployed,Graduate,OWN,Vehicle,0
764,68800.0,16000.0,191200.0,60,3900.0,0.44,0,6.3,Self-Employed,Graduate,MORTGAGE,Personal,1
761,130800.0,18200.0,192500.0,24,46200.0,0.48,0,0.9,Salaried,Graduate,MORTGAGE,Business,1
799,42900.0,0.0,88900.0,48,8200.0,0.31,0,0.5,Self-Employed,Graduate,OWN,Personal,1
761,51100.0,0.0,125300.0,240,25500.0,0.07,0,12.4,Self-Employed,Post Graduate,OWN,Business,1
710,55000.0,36500.0,173700.0,48,26400.0,0.23,0,5.6,Self-Employed,Graduate,MORTGAGE,Personal,1
653,205900.0,0.0,874600.0,120,123400.0,0.7,0,6.3,Salaried,Not Graduate,RENT,Personal,0
657,15000.0,6100.0,58000.0,12,2300.0,0.53,0,6.2,Unemployed,Graduate,MORTGAGE,Home,0
615,73900.0,0.0,286100.0,60,2700.0,0.49,4,4.7,Salaried,Graduate,MORTGAGE,Home,0
690,45800.0,17400.0,223900.0,240,12200.0,0.7,1,16.3,Salaried,Graduate,OWN,Education,0
749,68900.0,0.0,216700.0,48,3400.0,0.1,0,3.6,Salaried,Not Graduate,MORTGAGE,Education,1
628,33000.0,139100.0,428100.0,36,3500.0,0.88,0,10.4,Salaried,Post Graduate,RENT,Business,0
686,47600.0,0.0,24200.0,60,17100.0,0.69,0,10.4,Salaried,Graduate,MORTGAGE,Business,1
632,75100.0,105700.0,534100.0,240,26700.0,0.35,0,0.6,Self-Employed,Post Graduate,RENT,Home,0
707,317300.0,35800.0,679300.0,36,8200.0,0.17,1,10.9,Salaried,Graduate,OWN,Personal,1
643,79600.0,0.0,77300.0,48,21200.0,0.37,0,2.3,Self-Employed,Post Graduate,RENT,Personal,0
627,29500.0,32000.0,140100.0,36,9400.0,0.28,1,7.5,Salaried,Not Graduate,RENT,Personal,0
